no,name,name_raw,price_jpy,price_raw,tax_note,status,url,post_id,post_title,post_date,item_index,items_in_post,name_context
1,ミッシェルゴネ GCメニルスールオジェ ブランドブラン 15,ミッシェルゴネ　ＧＣメニルスールオジェ　ブランドブラン　１５,11550,"￥１１,５５０（税込）",税込,,http://charme-du-vin.com/2026/07/44366/,44366,ミッシェルゴネ　ＧＣメニルスールオジェ　ブランドブラン　１５,2026-07-23,1,1,
2,ローズドジャンヌ VV/23,ローズドジャンヌ　ⅤⅤ/２３,37400,￥３７，４００(税込),税込,,http://charme-du-vin.com/2026/07/44331/,44331,ローズドジャンヌ　VV/２３,2026-07-17,1,1,
3,ジャスティン エクストラブリュット 09,ジャスティン　エクストラブリュット　０９,28600,￥２８，６００(税込),税込,,http://charme-du-vin.com/2026/07/44291/,44291,ジャスティン　エクストラブリュット　０９,2026-07-15,1,1,
4,シャルルエドシック ブリュットレゼルヴ,シャルルエドシック　ブリュットレゼルヴ,7590,￥７，５９０(税込),税込,,http://charme-du-vin.com/2026/07/44261/,44261,シャルルエドシック　ブリュットレゼルヴ,2026-07-13,1,1,
5,レア シャンパーニュ ミレジム 08,レア　シャンパーニュ　ミレジム　０８,29700,￥２９，７００(税込),税込,,http://charme-du-vin.com/2026/07/44258/,44258,レア　シャンパーニュ　ミレジム　０８/ロゼ　０８,2026-07-13,1,2,
6,レア シャンパーニュ レア ロゼ 08,レア　シャンパーニュ　レア　ロゼ　０８,32450,￥３２，４５０(税込),税込,,http://charme-du-vin.com/2026/07/44258/,44258,レア　シャンパーニュ　ミレジム　０８/ロゼ　０８,2026-07-13,2,2,
7,パスカルアグラパール ヴェニュス ブリュットナチュール BB 19,パスカルアグラパール　ヴェニュス　ブリュットナチュール　ＢＢ　１９,45100,￥４５，１００(税込),税込,,http://charme-du-vin.com/2026/07/44179/,44179,パスカルアグラパール　ヴェニュス　ブリュットナチュール　ＢＢ　１９/ミネラル　ＥＸブリュット　ＢＢ　１９/アヴィゾワーズ　ＥＸブリュット　ＢＢ　１９,2026-07-08,1,3,
8,パスカルアグラパール ミネラル EXブリュット BB 19,パスカルアグラパール　ミネラル　ＥＸブリュット　ＢＢ　１９,23100,￥２３，１００(税込),税込,,http://charme-du-vin.com/2026/07/44179/,44179,パスカルアグラパール　ヴェニュス　ブリュットナチュール　ＢＢ　１９/ミネラル　ＥＸブリュット　ＢＢ　１９/アヴィゾワーズ　ＥＸブリュット　ＢＢ　１９,2026-07-08,2,3,
9,パスカルアグラパール アヴィゾワーズ EXブリュット BB 19,パスカルアグラパール　アヴィゾワーズ　ＥＸブリュット　ＢＢ　１９,29700,￥２９，７００(税込),税込,,http://charme-du-vin.com/2026/07/44179/,44179,パスカルアグラパール　ヴェニュス　ブリュットナチュール　ＢＢ　１９/ミネラル　ＥＸブリュット　ＢＢ　１９/アヴィゾワーズ　ＥＸブリュット　ＢＢ　１９,2026-07-08,3,3,
10,ノワック S.A サンザネ,ノワック　Ｓ．Ａ　サンザネ,8580,￥８，５８０(税込),税込,,http://charme-du-vin.com/2026/07/44052/,44052,ノワック　Ｓ．Ａ　サンザネ/オートレ　クリュ,2026-07-01,1,2,
11,ノワック オートレ クリュ,ノワック　オートレ　クリュ,9680,￥９，６８０(税込),税込,,http://charme-du-vin.com/2026/07/44052/,44052,ノワック　Ｓ．Ａ　サンザネ/オートレ　クリュ,2026-07-01,2,2,
12,ドゥーツ オマージュ ア ウィリアムドゥーツ ミュルテ 15,ドゥーツ　オマージュ　ア　ウィリアムドゥーツ　ミュルテ　１５,19800,￥１９，８００(税込),税込,,http://charme-du-vin.com/2026/07/44049/,44049,ドゥーツ　オマージュ　ア　ウィリアムドゥーツ　ミュルテ　１５,2026-07-01,1,1,
13,フィリッポナー クロデ ゴワセ 04,フィリッポナー　クロデ　ゴワセ　０４,44000,￥４４，０００(税込),税込,,http://charme-du-vin.com/2026/07/44038/,44038,フィリッポナー　クロデ　ゴワセ　０４/ミニエール　インフリューエンス　ブリュット,2026-07-01,1,2,
14,ミニエール インフリューエンス ブリュット,ミニエール　インフリューエンス　ブリュット,12650,￥１２，６５０(税込),税込,,http://charme-du-vin.com/2026/07/44038/,44038,フィリッポナー　クロデ　ゴワセ　０４/ミニエール　インフリューエンス　ブリュット,2026-07-01,2,2,
15,アンドレクルエ グランレゼルヴ 1.5L,アンドレクルエ　グランレゼルヴ　１．５Ｌ,13750,￥１３，７５０(税込),税込,,http://charme-du-vin.com/2026/06/43980/,43980,アンドレクルエ　グランレゼルヴ　１．５Ｌ/グランレゼルヴァ　ブリュット,2026-06-22,1,2,
16,アンドレクルエ グランレゼルヴァ ブリュット,アンドレクルエ　グランレゼルヴァ　ブリュット,6930,￥６，９３０(税込),税込,,http://charme-du-vin.com/2026/06/43980/,43980,アンドレクルエ　グランレゼルヴ　１．５Ｌ/グランレゼルヴァ　ブリュット,2026-06-22,2,2,
17,ラヴァルA&F ブリュットナチュール ブランドムニエ ユト プリウス,ラヴァルＡ＆Ｆ　ブリュットナチュール　ブランドムニエ　ユト　プリウス,8800,"￥８,８００（税込）",税込,,http://charme-du-vin.com/2026/06/43875/,43875,ラヴァルＡ＆Ｆ　ブリュットナチュール　ブランドムニエ　ユト　プリウス  /  ブリュットナチュール　ブランドノワール　シンポジウム,2026-06-12,1,2,
18,ラヴァルA&F ブリュットナチュール ブランドノワール シンポジウム,ラヴァルＡ＆Ｆ　ブリュットナチュール　ブランドノワール　シンポジウム,8580,"￥８,５８０（税込）",税込,,http://charme-du-vin.com/2026/06/43875/,43875,ラヴァルＡ＆Ｆ　ブリュットナチュール　ブランドムニエ　ユト　プリウス  /  ブリュットナチュール　ブランドノワール　シンポジウム,2026-06-12,2,2,
19,ドレモン エフェメール 026 1ER 2019 ブランドブラン,ドレモン　エフェメール　０２６　１ＥＲ　２０１９　ブランドブラン,10780,"￥１０,７８０（税込）",税込,,http://charme-du-vin.com/2026/06/43873/,43873,ドレモン　エフェメール　０２６　１ＥＲ　２０１９　ブランドブラン,2026-06-12,1,1,
20,サロン 02 1500ml,サロン　０２　１５００ｍｌ,324500,￥３２４，５００(税込),税込,,http://charme-du-vin.com/2026/06/43832/,43832,サロン　０２　１５００ｍｌ,2026-06-10,1,1,
21,サロン 99 1500ml,サロン　９９　１５００ｍｌ,341000,￥３４１，０００(税込),税込,,http://charme-du-vin.com/2026/06/43822/,43822,サロン　９９　１５００ｍｌ/０６　７５０ｍｌ,2026-06-10,1,2,
22,サロン 06 750ml,サロン　０６　７５０ｍｌ,187000,￥１８７，０００(税込),税込,,http://charme-du-vin.com/2026/06/43822/,43822,サロン　９９　１５００ｍｌ/０６　７５０ｍｌ,2026-06-10,2,2,
23,テタンジェ コントドシャンパーニュ 14,テタンジェ　コントドシャンパーニュ　１４,28600,￥２８，６００(税込),税込,,http://charme-du-vin.com/2026/06/43774/,43774,テタンジェ　コントドシャンパーニュ　１４,2026-06-05,1,1,
24,シャルルエドシック コレクション クレイエール ブランデミレネール 96,シャルルエドシック　コレクション　クレイエール　ブランデミレネール　９６,104500,￥１０４，５００(税込),税込,,http://charme-du-vin.com/2026/06/43674/,43674,シャルルエドシック　コレクション　クレイエール　ブランデミレネール　９６,2026-06-01,1,1,
25,ボランジェ グランダネ 18,ボランジェ　グランダネ　１８,25300,￥２５，３００(税込),税込,,http://charme-du-vin.com/2026/06/43670/,43670,ボランジェ　グランダネ　１８,2026-06-01,1,1,
26,シャルルエドシック ラコレクション クレイエール ミレジム 1990,シャルルエドシック　ラコレクション　クレイエール　ミレジム　１９９０,242000,￥２４２，０００(税込),税込,,http://charme-du-vin.com/2026/06/43665/,43665,シャルルエドシック　ラコレクション　クレイエール　ミレジム　１９９０,2026-06-01,1,1,
27,レア シャンパーニュ コレクション レア 2008+レア ロゼ 2008,レア　シャンパーニュ　コレクション　レア　２００８＋レア　ロゼ　２００８,94600,￥９４，６００(税込),税込,,http://charme-du-vin.com/2026/06/43650/,43650,レア　シャンパーニュ　コレクション　レア　２００８＋レア　ロゼ　２００８,2026-06-01,1,1,
28,サロン 04 1500ml,サロン　０４　１５００ｍｌ,319000,￥３１９，０００(税込),税込,,http://charme-du-vin.com/2026/05/43584/,43584,サロン　０４　１５００ｍｌ,2026-05-25,1,1,
29,ピエールモンキュイ クールメBB 1.5L,ピエールモンキュイ　クールメＢＢ　１．５Ｌ,14300,￥１４，３００(税込),税込,,http://charme-du-vin.com/2026/05/43503/,43503,ピエールモンキュイ　クールメＢＢ　１．５Ｌ,2026-05-18,1,1,
30,ヴァルニエファニエール ブリュット GC 1.5L,ヴァルニエファニエール　ブリュット　ＧＣ　１．５Ｌ,13200,￥１３，２００(税込),税込,,http://charme-du-vin.com/2026/05/43497/,43497,ヴァルニエファニエール　ブリュット　ＧＣ　１．５Ｌ,2026-05-18,1,1,
31,ジャックラセーヌ レヴィーニュドモングー BB,ジャックラセーヌ　レヴィーニュドモングー　ＢＢ,9240,"￥９,２４０（税込）",税込,,http://charme-du-vin.com/2026/05/43467/,43467,ジャックラセーヌ　レヴィーニュドモングー　ＢＢ,2026-05-14,1,1,
32,ランソン ノーブルキュヴェ 2004,ランソン　ノーブルキュヴェ　２００４,23100,"￥２３,１００（税込）",税込,,http://charme-du-vin.com/2026/05/43465/,43465,ランソン　ノーブルキュヴェ　２００４,2026-05-14,1,1,
33,ドレモン エメフェール 022 ブランドブラン 1ER 18,ドレモン　エメフェール　０２２　ブランドブラン　１ＥＲ　１８,10780,"￥１０,７８０（税込）",税込,,http://charme-du-vin.com/2026/05/43451/,43451,ドレモン　エメフェール　０２２　ブランドブラン　１ＥＲ　１８,2026-05-14,1,1,
34,ギィドサンフラヴィ 1.5L,ギィドサンフラヴィ　１．５Ｌ,9680,"￥９,６８０（税込）",税込,,http://charme-du-vin.com/2026/05/43448/,43448,ギィドサンフラヴィ　１．５Ｌ　/　ギィドサンフラヴィ　ロゼ,2026-05-14,1,2,
35,ギィドサンフラヴィ ロゼ,ギィドサンフラヴィ　ロゼ,4950,"￥４,９５０（税込）",税込,,http://charme-du-vin.com/2026/05/43448/,43448,ギィドサンフラヴィ　１．５Ｌ　/　ギィドサンフラヴィ　ロゼ,2026-05-14,2,2,
36,ピエールジモネ スペシャルクラブ 2016,ピエールジモネ　スペシャルクラブ　２０１６,15400,￥１５，４００(税込),税込,,http://charme-du-vin.com/2026/05/43399/,43399,ピエールジモネ　スペシャルクラブ　２０１６,2026-05-11,1,1,
37,ボランジェ グランダネ 04,ボランジェ　グランダネ　０４,31900,￥３１，９００(税込),税込,,http://charme-du-vin.com/2026/05/43359/,43359,ボランジェ　グランダネ　０４/ジェロームプレヴォー　ラクロズリー　ＥＸブリュ,2026-05-09,1,2,
38,ジェロームプレヴォー ラクロズリー EXブリュ,ジェロームプレヴォー　ラクロズリー　ＥＸブリュ,43780,￥４３，７８０(税込),税込,,http://charme-du-vin.com/2026/05/43359/,43359,ボランジェ　グランダネ　０４/ジェロームプレヴォー　ラクロズリー　ＥＸブリュ,2026-05-09,2,2,
39,クリュッグ ヴィンテージ 13,クリュッグ　ヴィンテージ　１３,51700,￥５１，７００(税込),税込,,http://charme-du-vin.com/2026/04/43326/,43326,クリュッグ　ヴィンテージ　１３,2026-04-30,1,1,
40,フィリッポナー クロデ ゴワセ 09,フィリッポナー　クロデ　ゴワセ　０９,41800,￥４１，８００(税込),税込,,http://charme-du-vin.com/2026/04/43311/,43311,フィリッポナー　クロデ　ゴワセ　０９,2026-04-27,1,1,
41,アンリジロー フュドシェーンヌ MV20,アンリジロー　フュドシェーンヌ　ＭＶ２０,30800,￥３０，８００(税込),税込,,http://charme-du-vin.com/2026/04/43278/,43278,アンリジロー　フュドシェーンヌ　ＭＶ２０/テタンジェ　ＦＩＦＡワールドカップ　ブリュットレゼルヴ,2026-04-24,1,2,
42,テタンジェ FIFAワールドカップ ブリュットレゼルヴ,テタンジェ　ＦＩＦＡワールドカップ　ブリュットレゼルヴ,9460,￥９，４６０(税込),税込,,http://charme-du-vin.com/2026/04/43278/,43278,アンリジロー　フュドシェーンヌ　ＭＶ２０/テタンジェ　ＦＩＦＡワールドカップ　ブリュットレゼルヴ,2026-04-24,2,2,
43,ニコラフィアット パルムドール 08,ニコラフィアット　パルムドール　０８,20900,￥２０，９００(税込),税込,,http://charme-du-vin.com/2026/04/43219/,43219,ニコラフィアット　パルムドール　０８,2026-04-18,1,1,
44,エグリウーリエ エクストラブリュット グランクリュ VP,エグリウーリエ　エクストラブリュット　グランクリュ　ⅤＰ,28600,￥２８，６００(税込),税込,,http://charme-du-vin.com/2026/04/43145/,43145,エグリウーリエ　エクストラブリュット　グランクリュ　ⅤＰ,2026-04-10,1,1,
45,ボランジェ R.D 08,ボランジェ　Ｒ．Ｄ　０８,47300,￥４７，３００(税込),税込,,http://charme-du-vin.com/2026/04/43142/,43142,ボランジェ　Ｒ．Ｄ　０８,2026-04-10,1,1,
46,レア シャンパーニュ ミレジム 13,レア　シャンパーニュ　ミレジム　１３,25300,￥２５，３００「(税込),税込,,http://charme-du-vin.com/2026/04/43133/,43133,レア　シャンパーニュ　ミレジム　１３,2026-04-10,1,1,
47,ルナールバルニエ パルファン ディノサンス,ルナールバルニエ　パルファン　ディノサンス,4620,￥４，６２０(税込),税込,,http://charme-du-vin.com/2026/03/42953/,42953,ルナールバルニエ　パルファン　ディノサンス,2026-03-31,1,1,
48,07 750ml×2 04 750ml×2 06 750ml×2,０７　７５０ｍｌ×２　０４　７５０ｍｌ×２　０６　７５０ｍｌ×２,1500000,￥１，５００，０００(税込),税込,,http://charme-du-vin.com/2026/03/42935/,42935,サロン　アソート,2026-03-26,1,1,サロン　０８　１５００ｍｌ×１　| ０７　７５０ｍｌ×２　| ０４　７５０ｍｌ×２　| ０６　７５０ｍｌ×２
49,ポールロジェ ブリュット ヴィンテージ 18,ポールロジェ　ブリュット　ヴィンテージ　１８,12980,￥１２，９８０(税込),税込,,http://charme-du-vin.com/2026/03/42883/,42883,ポールロジェ　ブリュット　ヴィンテージ　１８,2026-03-16,1,1,
50,アヤラ ブリュット マジュール,アヤラ　ブリュット　マジュール,5830,￥５，８３０(税込),税込,,http://charme-du-vin.com/2026/03/42845/,42845,アヤラ　ブリュット　マジュール/ナチュール,2026-03-12,1,2,
51,アヤラ ブリュット ナチュール,アヤラ　ブリュット　ナチュール,6160,￥６，１６０(税込),税込,,http://charme-du-vin.com/2026/03/42845/,42845,アヤラ　ブリュット　マジュール/ナチュール,2026-03-12,2,2,
52,アヤラ ロゼ マジュール,アヤラ　ロゼ　マジュール,7260,￥７，２６０(税込),税込,,http://charme-du-vin.com/2026/03/42786/,42786,アヤラ　ロゼ　マジュール,2026-03-09,1,1,
53,アルーシェリーペルスヴァル トラディション ブランドノワール,アルーシェリーペルスヴァル　トラディション　ブランドノワール,6160,"￥６,１６０（税込）",税込,,http://charme-du-vin.com/2026/02/42674/,42674,ＳＡＬＥ！　アルーシェリーペルスヴァル　トラディション　ブランドノワール,2026-02-26,1,1,★ＳＡＬＥ！★　| アルーシェリーペルスヴァル　トラディション　ブランドノワール
54,ドゥロング テル オリジナル,ドゥロング　テル　オリジナル,5940,"￥５,９４０（税込）",税込,,http://charme-du-vin.com/2026/02/42672/,42672,ＳＡＬＥ！　ドゥロング　テル　オリジナル,2026-02-26,1,1,★ＳＡＬＥ！★　| ドゥロング　テル　オリジナル
55,ダヴィドクートラ キュヴェトラディション,ダヴィドクートラ　キュヴェトラディション,5940,"￥５,９４０（税込）",税込,,http://charme-du-vin.com/2026/02/42670/,42670,ＳＡＬＥ！　ダヴィドクートラ　キュヴェトラディション,2026-02-26,1,1,★ＳＡＬＥ！★　| ダヴィドクートラ　キュヴェトラディション
56,セロスパジョン スーヴニール ブリュット,セロスパジョン　スーヴニール　ブリュット,6270,"￥６,２７０（税込）",税込,,http://charme-du-vin.com/2026/02/42667/,42667,ＳＡＬＥ！　セロスパジョン　スーヴニール　ブリュット,2026-02-26,1,1,★ＳＡＬＥ！！★　| セロスパジョン　スーヴニール　ブリュット
57,エミーユ ルクレール ブランドブラン ブリュット,エミーユ　ルクレール　ブランドブラン　ブリュット,5610,"￥５,６１０（税込）",税込,,http://charme-du-vin.com/2026/02/42665/,42665,ＳＡＬＥ！　エミーユ　ルクレール　ブランドブラン　ブリュット,2026-02-26,1,1,★ＳＡＬＥ！！★　| エミーユ　ルクレール　ブランドブラン　ブリュット
58,ロベールバルビション ブランドノワール,ロベールバルビション　ブランドノワール,5940,"￥５,９４０（税込）",税込,,http://charme-du-vin.com/2026/02/42663/,42663,ＳＡＬＥ！　ロベールバルビション　ブランドノワール　/ レゼルヴ　４セパージュ,2026-02-26,1,2,★ＳＡＬＥ！！★　| ロベールバルビション　ブランドノワール
59,ロベールバルビション レゼルヴ 4セパージュ,ロベールバルビション　レゼルヴ　４セパージュ,6050,"￥６,０５０（税込）",税込,,http://charme-du-vin.com/2026/02/42663/,42663,ＳＡＬＥ！　ロベールバルビション　ブランドノワール　/ レゼルヴ　４セパージュ,2026-02-26,2,2,
60,ブノワライエ ブリュットナチュール GC,ブノワライエ　ブリュットナチュール　ＧＣ,12650,￥１２，６５０(税込),税込,,http://charme-du-vin.com/2026/02/42591/,42591,ブノワライエ　ブリュットナチュール　ＧＣ,2026-02-21,1,1,
61,ローズドジャンヌ HL/R20 オートランブレ BB,ローズドジャンヌ　ＨＬ/Ｒ２０　オートランブレ　ＢＢ,57200,￥５７，２００(税込),税込,,http://charme-du-vin.com/2026/02/42547/,42547,ローズドジャンヌ　ＨＬ/Ｒ２０　オートランブレ　ＢＢ,2026-02-16,1,1,
62,サロン 04 750ml,サロン　０４　７５０ｍｌ,187000,￥１８７，０００(税込),税込,,http://charme-du-vin.com/2026/02/42525/,42525,サロン　０４　７５０ｍｌ/０６　７５０ｍｌ,2026-02-12,1,2,
63,サロン 06 750ml,サロン　０６　７５０ｍｌ,181500,￥１８１，５００(税込),税込,,http://charme-du-vin.com/2026/02/42525/,42525,サロン　０４　７５０ｍｌ/０６　７５０ｍｌ,2026-02-12,2,2,
64,サロン 02 1500ml,サロン　０２　１５００ｍｌ,330000,￥３３０，０００(税込),税込,,http://charme-du-vin.com/2026/02/42491/,42491,サロン　０２　１５００ｍｌ,2026-02-05,1,1,
65,シャトードブリニー グランレゼルヴ ブリュット,シャトードブリニー　グランレゼルヴ　ブリュット,2530,￥２，５３０(税込),税込,,http://charme-du-vin.com/2026/01/42413/,42413,シャトードブリニー　グランレゼルヴ　ブリュット/ロゼ　ブリュット,2026-01-31,1,2,
66,シャトードブリニー グランロゼ ブリュット,シャトードブリニー　グランロゼ　ブリュット,2640,￥２，６４０(税込),税込,,http://charme-du-vin.com/2026/01/42413/,42413,シャトードブリニー　グランレゼルヴ　ブリュット/ロゼ　ブリュット,2026-01-31,2,2,
67,ロベールモンキュイ レゼルヴ ペルペチュール EXブリュット,ロベールモンキュイ　レゼルヴ　ペルペチュール　ＥＸブリュット,13200,"￥１３,２００（税込）",税込,,http://charme-du-vin.com/2026/01/42332/,42332,ロベールモンキュイ　レゼルヴ　ペルペチュール　ＥＸブリュット,2026-01-23,1,1,
68,ヴァニエルファニエール ブリュット GC 1.5L,ヴァニエルファニエール　ブリュット　ＧＣ　１．５Ｌ,12980,"￥１２,９８０（税込）",税込,,http://charme-du-vin.com/2026/01/42330/,42330,ヴァニエルファニエール　ブリュット　ＧＣ　１．５Ｌ　/　ブリュット　ゼロ　ＧＣ　/　ＧＣ　キュヴェサンドニ,2026-01-23,1,3,
69,ヴァニエルファニエール ブリュット ゼロ GC,ヴァニエルファニエール　ブリュット　ゼロ　ＧＣ,6930,"￥６,９３０（税込）",税込,,http://charme-du-vin.com/2026/01/42330/,42330,ヴァニエルファニエール　ブリュット　ＧＣ　１．５Ｌ　/　ブリュット　ゼロ　ＧＣ　/　ＧＣ　キュヴェサンドニ,2026-01-23,2,3,
70,ヴァニエルファニエール GC キュヴェサンドニ,ヴァニエルファニエール　ＧＣ　キュヴェサンドニ,8250,"￥８,２５０（税込）",税込,,http://charme-du-vin.com/2026/01/42330/,42330,ヴァニエルファニエール　ブリュット　ＧＣ　１．５Ｌ　/　ブリュット　ゼロ　ＧＣ　/　ＧＣ　キュヴェサンドニ,2026-01-23,3,3,
71,クリュッグ ヴィンテージ 11 箱入り,クリュッグ　ヴィンテージ　１１　箱入り,53900,￥５３，９００(税込),税込,,http://charme-du-vin.com/2026/01/42211/,42211,クリュッグ　ヴィンテージ　１１　箱入り,2026-01-15,1,1,
72,アンドレクルエ ドリームヴィンテージ 2018,アンドレクルエ　ドリームヴィンテージ　２０１８,7700,"￥７,７００（税込）",税込,,http://charme-du-vin.com/2026/01/42185/,42185,アンドレクルエ　ドリームヴィンテージ　２０１８ / シルヴァー　ブリュット / グランレゼルヴァ　ブリュット,2026-01-09,1,3,
73,アンドレクルエ シルヴァー ブリュット,アンドレクルエ　シルヴァー　ブリュット,6050,"￥６,０５０（税込）",税込,,http://charme-du-vin.com/2026/01/42185/,42185,アンドレクルエ　ドリームヴィンテージ　２０１８ / シルヴァー　ブリュット / グランレゼルヴァ　ブリュット,2026-01-09,2,3,
74,アンドレクルエ グランレゼルヴァ ブリュット,アンドレクルエ　グランレゼルヴァ　ブリュット,6050,"￥６,０５０（税込）",税込,,http://charme-du-vin.com/2026/01/42185/,42185,アンドレクルエ　ドリームヴィンテージ　２０１８ / シルヴァー　ブリュット / グランレゼルヴァ　ブリュット,2026-01-09,3,3,
75,ドレモント エフェメール 022 ブランドブラン 1ER ラベル不良,ドレモント　エフェメール　０２２　ブランドブラン　１ＥＲ　ラベル不良,10780,￥１０，７８０(税込),税込,,http://charme-du-vin.com/2025/12/42094/,42094,ドレモント　エフェメール　０２２　ブランドブラン　１ＥＲ　ラベル不良/ゾエミドスーザ　ブリュットデジラブル　ラベル不良,2025-12-27,1,2,
76,ゾエミドスーザ ブリュットデジラブル ラベル不良,ゾエミドスーザ　ブリュットデジラブル　ラベル不良,9350,￥９，３５０(税込),税込,,http://charme-du-vin.com/2025/12/42094/,42094,ドレモント　エフェメール　０２２　ブランドブラン　１ＥＲ　ラベル不良/ゾエミドスーザ　ブリュットデジラブル　ラベル不良,2025-12-27,2,2,
77,アヤラ ブランドブラン 15 ラベル不良,アヤラ　ブランドブラン　１５　ラベル不良,7920,￥７，９２０(税込),税込,,http://charme-du-vin.com/2025/12/42090/,42090,アヤラ　ブランドブラン　１５　ラベル不良/ブリュットマジュール　ラベル不良/ブリュットナチュール　ラベル不良,2025-12-27,1,3,
78,アヤラ ブリュットマジュール ラベル不良,アヤラ　ブリュットマジュール　ラベル不良,5390,￥５，３９０(税込),税込,,http://charme-du-vin.com/2025/12/42090/,42090,アヤラ　ブランドブラン　１５　ラベル不良/ブリュットマジュール　ラベル不良/ブリュットナチュール　ラベル不良,2025-12-27,2,3,
79,アヤラ ブリュットナチュール ラベル不良,アヤラ　ブリュットナチュール　ラベル不良,5390,￥５，３９０(税込),税込,,http://charme-du-vin.com/2025/12/42090/,42090,アヤラ　ブランドブラン　１５　ラベル不良/ブリュットマジュール　ラベル不良/ブリュットナチュール　ラベル不良,2025-12-27,3,3,
80,ポールベルトロー キュヴェリザーヴ ラベル不良,ポールベルトロー　キュヴェリザーヴ　ラベル不良,4400,￥４，４００(税込),税込,,http://charme-du-vin.com/2025/12/42087/,42087,ポールベルトロー　キュヴェリザーヴ　ラベル不良/シャルルコラン　ブリュット　ラベル不良,2025-12-27,1,2,
81,シャルルコラン ブリュット ラベル不良,シャルルコラン　ブリュット　ラベル不良,4180,￥４，１８０(税込),税込,,http://charme-du-vin.com/2025/12/42087/,42087,ポールベルトロー　キュヴェリザーヴ　ラベル不良/シャルルコラン　ブリュット　ラベル不良,2025-12-27,2,2,
82,ペリエジュエ ベルエポック 16,ペリエジュエ　ベルエポック　１６,25300,￥２５，３００(税込),税込,,http://charme-du-vin.com/2025/12/42076/,42076,ペリエジュエ　ベルエポック　１６,2025-12-27,1,1,
83,ミッシェルゴネ クールドメニル ブランドブラン 10,ミッシェルゴネ　クールドメニル　ブランドブラン　１０,14300,￥１４，３００(税込),税込,,http://charme-du-vin.com/2025/12/42054/,42054,ミッシェルゴネ　クールドメニル　ブランドブラン　１０,2025-12-24,1,1,
84,サロン 13 1500ml,サロン　１３　１５００ｍｌ,286000,￥２８６，０００(税込),税込,,http://charme-du-vin.com/2025/11/41648/,41648,サロン　１３　１５００ｍｌ,2025-11-27,1,1,
85,ニコラフィアット パルムドール 08,ニコラフィアット　パルムドール　０８,20900,￥２０，９００(税込),税込,,http://charme-du-vin.com/2025/11/41613/,41613,ニコラフィアット　パルムドール　０８,2025-11-22,1,1,
86,ピエールジモネ エノフィーユBB ノンドゼ 18,ピエールジモネ　エノフィーユＢＢ　ノンドゼ　１８,10780,￥１０，７８０(税込),税込,,http://charme-du-vin.com/2025/11/41562/,41562,ピエールジモネ　エノフィーユＢＢ　ノンドゼ　１８,2025-11-15,1,1,
87,アンドレクルエ ミレジム 08,アンドレクルエ　ミレジム　０８,12650,￥１２，６５０(税込),税込,,http://charme-du-vin.com/2025/11/41559/,41559,アンドレクルエ　ミレジム　０８,2025-11-15,1,1,
88,エグリウーリエ ブリュット ミレジメ 08,エグリウーリエ　ブリュット　ミレジメ　０８,170500,￥１７０，５００(税込),税込,,http://charme-du-vin.com/2025/11/41552/,41552,エグリウーリエ　ブリュット　ミレジメ　０８,2025-11-15,1,1,
89,ドントグルレ ロックソラーレ EXブリュット,ドントグルレ　ロックソラーレ　ＥＸブリュット,13200,￥１３，２００(税込),税込,,http://charme-du-vin.com/2025/11/41505/,41505,ドントグルレ　ロックソラーレ　ＥＸブリュット/ミニョンブラール　エスプリナチューレ　ドサージュゼロ,2025-11-13,1,2,
90,ミニョンブラール エスプリナチューレ ドサージュゼロ,ミニョンブラール　エスプリナチューレ　ドサージュゼロ,6050,￥６，０５０(税込),税込,,http://charme-du-vin.com/2025/11/41505/,41505,ドントグルレ　ロックソラーレ　ＥＸブリュット/ミニョンブラール　エスプリナチューレ　ドサージュゼロ,2025-11-13,2,2,
91,アドリアンルノワール レ テロワール GC ピノノワール シャルドネ,アドリアンルノワール　レ　テロワール　GC　ピノノワール　シャルドネ,12100,￥１２，１００(税込),税込,,http://charme-du-vin.com/2025/11/41474/,41474,アドリアンルノワール　レ　テロワール　GC　ピノノワール　シャルドネ/ザネ　ソレラ　GC　ピノノワール,2025-11-10,1,2,
92,アドリアンルノワール レ ザネ ソレラ GC ピノノワール,アドリアンルノワール　レ　ザネ　ソレラ　GC　ピノノワール,29700,￥２９，７００(税込),税込,,http://charme-du-vin.com/2025/11/41474/,41474,アドリアンルノワール　レ　テロワール　GC　ピノノワール　シャルドネ/ザネ　ソレラ　GC　ピノノワール,2025-11-10,2,2,
93,アドリアンルノワール レ モンタン GC シャルドネ 2020,アドリアンルノワール　レ　モンタン　GC　シャルドネ　２０２０,25300,￥２５，３００(税込),税込,,http://charme-du-vin.com/2025/11/41461/,41461,アドリアンルノワール　レ　モンタン　GC　シャルドネ　２０２０/セパージュ　GC　ピノノワール,2025-11-10,1,2,
94,アドリアンルノワール レ セパージュ GC ピノノワール,アドリアンルノワール　レ　セパージュ　GC　ピノノワール,13200,￥１３，２００(税込),税込,,http://charme-du-vin.com/2025/11/41461/,41461,アドリアンルノワール　レ　モンタン　GC　シャルドネ　２０２０/セパージュ　GC　ピノノワール,2025-11-10,2,2,
95,ストラディバリウス ブリュット 09,ストラディバリウス　ブリュット　０９,7260,￥７，２６０(税込),税込,,http://charme-du-vin.com/2025/11/41396/,41396,ストラディバリウス　ブリュット　０９,2025-11-05,1,1,
96,ドゥーツ オマージュ ア ウィリアムドゥーツ ミュルテ 15,ドゥーツ　オマージュ　ア　ウィリアムドゥーツ　ミュルテ　１５,19800,￥１９，８００(税込),税込,,http://charme-du-vin.com/2025/11/41393/,41393,ドゥーツ　オマージュ　ア　ウィリアムドゥーツ　ミュルテ　１５,2025-11-04,1,1,
97,ボランジェ R.D 02,ボランジェ　R．D　０２,46200,￥４６，２００(税込),税込,,http://charme-du-vin.com/2025/11/41388/,41388,ボランジェ　R．D　０２/０７,2025-11-04,1,2,
98,ボランジェ R.D 07,ボランジェ　R．D　０７,37400,￥３７，４００(税込),税込,,http://charme-du-vin.com/2025/11/41388/,41388,ボランジェ　R．D　０２/０７,2025-11-04,2,2,
99,レア シャンパーニュ ミレジム 13,レア　シャンパーニュ　ミレジム　１３,24200,￥２４，２００(税込),税込,,http://charme-du-vin.com/2025/11/41366/,41366,レア　シャンパーニュ　ミレジム　１３,2025-11-01,1,1,
100,ジェロームプレヴォー ラ クロズリー EXブリュ,ジェロームプレヴォー　ラ　クロズリー　ＥＸブリュ,42900,￥４２，９００(税込),税込,,http://charme-du-vin.com/2025/11/41355/,41355,ジェロームプレヴォー　ラ　クロズリー　ＥＸブリュ,2025-11-01,1,1,
101,ビルカールサルモン キュヴェ ニコラフランソワ 08,ビルカールサルモン　キュヴェ　ニコラフランソワ　０８,35200,￥３５，２００(税込),税込,,http://charme-du-vin.com/2025/10/41222/,41222,ビルカールサルモン　キュヴェ　ニコラフランソワ　０８/ジャクソン　キュヴェ　７４２　デゴルジュマンタルディフ,2025-10-18,1,2,
102,ジャクソン キュヴェ 742 デゴルジュマンタルディフ,ジャクソン　キュヴェ　７４２　デゴルジュマンタルディフ,27500,￥２７，５００(税込),税込,,http://charme-du-vin.com/2025/10/41222/,41222,ビルカールサルモン　キュヴェ　ニコラフランソワ　０８/ジャクソン　キュヴェ　７４２　デゴルジュマンタルディフ,2025-10-18,2,2,
103,ジェロームプレヴォー ラクロズリー ファクシミル EXブリュ ロゼ,ジェロームプレヴォー　ラクロズリー　ファクシミル　ＥＸブリュ　ロゼ,143000,￥１４３，０００(税込),税込,,http://charme-du-vin.com/2025/10/41212/,41212,ジェロームプレヴォー　ラクロズリー　ファクシミル　ＥＸブリュ　ロゼ/ボランジェ　グランダネ　０４,2025-10-18,1,2,
104,ボランジェ グランダネ 04,ボランジェ　グランダネ　０４,34100,￥３４，１００(税込),税込,,http://charme-du-vin.com/2025/10/41212/,41212,ジェロームプレヴォー　ラクロズリー　ファクシミル　ＥＸブリュ　ロゼ/ボランジェ　グランダネ　０４,2025-10-18,2,2,
105,サロン 2007 750ml,サロン　２００７　７５０ｍｌ,176000,￥１７６，０００(税込),税込,,http://charme-du-vin.com/2025/10/41164/,41164,サロン　２００７　７５０ｍｌ,2025-10-10,1,1,
106,アヤラ ブリュット マジュール,アヤラ　ブリュット　マジュール,5830,￥５，８３０(税込),税込,,http://charme-du-vin.com/2025/10/41139/,41139,アヤラ　ブリュット　マジュール/ロゼ　マジュール,2025-10-09,1,2,
107,アヤラ ブリュット ロゼ マジュール,アヤラ　ブリュット　ロゼ　マジュール,7260,￥７，２６０(税込),税込,,http://charme-du-vin.com/2025/10/41139/,41139,アヤラ　ブリュット　マジュール/ロゼ　マジュール,2025-10-09,2,2,
108,ティエノ ブリュット ヴィンテージ 12 ※旧ラベル,ティエノ　ブリュット　ヴィンテージ　１２　※旧ラベル,9350,￥９．３５０(税込),税込,,http://charme-du-vin.com/2025/10/41084/,41084,ティエノ　ブリュット　ヴィンテージ　１２　※旧ラベル/ロゼ　※旧ラベル,2025-10-03,1,2,
109,ティエノ ブリュット ロゼ ※旧ラベル,ティエノ　ブリュット　ロゼ　※旧ラベル,7700,￥７，７００(税込),税込,,http://charme-du-vin.com/2025/10/41084/,41084,ティエノ　ブリュット　ヴィンテージ　１２　※旧ラベル/ロゼ　※旧ラベル,2025-10-03,2,2,
110,パルメ ブリュットレゼルヴ,パルメ　ブリュットレゼルヴ,5390,￥５，３９０(税込),税込,,http://charme-du-vin.com/2025/10/41001/,41001,パルメ　ブリュットレゼルヴ/ブランドブラン　２０１８,2025-10-01,1,2,
111,パルメ ブランドブラン 2018,パルメ　ブランドブラン　２０１８,10120,￥１０，１２０(税込),税込,,http://charme-du-vin.com/2025/10/41001/,41001,パルメ　ブリュットレゼルヴ/ブランドブラン　２０１８,2025-10-01,2,2,
112,ボランジェ PN VZ 16,ボランジェ　ＰＮ　ＶＺ　１６,9900,"￥９,９００（税込）",税込,,http://charme-du-vin.com/2025/09/40980/,40980,★ＳＡＬＥ★　ボランジェ　ＰＮ　ＶＺ　１６,2025-09-27,1,1,★ＳＡＬＥ★　| ボランジェ　ＰＮ　ＶＺ　１６
113,ニコラフィアット パルムドール 2008,ニコラフィアット　パルムドール　２００８,16500,"￥１６,５００（税込）",税込,,http://charme-du-vin.com/2025/09/40978/,40978,★ＳＡＬＥ★　ニコラフィアット　パルムドール　２００８,2025-09-27,1,1,★ＳＡＬＥ★　| ニコラフィアット　パルムドール　２００８
114,ランソン ブリュット ヴィンテージ 2009,ランソン　ブリュット　ヴィンテージ　２００９,7150,"￥７,１５０（税込）",税込,,http://charme-du-vin.com/2025/09/40976/,40976,★ＳＡＬＥ★　ランソン　ブリュット　ヴィンテージ　２００９　/　ノーブルキュヴェ　ブランドブラン　２０００,2025-09-27,1,2,★ＳＡＬＥ★　| ランソン　ブリュット　ヴィンテージ　２００９
115,ランソン ノーブルキュヴェ ブランドブラン 2000,ランソン　ノーブルキュヴェ　ブランドブラン　２０００,13200,"￥１３,２００（税込）",税込,,http://charme-du-vin.com/2025/09/40976/,40976,★ＳＡＬＥ★　ランソン　ブリュット　ヴィンテージ　２００９　/　ノーブルキュヴェ　ブランドブラン　２０００,2025-09-27,2,2,
116,ドンルイナール ブランドブラン EXブリュット 2010,ドンルイナール　ブランドブラン　ＥＸブリュット　２０１０,27500,"￥２７,５００（税込）",税込,,http://charme-du-vin.com/2025/09/40969/,40969,★ＳＡＬＥ★　ドンルイナール　ブランドブラン　ＥＸブリュット　２０１０　/　ブランドブラン　２００７,2025-09-27,1,2,★ＳＡＬＥ！！★　| ドンルイナール　ブランドブラン　ＥＸブリュット　２０１０
117,ドンルイナール ブランドブラン 2007,ドンルイナール　ブランドブラン　２００７,26400,"￥２６,４００（税込）",税込,,http://charme-du-vin.com/2025/09/40969/,40969,★ＳＡＬＥ★　ドンルイナール　ブランドブラン　ＥＸブリュット　２０１０　/　ブランドブラン　２００７,2025-09-27,2,2,
118,パイパーエドシック ブリュット 750ml,パイパーエドシック　ブリュット　７５０ｍｌ,5390,￥５，３９０(税込),税込,,http://charme-du-vin.com/2025/09/40895/,40895,パイパーエドシック　ブリュット　７５０ｍｌ,2025-09-22,1,1,
119,サロン 15,サロン　１５,149600,￥１４９，６００(税込),税込,,http://charme-du-vin.com/2025/09/40795/,40795,サロン　１５,2025-09-12,1,1,
120,テタンジェ コントドシャンパーニュ 05,テタンジェ　コントドシャンパーニュ　０５,31900,￥３１，９００(税込),税込,,http://charme-du-vin.com/2025/09/40704/,40704,テタンジェ　コントドシャンパーニュ　０５/ルイロデレール　ブリュットナチュール　１５,2025-09-05,1,2,
121,ルイロデレール ブリュットナチュール 15,ルイロデレール　ブリュットナチュール　１５,15950,￥１５，９５０(税込),税込,,http://charme-du-vin.com/2025/09/40704/,40704,テタンジェ　コントドシャンパーニュ　０５/ルイロデレール　ブリュットナチュール　１５,2025-09-05,2,2,
122,ヴァンサンクーシュ クロエ エキストラブリュ,ヴァンサンクーシュ　クロエ　エキストラブリュ,7040,￥７，０４０(税込),税込,,http://charme-du-vin.com/2025/09/40680/,40680,ヴァンサンクーシュ　クロエ　エキストラブリュ,2025-09-04,1,1,
123,アンリジロー パーペチュアルリザーヴ PR20/90,アンリジロー　パーペチュアルリザーヴ　ＰＲ２０/９０,31900,￥３１，９００(税込),税込,,http://charme-du-vin.com/2025/07/40110/,40110,アンリジロー　パーペチュアルリザーヴ　ＰＲ２０/９０,2025-07-09,1,1,
124,カゼ ティボー ナチュレルマン,カゼ　ティボー　ナチュレルマン,7920,￥７，９２０(税込),税込,,http://charme-du-vin.com/2025/07/40107/,40107,カゼ　ティボー　ナチュレルマン,2025-07-09,1,1,
125,ボランジェ グランダネ 15 箱なし,ボランジェ　グランダネ　１５　箱なし,25300,￥２５，３００(税込),税込,,http://charme-du-vin.com/2025/07/40094/,40094,ボランジェ　グランダネ　１５　箱なし/ゴッセ　グランレゼルヴ　４００周年記念ラベル,2025-07-09,1,2,
126,ゴッセ グランレゼルヴ 400周年記念ラベル,ゴッセ　グランレゼルヴ　４００周年記念ラベル,7040,￥７，０４０(税込),税込,,http://charme-du-vin.com/2025/07/40094/,40094,ボランジェ　グランダネ　１５　箱なし/ゴッセ　グランレゼルヴ　４００周年記念ラベル,2025-07-09,2,2,
127,エグリウーリエ レ プレミス,エグリウーリエ　レ　プレミス,12650,"￥１２,６５０（税込）",税込,,http://charme-du-vin.com/2025/07/40063/,40063,エグリウーリエ　レ　プレミス / エクストラブリュット　グランクリュ　ＶＰ,2025-07-04,1,2,
128,エグリウーリエ エクストラブリュット グランクリュ VP,エグリウーリエ　エクストラブリュット　グランクリュ　ＶＰ,28600,"￥２８,６００（税込）",税込,,http://charme-du-vin.com/2025/07/40063/,40063,エグリウーリエ　レ　プレミス / エクストラブリュット　グランクリュ　ＶＰ,2025-07-04,2,2,
129,クランデスタン オストラル 22,クランデスタン　オストラル　２２,12650,￥１２，６５０(税込),税込,,http://charme-du-vin.com/2025/07/40021/,40021,クランデスタン　オストラル　２２,2025-07-02,1,1,
130,アンリオ キュヴェ エメラ 08,アンリオ　キュヴェ　エメラ　０８,29700,￥２９，７００(税込),税込,,http://charme-du-vin.com/2025/06/39993/,39993,アンリオ　キュヴェ　エメラ　０８,2025-06-26,1,1,
131,ピエールモンキュイ ブランドブラン ユーグドクルメ,ピエールモンキュイ　ブランドブラン　ユーグドクルメ,7370,￥７，３７０(税込),税込,,http://charme-du-vin.com/2025/06/39985/,39985,ピエールモンキュイ　ブランドブラン　ユーグドクルメ/デロス　ブランドブラン,2025-06-26,1,2,
132,ピエールモンキュイ デロス ブランドブラン,ピエールモンキュイ　デロス　ブランドブラン,7590,￥７，５９０(税込),税込,,http://charme-du-vin.com/2025/06/39985/,39985,ピエールモンキュイ　ブランドブラン　ユーグドクルメ/デロス　ブランドブラン,2025-06-26,2,2,
133,ペリエジュエベルエポック 2008 3L,ペリエジュエベルエポック　２００８　３Ｌ,107800,￥１０７，８００(税込),税込,,http://charme-du-vin.com/2025/06/39980/,39980,ペリエジュエベルエポック　２００８　３Ｌ,2025-06-24,1,1,
134,ボランジェ PN VZ19 750ml,ボランジェ　ＰＮ　ＶＺ１９　７５０ｍｌ,14300,￥１４，３００(税込),税込,,http://charme-du-vin.com/2025/06/39899/,39899,ボランジェ　ＰＮ　ＶＺ１９　７５０ｍｌ,2025-06-18,1,1,
135,ボランジェ PN VZ19 1500ml,ボランジェ　ＰＮ　ＶＺ１９　１５００ｍｌ,29700,￥２９，７００(税込),税込,,http://charme-du-vin.com/2025/06/39894/,39894,ボランジェ　ＰＮ　ＶＺ１９　１５００ｍｌ,2025-06-18,1,1,
136,バロンドロスチャイルド ブリュット 1.5L,バロンドロスチャイルド　ブリュット　１．５Ｌ,15950,￥１５，９５０(税込),税込,,http://charme-du-vin.com/2025/06/39866/,39866,バロンドロスチャイルド　ブリュット　１．５Ｌ,2025-06-16,1,1,
137,シャルトーニュタイエ サンタンヌ エクストラブリュット,シャルトーニュタイエ　サンタンヌ　エクストラブリュット,8250,"￥８,２５０（税込）",税込,,http://charme-du-vin.com/2025/06/39843/,39843,シャルトーニュタイエ　サンタンヌ　エクストラブリュット,2025-06-14,1,1,
138,ローノワ エリア ブランドブラン 2017,ローノワ　エリア　ブランドブラン　２０１７,10780,￥１０，７８０(税込),税込,,http://charme-du-vin.com/2025/06/39785/,39785,ローノワ　エリア　ブランドブラン　２０１７,2025-06-12,1,1,
139,クリュッグ ヴィンテージ 11,クリュッグ　ヴィンテージ　１１,51700,￥５１，７００(税込),税込,,http://charme-du-vin.com/2025/06/39765/,39765,クリュッグ　ヴィンテージ　１１,2025-06-11,1,1,
140,ミッシェルゴネ GCメニルスールオジェ ブランドブラン 15,ミッシェルゴネ　GCメニルスールオジェ　ブランドブラン　１５,11550,￥１１，５５０(税込),税込,,http://charme-du-vin.com/2025/06/39639/,39639,ミッシェルゴネ　GCメニルスールオジェ　ブランドブラン　１５/ブランドブラン　ヴァンデモングー,2025-06-05,1,2,
141,ミッシェルゴネ ブランドブラン ヴァンデモングー,ミッシェルゴネ　ブランドブラン　ヴァンデモングー,7480,￥７，４８０(税込),税込,,http://charme-du-vin.com/2025/06/39639/,39639,ミッシェルゴネ　GCメニルスールオジェ　ブランドブラン　１５/ブランドブラン　ヴァンデモングー,2025-06-05,2,2,
142,アンリジロー フュドシェーンヌ MV18,アンリジロー　フュドシェーンヌ　ＭＶ１８,30800,"￥３０,８００（税込）",税込,,http://charme-du-vin.com/2025/05/39527/,39527,アンリジロー　フュドシェーンヌ　ＭＶ１８,2025-05-31,1,1,
143,ドスーザ キュヴェ 3A グランクリュ,ドスーザ　キュヴェ　３A　グランクリュ,12650,￥１２，６５０(税込),税込,,http://charme-du-vin.com/2025/05/39454/,39454,ドスーザ　キュヴェ　３A　グランクリュ/アヴィーズ　GC　ブランドブラン　リザーヴ,2025-05-23,1,2,
144,ドスーザ アヴィーズ GC ブランドブラン リザーヴ,ドスーザ　アヴィーズ　GC　ブランドブラン　リザーヴ,9900,￥９，９００(税込),税込,,http://charme-du-vin.com/2025/05/39454/,39454,ドスーザ　キュヴェ　３A　グランクリュ/アヴィーズ　GC　ブランドブラン　リザーヴ,2025-05-23,2,2,
145,ボランジェ グランダネ 14 木箱入り,ボランジェ　グランダネ　１４　木箱入り,20900,￥２０，９００(税込),税込,,http://charme-du-vin.com/2025/05/39308/,39308,ボランジェ　グランダネ　１４　木箱入り,2025-05-15,1,1,
146,サロン 2013 750ml,サロン　２０１３　７５０ｍｌ,143000,￥１４３，０００(税込),税込,,http://charme-du-vin.com/2025/05/39241/,39241,サロン　２０１３　７５０ｍｌ/０６　７５０ｍｌ,2025-05-09,1,2,
147,サロン 06 750ml,サロン　０６　７５０ｍｌ,165000,￥１６５，０００(税込),税込,,http://charme-du-vin.com/2025/05/39241/,39241,サロン　２０１３　７５０ｍｌ/０６　７５０ｍｌ,2025-05-09,2,2,
148,ルイロデレール クリスタル ロゼ 14,ルイロデレール　クリスタル　ロゼ　１４,90200,￥９０，２００(税込),税込,,http://charme-du-vin.com/2025/04/39136/,39136,ルイロデレール　クリスタル　ロゼ　１４,2025-04-24,1,1,
149,ルイロデレール クリスタル 16,ルイロデレール　クリスタル　１６,43780,￥４３，７８０(税込),税込,,http://charme-du-vin.com/2025/04/39131/,39131,ルイロデレール　クリスタル　１６,2025-04-24,1,1,
150,ピエールペテルス キュヴェスペシャル BB 15 1.5L,ピエールペテルス　キュヴェスペシャル　ＢＢ　１５　１．５Ｌ,50600,￥５０，６００(税込),税込,,http://charme-du-vin.com/2025/04/39115/,39115,ピエールペテルス　キュヴェスペシャル　ＢＢ　１５　１．５Ｌ,2025-04-24,1,1,
151,ピエールペテルス キュヴェスペシャル BB 10 1.5L,ピエールペテルス　キュヴェスペシャル　ＢＢ　１０　１．５Ｌ,50600,￥５０，６００(税込),税込,,http://charme-du-vin.com/2025/04/39112/,39112,ピエールペテルス　キュヴェスペシャル　ＢＢ　１０　１．５Ｌ,2025-04-24,1,1,
152,ピエールペテルス キュヴェスペシャル BB 08 1.5L,ピエールペテルス　キュヴェスペシャル　ＢＢ　０８　１．５Ｌ,79200,￥７９，２００(税込),税込,,http://charme-du-vin.com/2025/04/39109/,39109,ピエールペテルス　キュヴェスペシャル　ＢＢ　０８　１．５Ｌ,2025-04-24,1,1,
153,ピエールペテルス キュヴェレゼルヴ BB 1.5L,ピエールペテルス　キュヴェレゼルヴ　BB　１．５L,17600,￥１７，６００(税込),税込,,http://charme-du-vin.com/2025/04/39095/,39095,ピエールペテルス　キュヴェレゼルヴ　BB　１．５L,2025-04-24,1,1,
154,ボランジェ R.D 2007,ボランジェ　Ｒ．Ｄ　２００７,41800,"￥４１,８００（税込）",税込,,http://charme-du-vin.com/2025/04/39036/,39036,ボランジェ　Ｒ．Ｄ　２００７,2025-04-17,1,1,
155,ビルカールサルモン キュヴェ ニコラフランソワ 08,ビルカールサルモン　キュヴェ　ニコラフランソワ　０８,35200,"￥３５,２００（税込）",税込,,http://charme-du-vin.com/2025/04/39034/,39034,ビルカールサルモン　キュヴェ　ニコラフランソワ　０８,2025-04-17,1,1,
156,エグリウーリエ ブランドノワール GC レクレイエール,エグリウーリエ　ブランドノワール　ＧＣ　レクレイエール,64900,"￥６４,９００（税込）",税込,,http://charme-du-vin.com/2025/04/39024/,39024,エグリウーリエ　ブランドノワール　ＧＣ　レクレイエール,2025-04-17,1,1,
157,スェナン ブランドブラン C+C グランクリュ,スェナン　ブランドブラン　C＋C　グランクリュ,24200,￥２４，２００(税込),税込,,http://charme-du-vin.com/2025/04/38975/,38975,スェナン　ブランドブラン　C＋C　グランクリュ,2025-04-08,1,1,
158,フランシスブラール マイィ GC 20,フランシスブラール　マイィ　GC　２０,8250,￥８，２５０(税込),税込,,http://charme-du-vin.com/2025/03/38802/,38802,フランシスブラール　マイィ　GC　２０/ブランドブラン　VV　１９,2025-03-28,1,2,
159,フランシスブラール ブランドブラン VV 19,フランシスブラール　ブランドブラン　VV　１９,8250,￥８，２５０(税込),税込,,http://charme-du-vin.com/2025/03/38802/,38802,フランシスブラール　マイィ　GC　２０/ブランドブラン　VV　１９,2025-03-28,2,2,
160,ドレモン エフェメール 018 グランクリュ,ドレモン　エフェメール　０１８　グランクリュ,10780,￥１０，７８０(税込),税込,,http://charme-du-vin.com/2025/03/38721/,38721,ドレモン　エフェメール　０１８　グランクリュ/０２５　ノワール　エ　ブラン　GC,2025-03-22,1,2,
161,ドレモン エフェメール 025 ノワール エ ブラン GC,ドレモン　エフェメール　０２５　ノワール　エ　ブラン　GC,10780,￥１０，７８０(税込),税込,,http://charme-du-vin.com/2025/03/38721/,38721,ドレモン　エフェメール　０１８　グランクリュ/０２５　ノワール　エ　ブラン　GC,2025-03-22,2,2,
162,パスカルアグラパール アヴィゾワーズ EXブリュ BB 18,パスカルアグラパール　アヴィゾワーズ　EXブリュ　BB　１８,23100,￥２３，１００(税込),税込,,http://charme-du-vin.com/2025/03/38717/,38717,パスカルアグラパール　アヴィゾワーズ　EXブリュ　BB　１８/ヴェニュス　ブリュットナチュール　BB　１８,2025-03-22,1,2,
163,パスカルアグラパール ヴェニュス ブリュットナチュール BB 18,パスカルアグラパール　ヴェニュス　ブリュットナチュール　BB　１８,36300,￥３６，３００(税込),税込,,http://charme-du-vin.com/2025/03/38717/,38717,パスカルアグラパール　アヴィゾワーズ　EXブリュ　BB　１８/ヴェニュス　ブリュットナチュール　BB　１８,2025-03-22,2,2,
164,パスカルアグラパール コンプランテ EXブリュ,パスカルアグラパール　コンプランテ　EXブリュ,14300,￥１４，３００(税込),税込,,http://charme-du-vin.com/2025/03/38714/,38714,パスカルアグラパール　コンプランテ　EXブリュ/ミネラル　１８　エクストラブリュット　BB,2025-03-22,1,2,
165,パスカルアグラパール ミネラル 18 エクストラブリュット BB,パスカルアグラパール　ミネラル　１８　エクストラブリュット　BB,18700,￥１８，７００(税込),税込,,http://charme-du-vin.com/2025/03/38714/,38714,パスカルアグラパール　コンプランテ　EXブリュ/ミネラル　１８　エクストラブリュット　BB,2025-03-22,2,2,
166,アグラパール セットクリュ ブリュット,アグラパール　セットクリュ　ブリュット,8580,￥８，５８０(税込),税込,,http://charme-du-vin.com/2025/03/38693/,38693,アグラパール　セットクリュ　ブリュット,2025-03-22,1,1,
167,ジャクソンキュヴェ 747,ジャクソンキュヴェ　７４７,11550,￥１１，５５０(税込),税込,,http://charme-du-vin.com/2025/03/38637/,38637,ジャクソンキュヴェ　７４７,2025-03-14,1,1,
168,ニコラマイヤール ロゼ GC,ニコラマイヤール　ロゼ　GC,8140,￥８，１４０(税込),税込,,http://charme-du-vin.com/2025/03/38583/,38583,ニコラマイヤール　ロゼ　GC/モンマルタン　１９　EXブリュ,2025-03-13,1,2,
169,ニコラマイヤール モンマルタン 19 EXブリュ,ニコラマイヤール　モンマルタン　１９　EXブリュ,12650,￥１２，６５０(税込),税込,,http://charme-du-vin.com/2025/03/38583/,38583,ニコラマイヤール　ロゼ　GC/モンマルタン　１９　EXブリュ,2025-03-13,2,2,
170,フランソワスコンデ シルリー ロゼ GC,フランソワスコンデ　シルリー　ロゼ　GC,7370,￥７，３７０(税込),税込,,http://charme-du-vin.com/2025/03/38579/,38579,フランソワスコンデ　シルリー　ロゼ　GC/クリスチャン　ゴセ　ブリュット　A０３,2025-03-13,1,2,
171,クリスチャン ゴセ ブリュット A03,クリスチャン　ゴセ　ブリュット　A０３,7040,￥７，０４０(税込),税込,,http://charme-du-vin.com/2025/03/38579/,38579,フランソワスコンデ　シルリー　ロゼ　GC/クリスチャン　ゴセ　ブリュット　A０３,2025-03-13,2,2,
172,ビルカールサルモン ブランドブラン GC,ビルカールサルモン　ブランドブラン　GC,11550,￥１１，５５０(税込),税込,,http://charme-du-vin.com/2025/03/38537/,38537,ビルカールサルモン　ブランドブラン　GC/ブリュット　ロゼ,2025-03-10,1,2,
173,ビルカールサルモン ブリュット ロゼ,ビルカールサルモン　ブリュット　ロゼ,11550,￥１１，５５０(税込),税込,,http://charme-du-vin.com/2025/03/38537/,38537,ビルカールサルモン　ブランドブラン　GC/ブリュット　ロゼ,2025-03-10,2,2,
174,Jラサール アンジェリーヌ 12,Jラサール　アンジェリーヌ　１２,14850,￥１４，８５０(税込),税込,,http://charme-du-vin.com/2025/03/38512/,38512,Jラサール　アンジェリーヌ　１２/ヴァルニエファニエール　GCキュヴェ　サンドニ,2025-03-07,1,2,
175,ヴァルニエファニエール GCキュヴェ サンドニ,ヴァルニエファニエール　GCキュヴェ　サンドニ,7920,￥７，９２０(税込),税込,,http://charme-du-vin.com/2025/03/38512/,38512,Jラサール　アンジェリーヌ　１２/ヴァルニエファニエール　GCキュヴェ　サンドニ,2025-03-07,2,2,
176,ゴッセ グランレゼルヴ ブリュット,ゴッセ　グランレゼルヴ　ブリュット,6490,￥６，４９０(税込),税込,,http://charme-du-vin.com/2025/03/38509/,38509,ゴッセ　グランレゼルヴ　ブリュット/リルベールフィス　ブランドブラン　GCクラマン,2025-03-07,1,2,
177,リルベールフィス ブランドブラン GCクラマン,リルベールフィス　ブランドブラン　GCクラマン,6270,￥６，２７０(税込),税込,,http://charme-du-vin.com/2025/03/38509/,38509,ゴッセ　グランレゼルヴ　ブリュット/リルベールフィス　ブランドブラン　GCクラマン,2025-03-07,2,2,
178,ガティノワ アイ グランクリュ ブリュット レゼルヴ,ガティノワ　アイ　グランクリュ　ブリュット　レゼルヴ,7700,￥７，７００(税込),税込,,http://charme-du-vin.com/2025/03/38506/,38506,ガティノワ　アイ　グランクリュ　ブリュット　レゼルヴ/グランクリュ　トラディション　ブリュット,2025-03-07,1,2,
179,ガティノワ グランクリュ トラディション ブリュット,ガティノワ　グランクリュ　トラディション　ブリュット,7040,￥７，０４０(税込),税込,,http://charme-du-vin.com/2025/03/38506/,38506,ガティノワ　アイ　グランクリュ　ブリュット　レゼルヴ/グランクリュ　トラディション　ブリュット,2025-03-07,2,2,
180,アンドレボーフォール ポリジー レゼルヴ,アンドレボーフォール　ポリジー　レゼルヴ,5940,￥５，９４０(税込),税込,,http://charme-du-vin.com/2025/03/38502/,38502,アンドレボーフォール　ポリジー　レゼルヴ/ロベールモンキュイ　レゼルヴ　ペルペチュール　EXブリュ,2025-03-07,1,2,
181,ロベールモンキュイ レゼルヴ ペルペチュール EXブリュ,ロベールモンキュイ　レゼルヴ　ペルペチュール　EXブリュ,13750,￥１３，７５０(税込),税込,,http://charme-du-vin.com/2025/03/38502/,38502,アンドレボーフォール　ポリジー　レゼルヴ/ロベールモンキュイ　レゼルヴ　ペルペチュール　EXブリュ,2025-03-07,2,2,
182,オーギュスタン テール ブランドノワール 20,オーギュスタン　テール　ブランドノワール　２０,6490,￥６，４９０(税込),税込,,http://charme-du-vin.com/2025/03/38499/,38499,オーギュスタン　テール　ブランドノワール　２０/ピエールパイヤール　レ　パルセル　XVⅢ,2025-03-07,1,2,
183,ピエールパイヤール レ パルセル XVIII,ピエールパイヤール　レ　パルセル　XVⅢ,8360,￥８，３６０(税込),税込,,http://charme-du-vin.com/2025/03/38499/,38499,オーギュスタン　テール　ブランドノワール　２０/ピエールパイヤール　レ　パルセル　XVⅢ,2025-03-07,2,2,
184,ジャクソン キュヴェ 746,ジャクソン　キュヴェ　７４６,13750,￥１３，７５０(税込),税込,,http://charme-du-vin.com/2025/03/38484/,38484,ジャクソン　キュヴェ　７４６/ルイ　ニケーズ　ブリュットレゼルヴ,2025-03-07,1,2,
185,ルイ ニケーズ ブリュットレゼルヴ,ルイ　ニケーズ　ブリュットレゼルヴ,4950,￥４，９５０(税込),税込,,http://charme-du-vin.com/2025/03/38484/,38484,ジャクソン　キュヴェ　７４６/ルイ　ニケーズ　ブリュットレゼルヴ,2025-03-07,2,2,
186,ドンペリニョン 15 バスキア 箱付き,ドンペリニョン　１５　バスキア　箱付き,35200,￥３５，２００(税込),税込,,http://charme-du-vin.com/2025/02/38410/,38410,ドンペリニョン　１５　バスキア　箱付き,2025-02-28,1,1,
187,レア シャンパーニュ ミレジム 13,レア　シャンパーニュ　ミレジム　１３,25300,￥２５，３００(税込),税込,,http://charme-du-vin.com/2025/02/38337/,38337,レア　シャンパーニュ　ミレジム　１３,2025-02-25,1,1,
188,サロン 2013 1.5L,サロン　２０１３　１．５Ｌ,286000,"￥２８６,０００（税込）",税込,,http://charme-du-vin.com/2025/02/38224/,38224,サロン　２０１３　１．５Ｌ,2025-02-17,1,1,
189,ティエノ 2008 キュヴェ スタニスラス,ティエノ　２００８　キュヴェ　スタニスラス,20900,￥２０，９００(税込),税込,,http://charme-du-vin.com/2025/02/38186/,38186,ティエノ　２００８　キュヴェ　スタニスラス,2025-02-10,1,1,
190,ティエノ 2008 キュヴェ アラン ティエノ,ティエノ　２００８　キュヴェ　アラン　ティエノ,20900,￥２０，９００(税込),税込,,http://charme-du-vin.com/2025/02/38183/,38183,ティエノ　２００８　キュヴェ　アラン　ティエノ,2025-02-10,1,1,
191,ティエノ ブリュット,ティエノ　ブリュット,6710,￥６，７１０(税込),税込,,http://charme-du-vin.com/2025/02/38174/,38174,ティエノ　ブリュット/ブランドブラン　ブリュ,2025-02-10,1,2,
192,ティエノ ブランドブラン ブリュ,ティエノ　ブランドブラン　ブリュ,8580,￥８，５８０(税込),税込,,http://charme-du-vin.com/2025/02/38174/,38174,ティエノ　ブリュット/ブランドブラン　ブリュ,2025-02-10,2,2,
193,ブリュンセルヴネイ キュヴェ シャルドネ VV 12,ブリュンセルヴネイ　キュヴェ　シャルドネ　ＶＶ　１２,9240,￥９，２４０(税込),税込,,http://charme-du-vin.com/2025/02/38132/,38132,ブリュンセルヴネイ　キュヴェ　シャルドネ　ＶＶ　１２,2025-02-08,1,1,
194,フォシュロンガヴロワ オリジン グランクリュ,フォシュロンガヴロワ　オリジン　グランクリュ,6380,"￥６,３８０（税込）",税込,,http://charme-du-vin.com/2025/02/38031/,38031,フォシュロンガヴロワ　オリジン　グランクリュ,2025-02-03,1,1,
195,フランソワベデル ディ ヴァン スクレ,フランソワベデル　ディ　ヴァン　スクレ,9130,"￥９,１３０（税込）",税込,,http://charme-du-vin.com/2025/02/38010/,38010,フランソワベデル　ディ　ヴァン　スクレ,2025-02-03,1,1,
196,ジュイエラルマン ブリュット ブランドノワール グランクリュ,ジュイエラルマン　ブリュット　ブランドノワール　グランクリュ,6380,"￥６,３８０（税込）",税込,,http://charme-du-vin.com/2025/02/38007/,38007,ジュイエラルマン　ブリュット　ブランドノワール　グランクリュ,2025-02-03,1,1,
197,ドラモット ブランドブラン 18,ドラモット　ブランドブラン　１８,14300,￥１４，３００(税込),税込,,http://charme-du-vin.com/2025/01/37985/,37985,ドラモット　ブランドブラン　１８,2025-01-31,1,1,
198,ボランジェ グランダネ 15,ボランジェ　グランダネ　１５,26400,￥２６，４００(税込),税込,,http://charme-du-vin.com/2025/01/37966/,37966,ボランジェ　グランダネ　１５,2025-01-29,1,1,
199,ボランジェ ラ コートオーザンファン コトーシャンプノワ 13,ボランジェ　ラ　コートオーザンファン　コトーシャンプノワ　１３,154000,"￥１５４,０００（税込）",税込,,http://charme-du-vin.com/2025/01/37948/,37948,ボランジェ　ラ　コートオーザンファン　コトーシャンプノワ　１３ / ヴィエーユヴィーニュ　フランセーズ　１２,2025-01-25,1,2,
200,ボランジェ ヴィエーユヴィーニュ フランセーズ 12,ボランジェ　ヴィエーユヴィーニュ　フランセーズ　１２,209000,"￥２０９,０００（税込）",税込,,http://charme-du-vin.com/2025/01/37948/,37948,ボランジェ　ラ　コートオーザンファン　コトーシャンプノワ　１３ / ヴィエーユヴィーニュ　フランセーズ　１２,2025-01-25,2,2,
201,ギーチボー ブリュットグランクリュ 750ml,ギーチボー　ブリュットグランクリュ　７５０ｍｌ,4840,￥４，８４０(税込),税込,,http://charme-du-vin.com/2025/01/37909/,37909,ギーチボー　ブリュットグランクリュ　７５０ｍｌ,2025-01-24,1,1,
202,サロン 07 1500ml,サロン　０７　１５００ｍｌ,297000,￥２９７，０００(税込),税込,,http://charme-du-vin.com/2025/01/37813/,37813,サロン　０７　１５００ｍｌ,2025-01-16,1,1,
203,アンドレクルエ シルヴァー ブリュット,アンドレクルエ　シルヴァー　ブリュット,6930,￥６，９３０(税込),税込,,http://charme-du-vin.com/2025/01/37746/,37746,アンドレクルエ　シルヴァー　ブリュット/ジェロームプレヴォー　ラクロズリー　エキストラブリュ,2025-01-11,1,2,
204,ジェロームプレヴォー ラクロズリー エキストラブリュ,ジェロームプレヴォー　ラクロズリー　エキストラブリュ,57200,￥５７，２００(税込),税込,,http://charme-du-vin.com/2025/01/37746/,37746,アンドレクルエ　シルヴァー　ブリュット/ジェロームプレヴォー　ラクロズリー　エキストラブリュ,2025-01-11,2,2,
205,マルティンヴァスマー ピノロゼ ゼクト,マルティンヴァスマー　ピノロゼ　ゼクト,6050,￥６，０５０(税込),税込,,http://charme-du-vin.com/2025/01/37740/,37740,マルティンヴァスマー　ピノロゼ　ゼクト,2025-01-09,1,1,
206,クリュッグ ヴィンテージ 06 箱付き,クリュッグ　ヴィンテージ　０６　箱付き,53900,￥５３，９００(税込),税込,,http://charme-du-vin.com/2025/01/37714/,37714,クリュッグ　ヴィンテージ　０６　箱付き,2025-01-09,1,1,
207,クリュッグ グランドキュヴェ 169 1.5L,クリュッグ　グランドキュヴェ　１６９　１．５Ｌ,77000,￥７７，０００(税込),税込,,http://charme-du-vin.com/2025/01/37702/,37702,クリュッグ　グランドキュヴェ　１６９　１．５Ｌ,2025-01-09,1,1,
208,アンリビリオ ミレジメ 2018 GC,アンリビリオ　ミレジメ　２０１８　ＧＣ,10010,￥１０，０１０(税込),税込,,http://charme-du-vin.com/2024/12/37609/,37609,アンリビリオ　ミレジメ　２０１８　ＧＣ,2024-12-23,1,1,
209,バルノー グランクリュ セレクションブリュットナチュール,バルノー　グランクリュ　セレクションブリュットナチュール,6490,￥６，４９０(税込),税込,,http://charme-du-vin.com/2024/12/37606/,37606,バルノー　グランクリュ　セレクションブリュットナチュール,2024-12-21,1,1,
210,ボヴェール グランクリュ ブリュット 1.5L,ボヴェール　グランクリュ　ブリュット　１．５Ｌ,12100,￥１２，１００(税込),税込,,http://charme-du-vin.com/2024/12/37601/,37601,ボヴェール　グランクリュ　ブリュット　１．５Ｌ/７５０ＭＬ,2024-12-21,1,2,
211,ボヴェール グランクリュ ブリュット 750ML,ボヴェール　グランクリュ　ブリュット　７５０ＭＬ,5390,￥５，３９０(税込),税込,,http://charme-du-vin.com/2024/12/37601/,37601,ボヴェール　グランクリュ　ブリュット　１．５Ｌ/７５０ＭＬ,2024-12-21,2,2,
212,ピエールモンキュイ ブランドブラン 1.5L,ピエールモンキュイ　ブランドブラン　１．５Ｌ,15400,￥１５，４００(税込),税込,,http://charme-du-vin.com/2024/12/37535/,37535,ピエールモンキュイ　ブランドブラン　１．５Ｌ,2024-12-19,1,1,
213,ジャカール モザイク ミレジム 2008,ジャカール　モザイク　ミレジム　２００８,7590,￥７，５９０(税込),税込,,http://charme-du-vin.com/2024/12/37449/,37449,ジャカール　モザイク　ミレジム　２００８,2024-12-12,1,1,
214,クリュッグ クロドメニル 06,クリュッグ　クロドメニル　０６,154000,￥１５４，０００(税込),税込,,http://charme-du-vin.com/2024/12/37446/,37446,クリュッグ　クロドメニル　０６,2024-12-12,1,1,
215,エリックロデズ キュヴェ クレイエール,エリックロデズ　キュヴェ　クレイエール,9790,￥９，７９０(税込),税込,,http://charme-du-vin.com/2024/12/37443/,37443,エリックロデズ　キュヴェ　クレイエール/ギィラルマンディエ　クラマンGC　ブランドブラン,2024-12-12,1,2,
216,ギィラルマンディエ クラマンGC ブランドブラン,ギィラルマンディエ　クラマンGC　ブランドブラン,9020,￥９，０２０(税込),税込,,http://charme-du-vin.com/2024/12/37443/,37443,エリックロデズ　キュヴェ　クレイエール/ギィラルマンディエ　クラマンGC　ブランドブラン,2024-12-12,2,2,
217,ウィリアムブリュン ブランドブランブリュット,ウィリアムブリュン　ブランドブランブリュット,6380,￥６，３８０(税込),税込,,http://charme-du-vin.com/2024/12/37429/,37429,ウィリアムブリュン　ブランドブランブリュット/オレア　ブランドブラン　１８,2024-12-12,1,2,
218,ウィリアムブリュン オレア ブランドブラン 18,ウィリアムブリュン　オレア　ブランドブラン　１８,9680,￥９，６８０(税込),税込,,http://charme-du-vin.com/2024/12/37429/,37429,ウィリアムブリュン　ブランドブランブリュット/オレア　ブランドブラン　１８,2024-12-12,2,2,
219,ボランジェ PN VZ19 750ml,ボランジェ　PN　VZ１９　７５０ｍｌ,13750,￥１３，７５０(税込),税込,,http://charme-du-vin.com/2024/12/37314/,37314,ボランジェ　PN　VZ１９　７５０ｍｌ,2024-12-06,1,1,
220,クリュッグ ヴィンテージ 08,クリュッグ　ヴィンテージ　０８,53900,￥５３，９００(税込),税込,,http://charme-du-vin.com/2024/12/37294/,37294,クリュッグ　ヴィンテージ　０８,2024-12-04,1,1,
221,ウィリアムバーン ブランドブラン ブリュット,ウィリアムバーン　ブランドブラン　ブリュット,6380,￥６，３８０(税込),税込,,http://charme-du-vin.com/2024/12/37255/,37255,ウィリアムバーン　ブランドブラン　ブリュット/ボネール　ブランドブラン　ブリュットナチュール,2024-12-03,1,2,
222,ボネール ブランドブラン ブリュットナチュール,ボネール　ブランドブラン　ブリュットナチュール,7040,￥７，０４０(税込),税込,,http://charme-du-vin.com/2024/12/37255/,37255,ウィリアムバーン　ブランドブラン　ブリュット/ボネール　ブランドブラン　ブリュットナチュール,2024-12-03,2,2,
223,ユグノータサン シグネチャー ミレジム 18,ユグノータサン　シグネチャー　ミレジム　１８,6270,￥６，２７０(税込),税込,,http://charme-du-vin.com/2024/12/37240/,37240,ユグノータサン　シグネチャー　ミレジム　１８/レフィオル　ブランドブラン　１９,2024-12-03,1,2,
224,ユグノータサン レフィオル ブランドブラン 19,ユグノータサン　レフィオル　ブランドブラン　１９,6710,￥６，７１０(税込),税込,,http://charme-du-vin.com/2024/12/37240/,37240,ユグノータサン　シグネチャー　ミレジム　１８/レフィオル　ブランドブラン　１９,2024-12-03,2,2,
225,アンリジロー フュドシェーンヌ MV18,アンリジロー　フュドシェーンヌ　MV１８,31900,￥３１，９００(税込),税込,,http://charme-du-vin.com/2024/11/37125/,37125,アンリジロー　フュドシェーンヌ　MV１８,2024-11-27,1,1,
226,アンリジロー アルゴンヌ 15,アンリジロー　アルゴンヌ　１５,94600,￥９４，６００(税込),税込,,http://charme-du-vin.com/2024/11/37121/,37121,アンリジロー　アルゴンヌ　１５,2024-11-27,1,1,
227,ドンペリニョン 15 トリビュート トゥ バスキア,ドンペリニョン　１５　トリビュート　トゥ　バスキア,31900,￥３１，９００(税込),税込,,http://charme-du-vin.com/2024/11/37108/,37108,ドンペリニョン　１５　トリビュート　トゥ　バスキア,2024-11-27,1,1,
228,ジュリアンプレラ レレヌ ブランドブラン 19,ジュリアンプレラ　レレヌ　ブランドブラン　１９,15400,￥１５，４００(税込),税込,,http://charme-du-vin.com/2024/11/36999/,36999,ジュリアンプレラ　レレヌ　ブランドブラン　１９/ビルカールサルモン　キュヴェルイサルモン　BB　０８,2024-11-25,1,2,
229,ビルカールサルモン キュヴェルイサルモン BB 08,ビルカールサルモン　キュヴェルイサルモン　BB　０８,28600,￥２８，６００(税込),税込,,http://charme-du-vin.com/2024/11/36999/,36999,ジュリアンプレラ　レレヌ　ブランドブラン　１９/ビルカールサルモン　キュヴェルイサルモン　BB　０８,2024-11-25,2,2,
230,ジョセフペリエ キュヴェロワイヤル ブリュットナチュール,ジョセフペリエ　キュヴェロワイヤル　ブリュットナチュール,6490,￥６，４９０(税込),税込,,http://charme-du-vin.com/2024/11/36943/,36943,ジョセフペリエ　キュヴェロワイヤル　ブリュットナチュール/７５０ｍｌ,2024-11-21,1,2,
231,ジョセフペリエ キュヴェロワイヤル 750ml,ジョセフペリエ　キュヴェロワイヤル　７５０ｍｌ,6050,￥６，０５０(税込),税込,,http://charme-du-vin.com/2024/11/36943/,36943,ジョセフペリエ　キュヴェロワイヤル　ブリュットナチュール/７５０ｍｌ,2024-11-21,2,2,
232,バルフォンタルク ヘリテージ ブリュット,バルフォンタルク　ヘリテージ　ブリュット,3520,￥３，５２０(税込),税込,,http://charme-du-vin.com/2024/11/36851/,36851,バルフォンタルク　ヘリテージ　ブリュット,2024-11-14,1,1,
233,シャルルエドシック ブラン ド ミレネール 07,シャルルエドシック　ブラン　ド　ミレネール　０７,29700,￥２９，７００(税込),税込,,http://charme-du-vin.com/2024/11/36843/,36843,シャルルエドシック　ブラン　ド　ミレネール　０７,2024-11-13,1,1,
234,アンリオ リナタンデュ シャルドネ GC 16,アンリオ　リナタンデュ　シャルドネ　GC　１６,20900,￥２０，９００(税込),税込,,http://charme-du-vin.com/2024/11/36810/,36810,アンリオ　リナタンデュ　シャルドネ　GC　１６,2024-11-11,1,1,
235,ジェロームプレヴォー ラ クロズリー レベギーヌ EXブリュ,ジェロームプレヴォー　ラ　クロズリー　レベギーヌ　EXブリュ,67100,￥６７，１００(税込),税込,,http://charme-du-vin.com/2024/11/36805/,36805,ジェロームプレヴォー　ラ　クロズリー　レベギーヌ　EXブリュ/ラミアブル　エリアッド　ミレジム　１４,2024-11-11,1,2,
236,ラミアブル エリアッド ミレジム 14,ラミアブル　エリアッド　ミレジム　１４,10340,￥１０，３４０(税込),税込,,http://charme-du-vin.com/2024/11/36805/,36805,ジェロームプレヴォー　ラ　クロズリー　レベギーヌ　EXブリュ/ラミアブル　エリアッド　ミレジム　１４,2024-11-11,2,2,
237,レア シャンパーニュ ロゼ ミレジム 14,レア　シャンパーニュ　ロゼ　ミレジム　１４,45100,￥４５，１００(税込),税込,,http://charme-du-vin.com/2024/11/36792/,36792,レア　シャンパーニュ　ロゼ　ミレジム　１４,2024-11-11,1,1,
238,ピエールペテルス エキストラブリュ ブランドブラン,ピエールペテルス　エキストラブリュ　ブランドブラン,9240,￥９，２４０(税込),税込,,http://charme-du-vin.com/2024/11/36755/,36755,ピエールペテルス　エキストラブリュ　ブランドブラン,2024-11-09,1,1,
239,ポールロジェ サーウィストンチャーチル 15 750ml,ポールロジェ　サーウィストンチャーチル　１５　７５０ｍｌ,35200,￥３５，２００(税込),税込,,http://charme-du-vin.com/2024/11/36674/,36674,ポールロジェ　サーウィストンチャーチル　１５　７５０ｍｌ,2024-11-02,1,1,
240,ローズドジャンヌ コートドヴァルヴィレーヌ VV/R20,ローズドジャンヌ　コートドヴァルヴィレーヌ　VV/R20,49500,￥４９，５００(税込),税込,,http://charme-du-vin.com/2024/11/36670/,36670,ローズドジャンヌ　コートドヴァルヴィレーヌ　VV/R20,2024-11-02,1,1,
241,ドスーザ アヴィーズ GC ブランドブランリザーヴ,ドスーザ　アヴィーズ　GC　ブランドブランリザーヴ,10450,￥１０，４５０(税込),税込,,http://charme-du-vin.com/2024/11/36642/,36642,ドスーザ　アヴィーズ　GC　ブランドブランリザーヴ,2024-11-02,1,1,
242,ジャックラセーヌ レヴィーニュ ド モングー BB,ジャックラセーヌ　レヴィーニュ　ド　モングー　BB,10450,￥１０，４５０(税込),税込,,http://charme-du-vin.com/2024/10/36571/,36571,ジャックラセーヌ　レヴィーニュ　ド　モングー　BB,2024-10-25,1,1,
243,ピエールジモネ オジェグランクリュBB シャルドネ,ピエールジモネ　オジェグランクリュBB　シャルドネ,8580,￥８，５８０(税込),税込,,http://charme-du-vin.com/2024/10/36568/,36568,ピエールジモネ　オジェグランクリュBB　シャルドネ/ピエールレグラ　イデドヴォワイヤージュ　BB　１２,2024-10-25,1,2,
244,ピエールレグラ イデドヴォワイヤージュ BB 12,ピエールレグラ　イデドヴォワイヤージュ　BB　１２,9680,￥９，６８０(税込),税込,,http://charme-du-vin.com/2024/10/36568/,36568,ピエールジモネ　オジェグランクリュBB　シャルドネ/ピエールレグラ　イデドヴォワイヤージュ　BB　１２,2024-10-25,2,2,
245,アヤラ ブランドブラン 16,アヤラ　ブランドブラン　１６,9350,￥９，３５０(税込),税込,,http://charme-du-vin.com/2024/10/36463/,36463,アヤラ　ブランドブラン　１６/ブルーノパイヤール　ブリュット　プルミエキュヴェ,2024-10-18,1,2,
246,ブルーノパイヤール ブリュット プルミエキュヴェ,ブルーノパイヤール　ブリュット　プルミエキュヴェ,6930,￥６，９３０(税込),税込,,http://charme-du-vin.com/2024/10/36463/,36463,アヤラ　ブランドブラン　１６/ブルーノパイヤール　ブリュット　プルミエキュヴェ,2024-10-18,2,2,
247,テタンジェ ブリュットレゼルヴ 750ml,テタンジェ　ブリュットレゼルヴ　７５０ｍｌ,6490,￥６，４９０(税込),税込,,http://charme-du-vin.com/2024/10/36318/,36318,テタンジェ　ブリュットレゼルヴ　７５０ｍｌ,2024-10-10,1,1,
248,アンリグートルブ キュヴェトラディションブリュット,アンリグートルブ　キュヴェトラディションブリュット,4180,￥４，１８０(税込),税込,,http://charme-du-vin.com/2024/10/36286/,36286,アンリグートルブ　キュヴェトラディションブリュット,2024-10-09,1,1,
249,カゼ ティボー クレイエール,カゼ　ティボー　クレイエール,7590,￥７，５９０(税込),税込,,http://charme-du-vin.com/2024/10/36283/,36283,カゼ　ティボー　クレイエール,2024-10-09,1,1,
250,テタンジェ コントドシャンパーニュ 12,テタンジェ　コントドシャンパーニュ　１２,27500,￥２７，５００(税込),税込,,http://charme-du-vin.com/2024/10/36270/,36270,テタンジェ　コントドシャンパーニュ　１２,2024-10-09,1,1,
251,ニコラフィアット リザーヴエクスクルーシヴブリュット,ニコラフィアット　リザーヴエクスクルーシヴブリュット,4620,￥４，６２０(税込),税込,,http://charme-du-vin.com/2024/10/36258/,36258,ニコラフィアット　リザーヴエクスクルーシヴブリュット,2024-10-08,1,1,
252,テタンジェ コントドシャンパーニュ 06,テタンジェ　コントドシャンパーニュ　０６,35200,￥３５，２００(税込),税込,,http://charme-du-vin.com/2024/10/36134/,36134,テタンジェ　コントドシャンパーニュ　０６/ローズドジャンヌ　コートドヴェシャラン　１３,2024-10-02,1,2,
253,ローズドジャンヌ コートドヴェシャラン 13,ローズドジャンヌ　コートドヴェシャラン　１３,64900,￥６４，９００(税込),税込,,http://charme-du-vin.com/2024/10/36134/,36134,テタンジェ　コントドシャンパーニュ　０６/ローズドジャンヌ　コートドヴェシャラン　１３,2024-10-02,2,2,
254,パイパーエドシック エッセンシャル エクストラブリュット,パイパーエドシック　エッセンシャル　エクストラブリュット,5390,"￥５,３９０（税込）",税込,,http://charme-du-vin.com/2024/09/36113/,36113,パイパーエドシック　エッセンシャル　エクストラブリュット,2024-09-28,1,1,
255,アンドレクルエ ミレジム 15,アンドレクルエ　ミレジム　１５,9130,￥９，１３０(税込),税込,,http://charme-du-vin.com/2024/09/36000/,36000,アンドレクルエ　ミレジム　１５,2024-09-14,1,1,
256,エグリウーリエ エクストラブリュット グランクリュ,エグリウーリエ　エクストラブリュット　グランクリュ,18150,￥１８，１５０(税込),税込,,http://charme-du-vin.com/2024/09/35888/,35888,エグリウーリエ　エクストラブリュット　グランクリュ/アンリジロー　フュドシェーンヌ　MV１６,2024-09-04,1,2,
257,アンリジロー フュドシェーンヌ MV16,アンリジロー　フュドシェーンヌ　MV１６,37400,￥３７，４００(税込),税込,,http://charme-du-vin.com/2024/09/35888/,35888,エグリウーリエ　エクストラブリュット　グランクリュ/アンリジロー　フュドシェーンヌ　MV１６,2024-09-04,2,2,
258,エグリウーリエ ブリュットヴィーニュドヴリニー,エグリウーリエ　ブリュットヴィーニュドヴリニー,14850,￥１４，８５０(税込),税込,,http://charme-du-vin.com/2024/09/35883/,35883,エグリウーリエ　ブリュットヴィーニュドヴリニー/エクストラブリュット　グランクリュ　VP,2024-09-04,1,2,
259,エグリウーリエ エクストラブリュット グランクリュ VP,エグリウーリエ　エクストラブリュット　グランクリュ　VP,29700,￥２９，７００(税込),税込,,http://charme-du-vin.com/2024/09/35883/,35883,エグリウーリエ　ブリュットヴィーニュドヴリニー/エクストラブリュット　グランクリュ　VP,2024-09-04,2,2,
260,ノワック ラ フォンティネット,ノワック　ラ　フォンティネット,12100,￥１２，１００(税込),税込,,http://charme-du-vin.com/2024/08/35853/,35853,ノワック　ラ　フォンティネット/テュイルリー,2024-08-28,1,2,
261,ノワック ラ テュイルリー,ノワック　ラ　テュイルリー,12100,￥１２，１００(税込),税込,,http://charme-du-vin.com/2024/08/35853/,35853,ノワック　ラ　フォンティネット/テュイルリー,2024-08-28,2,2,
262,ノワック テール ブルー,ノワック　テール　ブルー,13200,￥１３，２００(税込),税込,,http://charme-du-vin.com/2024/08/35850/,35850,ノワック　テール　ブルー/レ　ボーシェ,2024-08-28,1,2,
263,ノワック レ ボーシェ,ノワック　レ　ボーシェ,12100,￥１２，１００(税込),税込,,http://charme-du-vin.com/2024/08/35850/,35850,ノワック　テール　ブルー/レ　ボーシェ,2024-08-28,2,2,
264,ノワック オートレ クリュ,ノワック　オートレ　クリュ,10780,￥１０，７８０(税込),税込,,http://charme-du-vin.com/2024/08/35842/,35842,ノワック　オートレ　クリュ/クリュ　ドリジン　ウイィ　１７,2024-08-28,1,2,
265,ノワック クリュ ドリジン ウイィ 17,ノワック　クリュ　ドリジン　ウイィ　１７,17600,￥１７，６００(税込),税込,,http://charme-du-vin.com/2024/08/35842/,35842,ノワック　オートレ　クリュ/クリュ　ドリジン　ウイィ　１７,2024-08-28,2,2,
266,アンリジロー ブランドクレ,アンリジロー　ブランドクレ,14850,￥１４，８５０(税込),税込,,http://charme-du-vin.com/2024/08/35502/,35502,アンリジロー　ブランドクレ,2024-08-01,1,1,
267,ブルーノパイヤール ブランドブラン 14,ブルーノパイヤール　ブランドブラン　１４,18700,"￥１８,７００（税込）",税込,,http://charme-du-vin.com/2024/07/35424/,35424,ブルーノパイヤール　ブランドブラン　１４,2024-07-26,1,1,
268,ギィラルマンディエ GC ブランドブラン,ギィラルマンディエ　GC　ブランドブラン,9020,￥９，０２０(税込),税込,,http://charme-du-vin.com/2024/07/35299/,35299,ギィラルマンディエ　GC　ブランドブラン,2024-07-19,1,1,
269,ドラピエ グランサンドレ 12,ドラピエ　グランサンドレ　１２,12650,￥１２，６５０(税込),税込,,http://charme-du-vin.com/2024/07/35258/,35258,ドラピエ　グランサンドレ　１２,2024-07-18,1,1,
270,フランソワショーモン ブランドノワール,フランソワショーモン　ブランドノワール,4950,"￥４,９５０（税込）",税込,,http://charme-du-vin.com/2024/07/35236/,35236,フランソワショーモン　ブランドノワール,2024-07-11,1,1,
271,サロン 12 1500ml,サロン　１２　１５００ｍｌ,286000,￥２８６，０００(税込),税込,,http://charme-du-vin.com/2024/07/35224/,35224,サロン　１２　１５００ｍｌ,2024-07-10,1,1,
272,シャルトーニュタイエ サンアネ エクストラブリュット,シャルトーニュタイエ　サンアネ　エクストラブリュット,7560,"￥７,５６０（税込）",税込,,http://charme-du-vin.com/2024/07/35210/,35210,シャルトーニュタイエ　サンアネ　エクストラブリュット,2024-07-08,1,1,
273,ルイロデレール コトーシャンプノワ オマージュカミーユ 19,ルイロデレール　コトーシャンプノワ　オマージュカミーユ　１９,36300,"￥３６,３００（税込）",税込,,http://charme-du-vin.com/2024/07/35180/,35180,ルイロデレール　コトーシャンプノワ　オマージュカミーユ　１９,2024-07-05,1,1,
274,シャルルエドシック ブラン ド ミレネール 07,シャルルエドシック　ブラン　ド　ミレネール　０７,30800,￥３０，８００(税込),税込,,http://charme-du-vin.com/2024/07/35098/,35098,シャルルエドシック　ブラン　ド　ミレネール　０７,2024-07-01,1,1,
275,ロベールグロフィエ ブルゴーニュ ルージュ 22,ロベールグロフィエ　ブルゴーニュ　ルージュ　２２,11550,"￥１１,５５０（税込）",税込,,http://charme-du-vin.com/2024/06/34961/,34961,ロベールグロフィエ　ブルゴーニュ　ルージュ　２２ / シャンボールミュージニー　１ER　レ　オードア　２２ / シャンボールミュージニー　１ER　レ　サンティエ　２２ / シャンボールミュージニー　１ER　レ　ザムルーズ　サーブル　２２,2024-06-20,1,4,
276,ロベールグロフィエ シャンボールミュージニー 1ER レ オードア 22,ロベールグロフィエ　シャンボールミュージニー　１ER　レ　オードア　２２,47300,"￥４７,３００（税込）",税込,,http://charme-du-vin.com/2024/06/34961/,34961,ロベールグロフィエ　ブルゴーニュ　ルージュ　２２ / シャンボールミュージニー　１ER　レ　オードア　２２ / シャンボールミュージニー　１ER　レ　サンティエ　２２ / シャンボールミュージニー　１ER　レ　ザムルーズ　サーブル　２２,2024-06-20,2,4,
277,ロベールグロフィエ シャンボールミュージニー 1ER レ サンティエ 22,ロベールグロフィエ　シャンボールミュージニー　１ER　レ　サンティエ　２２,47300,"￥４７,３００（税込）",税込,,http://charme-du-vin.com/2024/06/34961/,34961,ロベールグロフィエ　ブルゴーニュ　ルージュ　２２ / シャンボールミュージニー　１ER　レ　オードア　２２ / シャンボールミュージニー　１ER　レ　サンティエ　２２ / シャンボールミュージニー　１ER　レ　ザムルーズ　サーブル　２２,2024-06-20,3,4,
278,ロベールグロフィエ シャンボールミュージニー 1ER レ ザムルーズ サーブル 22,ロベールグロフィエ　シャンボールミュージニー　１ER　レ　ザムルーズ　サーブル　２２,192500,"￥１９２,５００（税込）",税込,,http://charme-du-vin.com/2024/06/34961/,34961,ロベールグロフィエ　ブルゴーニュ　ルージュ　２２ / シャンボールミュージニー　１ER　レ　オードア　２２ / シャンボールミュージニー　１ER　レ　サンティエ　２２ / シャンボールミュージニー　１ER　レ　ザムルーズ　サーブル　２２,2024-06-20,4,4,
279,ドスーザ アヴィーズ GCブランドブランリザーヴ,ドスーザ　アヴィーズ　GCブランドブランリザーヴ,9350,￥９，３５０(税込),税込,,http://charme-du-vin.com/2024/06/34797/,34797,ドスーザ　アヴィーズ　GCブランドブランリザーヴ,2024-06-06,1,1,
280,ロベールモンキュイ レゼルヴペルペチュール EXブリュ,ロベールモンキュイ　レゼルヴペルペチュール　EXブリュ,11000,￥１１，０００(税込),税込,,http://charme-du-vin.com/2024/06/34793/,34793,ロベールモンキュイ　レゼルヴペルペチュール　EXブリュ/ドラモット　ブランドブラン　１８,2024-06-06,1,2,
281,ドラモット ブランドブラン 18,ドラモット　ブランドブラン　１８,15400,￥１５，４００(税込),税込,,http://charme-du-vin.com/2024/06/34793/,34793,ロベールモンキュイ　レゼルヴペルペチュール　EXブリュ/ドラモット　ブランドブラン　１８,2024-06-06,2,2,
282,ジャクソン キュヴェ 746 1.5L,ジャクソン　キュヴェ　７４６　１．５L,27500,￥２７，５００(税込),税込,,http://charme-du-vin.com/2024/06/34780/,34780,ジャクソン　キュヴェ　７４６　１．５L/７４０　デゴルジュマンタルディフ,2024-06-06,1,2,
283,ジャクソン キュヴェ 740 デゴルジュマンタルディフ,ジャクソン　キュヴェ　７４０　デゴルジュマンタルディフ,21780,￥２１，７８０(税込),税込,,http://charme-du-vin.com/2024/06/34780/,34780,ジャクソン　キュヴェ　７４６　１．５L/７４０　デゴルジュマンタルディフ,2024-06-06,2,2,
284,ポルコシェ グランレゼルヴ ブリュット,ポルコシェ　グランレゼルヴ　ブリュット,3190,"￥３,１９０（税込）",税込,,http://charme-du-vin.com/2024/06/34729/,34729,ポルコシェ　グランレゼルヴ　ブリュット,2024-06-04,1,1,
285,シャルル コラン キュヴェ シャルル ロゼ,シャルル　コラン　キュヴェ　シャルル　ロゼ,4290,￥４，２９０(税込),税込,,http://charme-du-vin.com/2024/05/34583/,34583,シャルル　コラン　キュヴェ　シャルル　ロゼ,2024-05-24,1,1,
286,ピエールペテルス レゼルヴウブリエ ブランドブラン,ピエールペテルス　レゼルヴウブリエ　ブランドブラン,14300,￥１４，３００(税込),税込,,http://charme-du-vin.com/2024/05/34474/,34474,ピエールペテルス　レゼルヴウブリエ　ブランドブラン,2024-05-15,1,1,
287,クリュッグ ヴィンテージ 06,クリュッグ　ヴィンテージ　０６,51700,￥５１，７００(税込),税込,,http://charme-du-vin.com/2024/05/34468/,34468,クリュッグ　ヴィンテージ　０６,2024-05-14,1,1,
288,ボランジェ グランダネ 15 箱なし,ボランジェ　グランダネ　１５　箱なし,25300,"￥２５,３００（税込）",税込,,http://charme-du-vin.com/2024/05/34305/,34305,ボランジェ　グランダネ　１５　箱なし,2024-05-02,1,1,
289,ルイロデレール クリスタルロゼ 14,ルイロデレール クリスタルロゼ　１４,90200,"￥９０,２００（税込）",税込,,http://charme-du-vin.com/2024/05/34303/,34303,ルイロデレール クリスタルロゼ　１４,2024-05-02,1,1,
290,シャピュイ トラディション ブリュットロゼ,シャピュイ　トラディション　ブリュットロゼ,5720,￥５，７２０(税込),税込,,http://charme-du-vin.com/2024/04/34279/,34279,シャピュイ　トラディション　ブリュットロゼ,2024-04-27,1,1,
291,シャピュイ トラディション 375ml,シャピュイ　トラディション　３７５ｍｌ,2750,￥２，７５０(税込),税込,,http://charme-du-vin.com/2024/04/34270/,34270,シャピュイ　トラディション　３７５ｍｌ,2024-04-27,1,1,
292,クートラ オリジン ブリュット 375ml,クートラ　オリジン　ブリュット　３７５ｍｌ,2640,￥２，６４０(税込),税込,,http://charme-du-vin.com/2024/04/34262/,34262,クートラ　オリジン　ブリュット　３７５ｍｌ,2024-04-27,1,1,
293,ドスーザ キュヴェ ミコソーズ BB,ドスーザ　キュヴェ　ミコソーズ　ＢＢ,14850,￥１４，８５０(税込),税込,,http://charme-du-vin.com/2024/04/34226/,34226,ドスーザ　キュヴェ　ミコソーズ　ＢＢ,2024-04-26,1,1,
294,ラングレ ブリュ グランド レゼルヴ,ラングレ　ブリュ　グランド　レゼルヴ,7260,￥７，２６０(税込),税込,,http://charme-du-vin.com/2024/04/34208/,34208,ラングレ　ブリュ　グランド　レゼルヴ/ブランドブラン　エクストラブリュ　GC,2024-04-25,1,2,
295,ラングレ ブランドブラン エクストラブリュ GC,ラングレ　ブランドブラン　エクストラブリュ　GC,9790,￥９，７９０(税込),税込,,http://charme-du-vin.com/2024/04/34208/,34208,ラングレ　ブリュ　グランド　レゼルヴ/ブランドブラン　エクストラブリュ　GC,2024-04-25,2,2,
296,ゴッセ グランミレジム 15,ゴッセ　グランミレジム １５,7920,￥７，９２０,,,http://charme-du-vin.com/2024/04/34190/,34190,ゴッセ　グランミレジム １５　/　グランレゼルブ ブリュット　/　グラン　ブランドブラン,2024-04-20,1,3,
297,ゴッセ グランレゼルブ ブリュット,ゴッセ　グランレゼルブ ブリュット,6600,￥６，６００,,,http://charme-du-vin.com/2024/04/34190/,34190,ゴッセ　グランミレジム １５　/　グランレゼルブ ブリュット　/　グラン　ブランドブラン,2024-04-20,2,3,
298,ゴッセ グラン ブランドブラン,ゴッセ　グラン　ブランドブラン,7370,￥７，３７０,,,http://charme-du-vin.com/2024/04/34190/,34190,ゴッセ　グランミレジム １５　/　グランレゼルブ ブリュット　/　グラン　ブランドブラン,2024-04-20,3,3,
299,エグリウーリエ レ プレミス,エグリウーリエ　レ　プレミス,13200,￥１３，２００(税込),税込,,http://charme-du-vin.com/2024/04/34112/,34112,エグリウーリエ　レ　プレミス/ジョセドント　ブランドブラン　ブリュ/ジャクソン　キュヴェ７４１　デゴルジュマンタルディフ,2024-04-17,1,3,
300,ジョセドント ブランドブラン ブリュ,ジョセドント　ブランドブラン　ブリュ,5940,￥５，９４０(税込),税込,,http://charme-du-vin.com/2024/04/34112/,34112,エグリウーリエ　レ　プレミス/ジョセドント　ブランドブラン　ブリュ/ジャクソン　キュヴェ７４１　デゴルジュマンタルディフ,2024-04-17,2,3,
301,ジャクソン キュヴェ741 デゴルジュマンタルディフ,ジャクソン　キュヴェ７４１　デゴルジュマンタルディフ,22000,￥２２，０００(税込),税込,,http://charme-du-vin.com/2024/04/34112/,34112,エグリウーリエ　レ　プレミス/ジョセドント　ブランドブラン　ブリュ/ジャクソン　キュヴェ７４１　デゴルジュマンタルディフ,2024-04-17,3,3,
302,ビルカールサルモン エリザベス サルモン ロゼ 09,ビルカールサルモン　エリザベス　サルモン　ロゼ　０９,30800,"￥３０,８００（税込）",税込,,http://charme-du-vin.com/2024/04/33918/,33918,ビルカールサルモン　エリザベス　サルモン　ロゼ　０９,2024-04-04,1,1,
303,ヴィルマール キュヴェ ルビー,ヴィルマール　キュヴェ　ルビー,9020,"￥９,０２０（税込）",税込,,http://charme-du-vin.com/2024/04/33915/,33915,ヴィルマール　キュヴェ　ルビー,2024-04-04,1,1,
304,ルイフォレ ブランドノワール エクストラブリュット,ルイフォレ　ブランドノワール　エクストラブリュット,10120,"￥１０,１２０（税込）",税込,,http://charme-du-vin.com/2024/03/33805/,33805,ルイフォレ　ブランドノワール　エクストラブリュット / ロゼ　エクストラブリュット,2024-03-25,1,2,
305,ルイフォレ ロゼ エクストラブリュット,ルイフォレ　ロゼ　エクストラブリュット,12100,"￥１２,１００（税込）",税込,,http://charme-du-vin.com/2024/03/33805/,33805,ルイフォレ　ブランドノワール　エクストラブリュット / ロゼ　エクストラブリュット,2024-03-25,2,2,
306,ピエールモンキュイ ブランドブラン,ピエールモンキュイ　ブランドブラン,7260,"￥７,２６０（税込）",税込,,http://charme-du-vin.com/2024/03/33802/,33802,ピエールモンキュイ　ブランドブラン,2024-03-25,1,1,
307,ボネール ブランドブラン ブリュットナチュール,ボネール　ブランドブラン　ブリュットナチュール,7040,"￥７,０４０（税込）",税込,,http://charme-du-vin.com/2024/03/33782/,33782,ボネール　ブランドブラン　ブリュットナチュール,2024-03-23,1,1,
308,ローランペリエ ウルトラブリュット,ローランペリエ　ウルトラブリュット,13750,"￥１３,７５０（税込）",税込,,http://charme-du-vin.com/2024/03/33779/,33779,ローランペリエ　ウルトラブリュット,2024-03-23,1,1,
309,ニコラパラディ トラディション ブリュ,ニコラパラディ　トラディション　ブリュ,3190,"￥３,１９０（税込）",税込,,http://charme-du-vin.com/2024/03/33775/,33775,ニコラパラディ　トラディション　ブリュ,2024-03-22,1,1,
310,フランソワスコンデ シルリー ロゼ,フランソワスコンデ　シルリー　ロゼ,7700,"￥７,７００（税込）",税込,,http://charme-du-vin.com/2024/03/33736/,33736,フランソワスコンデ　シルリー　ロゼ,2024-03-16,1,1,
311,テタンジェ コントドシャンパーニュ 06,テタンジェ　コントドシャンパーニュ　０６,35200,￥３５，２００(税込),税込,,http://charme-du-vin.com/2024/03/33708/,33708,テタンジェ　コントドシャンパーニュ　０６,2024-03-15,1,1,
312,エルマールロビオン VB03 エクストラブリュ,エルマールロビオン　VB03　エクストラブリュ,6600,￥６，６００(税込),税込,,http://charme-du-vin.com/2024/03/33705/,33705,エルマールロビオン　VB03　エクストラブリュ,2024-03-15,1,1,
313,ローズドジャンヌ UR/R19 1500ml,ローズドジャンヌ　UR/R19　１５００ｍｌ,132000,￥１３２，０００(税込),税込,,http://charme-du-vin.com/2024/03/33701/,33701,ローズドジャンヌ　UR/R19　１５００ｍｌ/コートドヴァルヴィレーヌ　１９,2024-03-15,1,2,
314,ローズドジャンヌ コートドヴァルヴィレーヌ 19,ローズドジャンヌ　コートドヴァルヴィレーヌ　１９,49500,￥４９，５００(税込),税込,,http://charme-du-vin.com/2024/03/33701/,33701,ローズドジャンヌ　UR/R19　１５００ｍｌ/コートドヴァルヴィレーヌ　１９,2024-03-15,2,2,
315,アヤラ ブランドブラン 15,アヤラ　ブランドブラン　１５,8580,￥８，５８０(税込),税込,,http://charme-du-vin.com/2024/03/33623/,33623,アヤラ　ブランドブラン　１５,2024-03-09,1,1,
316,アンリビリオ ミレジメ 2015 グランクリュ,アンリビリオ　ミレジメ　２０１５　グランクリュ,8580,"￥８,５８０（税込）",税込,,http://charme-du-vin.com/2024/03/33584/,33584,アンリビリオ　ミレジメ　２０１５　グランクリュ　/　キュヴェ　ジュリー　/　キュヴェ　レティシア,2024-03-06,1,3,
317,アンリビリオ キュヴェ ジュリー,アンリビリオ　キュヴェ　ジュリー,9350,"￥９,３５０（税込）",税込,,http://charme-du-vin.com/2024/03/33584/,33584,アンリビリオ　ミレジメ　２０１５　グランクリュ　/　キュヴェ　ジュリー　/　キュヴェ　レティシア,2024-03-06,2,3,
318,アンリビリオ キュヴェ レティシア,アンリビリオ　キュヴェ　レティシア,10780,"￥１０,７８０（税込）",税込,,http://charme-du-vin.com/2024/03/33584/,33584,アンリビリオ　ミレジメ　２０１５　グランクリュ　/　キュヴェ　ジュリー　/　キュヴェ　レティシア,2024-03-06,3,3,
319,ボランジェ グランダネ 14,ボランジェ　グランダネ　１４,25300,￥２５，３００(税込),税込,,http://charme-du-vin.com/2024/02/33487/,33487,ボランジェ　グランダネ　１４　/　ボランジェ　R.D,2024-02-26,1,2,
320,ボランジェ R.D,ボランジェ　R.D,45100,￥４５，１００(税込),税込,,http://charme-du-vin.com/2024/02/33487/,33487,ボランジェ　グランダネ　１４　/　ボランジェ　R.D,2024-02-26,2,2,
321,レベックデュハン ブリュット ゼロ,レベックデュハン　ブリュット　ゼロ,4290,￥４，２９０(税込),税込,,http://charme-du-vin.com/2024/02/33370/,33370,レベックデュハン　ブリュット　ゼロ　/　ルイブラン　ブランドブラン　/　フェニエルエフィス　アガパンヌ　ブリュット,2024-02-16,1,3,
322,ルイブラン ブランドブラン,ルイブラン　ブランドブラン,4400,￥４，４００(税込),税込,,http://charme-du-vin.com/2024/02/33370/,33370,レベックデュハン　ブリュット　ゼロ　/　ルイブラン　ブランドブラン　/　フェニエルエフィス　アガパンヌ　ブリュット,2024-02-16,2,3,
323,フェニエルエフィス アガパンヌ ブリュット,フェニエルエフィス　アガパンヌ　ブリュット,4290,￥４，２９０(税込),税込,,http://charme-du-vin.com/2024/02/33370/,33370,レベックデュハン　ブリュット　ゼロ　/　ルイブラン　ブランドブラン　/　フェニエルエフィス　アガパンヌ　ブリュット,2024-02-16,3,3,
324,オージェンヌIII トラディション 1.5L,オージェンヌⅢ　トラディション　１．５L,8140,￥８，１４０(税込),税込,,http://charme-du-vin.com/2024/02/33357/,33357,オージェンヌⅢ　トラディション　１．５L,2024-02-16,1,1,
325,パスカルアグラパール アヴィゾワーズ EXブリュ BB 17,パスカルアグラパール　アヴィゾワーズ　EXブリュ　BB １７,19800,"￥１９,８００（税込）",税込,,http://charme-du-vin.com/2024/01/33101/,33101,パスカルアグラパール　アヴィゾワーズ　EXブリュ　BB １７　/　ミネラル　/　コンプランテ　/　ヴェニス,2024-01-23,1,4,
326,パスカルアグラパール ミネラル 17 エクストラブリュット BB,パスカルアグラパール　ミネラル　１７　エクストラブリュット　BB,15400,"￥１５,４００（税込）",税込,,http://charme-du-vin.com/2024/01/33101/,33101,パスカルアグラパール　アヴィゾワーズ　EXブリュ　BB １７　/　ミネラル　/　コンプランテ　/　ヴェニス,2024-01-23,2,4,
327,パスカルアグラパール コンプランテ EXブリュ,パスカルアグラパール　コンプランテ　EXブリュ,11000,"￥１１,０００（税込）",税込,,http://charme-du-vin.com/2024/01/33101/,33101,パスカルアグラパール　アヴィゾワーズ　EXブリュ　BB １７　/　ミネラル　/　コンプランテ　/　ヴェニス,2024-01-23,3,4,
328,パスカルアグラパール ヴェニス ブリュットナチュール BB17,パスカルアグラパール　ヴェニス　ブリュットナチュール　BB１７,30800,"￥３０,８００（税込）",税込,,http://charme-du-vin.com/2024/01/33101/,33101,パスカルアグラパール　アヴィゾワーズ　EXブリュ　BB １７　/　ミネラル　/　コンプランテ　/　ヴェニス,2024-01-23,4,4,
329,アグラパール セットクリュ ブリュット,アグラパール　セットクリュ　ブリュット,7480,"￥７,４８０（税込）",税込,,http://charme-du-vin.com/2024/01/33099/,33099,アグラパール　セットクリュ　ブリュット　/　テロワール　エクストラブリュ　ブランドブラン,2024-01-23,1,2,
330,アグラパール テロワール エクストラブリュ ブランドブラン,アグラパール　テロワール　エクストラブリュ　ブランドブラン,9680,"￥９,６８０（税込）",税込,,http://charme-du-vin.com/2024/01/33099/,33099,アグラパール　セットクリュ　ブリュット　/　テロワール　エクストラブリュ　ブランドブラン,2024-01-23,2,2,
331,アンリグートルブ キュヴェプレステージ ブリュット,アンリグートルブ　キュヴェプレステージ　ブリュット,4730,"￥４,７３０（税込）",税込,,http://charme-du-vin.com/2024/01/33072/,33072,アンリグートルブ　キュヴェプレステージ　ブリュット　/　スペシャルクラブ　０８,2024-01-20,1,2,
332,アンリグートルブ スペシャルクラブ 08,アンリグートルブ　スペシャルクラブ　０８,9790,"￥９,７９０（税込）",税込,,http://charme-du-vin.com/2024/01/33072/,33072,アンリグートルブ　キュヴェプレステージ　ブリュット　/　スペシャルクラブ　０８,2024-01-20,2,2,
333,クリュッグ グランドキュヴェ 169 1.5L,クリュッグ　グランドキュヴェ　１６９　１．５L,77000,"￥７７,０００（税込）",税込,,http://charme-du-vin.com/2024/01/33062/,33062,クリュッグ　グランドキュヴェ　１６９　１．５L,2024-01-20,1,1,
334,ローランぺリエ キュヴェウルトラ,ローランぺリエ　キュヴェウルトラ,12100,"￥１２,１００（税込）",税込,,http://charme-du-vin.com/2024/01/33032/,33032,ローランぺリエ　キュヴェウルトラ,2024-01-16,1,1,
335,クリストフバロン レザロード 18 1.5L,クリストフバロン　レザロード　１８　１．５L,41800,"￥４１,８００（税込）",税込,,http://charme-du-vin.com/2024/01/33018/,33018,クリストフバロン　レザロード　１８　１．５L,2024-01-15,1,1,
336,ドンルイナール ブランドブラン エキストラブリュト 10,ドンルイナール　ブランドブラン　エキストラブリュト　10,33000,"￥３３,０００（税込）",税込,,http://charme-du-vin.com/2023/12/32743/,32743,ドンルイナール ブランドブラン エキストラブリュト 2010,2023-12-27,1,1,
337,ピエールペテルス キュヴェレゼルヴ ブランドブラン ブリュット,ピエールペテルス　キュヴェレゼルヴ　ブランドブラン　ブリュット,7480,"￥７,４８０（税込）",税込,,http://charme-du-vin.com/2023/12/32711/,32711,ピエールペテルス　キュヴェレゼルヴ　ブランドブラン　ブリュット,2023-12-22,1,1,
338,マルセルピエール ブリュット,マルセルピエール　ブリュット,3850,"￥３,８５０（税込）",税込,,http://charme-du-vin.com/2023/12/32708/,32708,マルセルピエール　ブリュット,2023-12-22,1,1,
339,ルイロデレール クリスタル 2014,ルイロデレール　クリスタル　２０１４,41800,"￥４１,８００（税込）",税込,,http://charme-du-vin.com/2023/12/32705/,32705,ルイロデレール　クリスタル　２０１４,2023-12-22,1,1,
340,ボランジェ グランダネ 2014,ボランジェ　グランダネ　２０１４,23100,"￥２３,１００（税込）",税込,,http://charme-du-vin.com/2023/12/32702/,32702,ボランジェ　グランダネ　２０１４ / ＲＤ　２００８,2023-12-22,1,2,
341,ボランジェ RD 2008,ボランジェ　ＲＤ　２００８,45100,"￥４５,１００（税込）",税込,,http://charme-du-vin.com/2023/12/32702/,32702,ボランジェ　グランダネ　２０１４ / ＲＤ　２００８,2023-12-22,2,2,
342,テタンジェ コントドシャンパーニュ 06,テタンジェ　コントドシャンパーニュ　０６,35200,"￥３５,２００（税込）",税込,,http://charme-du-vin.com/2023/12/32666/,32666,テタンジェ　コントドシャンパーニュ　０６,2023-12-16,1,1,
343,ドラピエ ブリュット ロゼ ド サングエ,ドラピエ　ブリュット　ロゼ　ド　サングエ,5280,"￥５,２８０（税込）",税込,,http://charme-du-vin.com/2023/12/32663/,32663,ドラピエ　ブリュット　ロゼ　ド　サングエ,2023-12-16,1,1,
344,アルノードシューラン ヴォヤージュドヴァイヨン ※ラベル3種類,アルノードシューラン　ヴォヤージュドヴァイヨン　※ラベル３種類,4620,"￥４,６２０（税込）",税込,,http://charme-du-vin.com/2023/12/32660/,32660,アルノードシューラン　ヴォヤージュドヴァイヨン　※ラベル３種類,2023-12-16,1,1,
345,ドラピエ カルトドール,ドラピエ　カルトドール,4840,"￥４,８４０（税込）",税込,,http://charme-du-vin.com/2023/11/32452/,32452,ドラピエ　カルトドール   /  ブリュットナチュール,2023-11-20,1,2,
346,ドラピエ ブリュットナチュール,ドラピエ　ブリュットナチュール,5280,"￥５,２８０（税込）",税込,,http://charme-du-vin.com/2023/11/32452/,32452,ドラピエ　カルトドール   /  ブリュットナチュール,2023-11-20,2,2,
347,ジャクソン キュヴェ 746,ジャクソン　キュヴェ　７４６,9460,"￥９,４６０（税込）",税込,,http://charme-du-vin.com/2023/11/32449/,32449,ジャクソン　キュヴェ　７４６,2023-11-20,1,1,
348,ジャンラルマン キュヴェ トラディション,ジャンラルマン　キュヴェ　トラディション,5830,"￥５,８３０（税込）",税込,,http://charme-du-vin.com/2023/11/32414/,32414,ジャンラルマン　キュヴェ　トラディション,2023-11-17,1,1,
349,ゴッセ セレブリス 08,ゴッセ　セレブリス　０８,18700,"￥１８,７００（税込）",税込,,http://charme-du-vin.com/2023/11/32377/,32377,ＳＡＬＥ！！　ゴッセ　セレブリス　０８,2023-11-13,1,1,★ＳＡＬＥ！！★　| ゴッセ　セレブリス　０８
350,アンドレボーフォール ポリジー レゼルヴ,アンドレボーフォール　ポリジー　レゼルヴ,3960,"￥３,９６０（税込）",税込,,http://charme-du-vin.com/2023/11/32344/,32344,アンドレボーフォール　ポリジー　レゼルヴ / ボーフォール　フレール　ブランドノワール　２１,2023-11-09,1,2,
351,ボーフォール フレール ブランドノワール 21,ボーフォール　フレール　ブランドノワール　２１,2970,"￥２,９７０（税込）",税込,,http://charme-du-vin.com/2023/11/32344/,32344,アンドレボーフォール　ポリジー　レゼルヴ / ボーフォール　フレール　ブランドノワール　２１,2023-11-09,2,2,
352,ユレフレール アンヴィタシオン,ユレフレール　アンヴィタシオン,3630,"￥３,６３０（税込）",税込,,http://charme-du-vin.com/2023/11/32341/,32341,ユレフレール　アンヴィタシオン,2023-11-09,1,1,
353,ニコラフィアット コレクション ヴィンテージ 12,ニコラフィアット　コレクション　ヴィンテージ　１２,5940,"￥５,９４０（税込）",税込,,http://charme-du-vin.com/2023/11/32280/,32280,ニコラフィアット　コレクション　ヴィンテージ　１２,2023-11-04,1,1,
354,シャルルドカザノーヴ ブランドノワール,シャルルドカザノーヴ　ブランドノワール,5940,"￥５,９４０（税込）",税込,,http://charme-du-vin.com/2023/11/32245/,32245,シャルルドカザノーヴ　ブランドノワール,2023-11-01,1,1,
355,アンドレクルエ チョーキー,アンドレクルエ　チョーキー,7040,"￥７,０４０（税込）",税込,,http://charme-du-vin.com/2023/11/32242/,32242,アンドレクルエ　チョーキー  /   ドリームヴィンテージ　２０１５,2023-11-01,1,2,
356,アンドレクルエ ドリームヴィンテージ 2015,アンドレクルエ　ドリームヴィンテージ　２０１５,7040,"￥７,０４０（税込）",税込,,http://charme-du-vin.com/2023/11/32242/,32242,アンドレクルエ　チョーキー  /   ドリームヴィンテージ　２０１５,2023-11-01,2,2,
357,アンビリオ キュヴェ トラディション GC 1.5L,アンビリオ　キュヴェ　トラディション　ＧＣ　１．５Ｌ,9130,"￥９,１３０（税込）",税込,,http://charme-du-vin.com/2023/11/32239/,32239,アンビリオ　キュヴェ　トラディション　ＧＣ　１．５Ｌ　/　キュヴェ　トラディション　ＧＣ　/　ミレジメ　２０１５　ＧＣ,2023-11-01,1,3,
358,アンビリオ キュヴェ トラディション GC,アンビリオ　キュヴェ　トラディション　ＧＣ,5830,"￥５,８３０（税込）",税込,,http://charme-du-vin.com/2023/11/32239/,32239,アンビリオ　キュヴェ　トラディション　ＧＣ　１．５Ｌ　/　キュヴェ　トラディション　ＧＣ　/　ミレジメ　２０１５　ＧＣ,2023-11-01,2,3,
359,アンビリオ ミレジメ 2015 GC,アンビリオ　ミレジメ　２０１５　ＧＣ,8580,"￥８,５８０（税込）",税込,,http://charme-du-vin.com/2023/11/32239/,32239,アンビリオ　キュヴェ　トラディション　ＧＣ　１．５Ｌ　/　キュヴェ　トラディション　ＧＣ　/　ミレジメ　２０１５　ＧＣ,2023-11-01,3,3,
360,ヴィルマール グラン セリエ,ヴィルマール　グラン　セリエ,8800,"￥８,８００（税込）",税込,,http://charme-du-vin.com/2023/10/32106/,32106,ヴィルマール　グラン　セリエ,2023-10-20,1,1,
361,ドレモン エフェメール 015 ブランドブラン エクストラブリュット,ドレモン　エフェメール　０１５　ブランドブラン　エクストラブリュット,10450,"￥１０,４５０（税込）",税込,,http://charme-du-vin.com/2023/10/32103/,32103,ドレモン　エフェメール　０１５　ブランドブラン　エクストラブリュット,2023-10-20,1,1,
362,ローズドジャンヌ レズルシュレ ブランドノワール 17,ローズドジャンヌ　レズルシュレ　ブランドノワール　１７,67100,"￥６７,１００（税込）",税込,,http://charme-du-vin.com/2023/10/32059/,32059,ローズドジャンヌ　レズルシュレ　ブランドノワール　１７,2023-10-17,1,1,
363,ドスーザ キュヴェ コーダリー ブランドブラン 10,ドスーザ　キュヴェ　コーダリー　ブランドブラン　１０,28600,"￥２８,６００（税込）",税込,,http://charme-du-vin.com/2023/10/32056/,32056,ドスーザ　キュヴェ　コーダリー　ブランドブラン　１０,2023-10-17,1,1,
364,アンリオ リナタンジュ シャルドネ グランクリュ 16,アンリオ　リナタンジュ　シャルドネ　グランクリュ　１６,20900,"￥２０,９００（税込）",税込,,http://charme-du-vin.com/2023/10/32053/,32053,アンリオ　リナタンジュ　シャルドネ　グランクリュ　１６,2023-10-17,1,1,
365,テヴネドルーヴァン カルトノワール ブリュット,テヴネドルーヴァン　カルトノワール　ブリュット,5280,"￥５,２８０（税込）",税込,,http://charme-du-vin.com/2023/10/32050/,32050,テヴネドルーヴァン　カルトノワール　ブリュット,2023-10-17,1,1,
366,ボランジェ PN AYC 18,ボランジェ　ＰＮ　ＡＹＣ　１８,14850,"￥１４,８５０",,,http://charme-du-vin.com/2023/10/32006/,32006,ボランジェ　ＰＮ　ＡＹＣ　１８,2023-10-12,1,1,
367,アグラパール テロワール エクストラブリュット ブランドブラン,アグラパール　テロワール　エクストラブリュット　ブランドブラン,8140,"￥８,１４０（税込）",税込,,http://charme-du-vin.com/2023/10/32003/,32003,アグラパール　テロワール　エクストラブリュット　ブランドブラン,2023-10-12,1,1,
368,パスカルアグラパール コンプランテ エクストラブリュット,パスカルアグラパール　コンプランテ　エクストラブリュット,9680,"￥９,６８０（税込）",税込,,http://charme-du-vin.com/2023/10/32000/,32000,パスカルアグラパール　コンプランテ　エクストラブリュット　/ ミネラル　１６　エクストラブリュット　ブランドブラン / アヴィゾワーズ　１６　エクストラブリュット　ブランドブラン / ヴェニュス　１６　ブリュットナチュール　ブランドブラン,2023-10-12,1,4,
369,パスカルアグラパール ミネラル 16 エクストラブリュット ブランドブラン,パスカルアグラパール　ミネラル　１６　エクストラブリュット　ブランドブラン,13200,"￥１３,２００（税込）",税込,,http://charme-du-vin.com/2023/10/32000/,32000,パスカルアグラパール　コンプランテ　エクストラブリュット　/ ミネラル　１６　エクストラブリュット　ブランドブラン / アヴィゾワーズ　１６　エクストラブリュット　ブランドブラン / ヴェニュス　１６　ブリュットナチュール　ブランドブラン,2023-10-12,2,4,
370,パスカルアグラパール アヴィゾワーズ 16 エクストラブリュット ブランドブラン,パスカルアグラパール　アヴィゾワーズ　１６　エクストラブリュット　ブランドブラン,17600,"￥１７,６００（税込）",税込,,http://charme-du-vin.com/2023/10/32000/,32000,パスカルアグラパール　コンプランテ　エクストラブリュット　/ ミネラル　１６　エクストラブリュット　ブランドブラン / アヴィゾワーズ　１６　エクストラブリュット　ブランドブラン / ヴェニュス　１６　ブリュットナチュール　ブランドブラン,2023-10-12,3,4,
371,パスカルアグラパール ヴェニュス 16 ブリュットナチュール ブランドブラン,パスカルアグラパール　ヴェニュス　１６　ブリュットナチュール　ブランドブラン,26400,"￥２６,４００（税込）",税込,,http://charme-du-vin.com/2023/10/32000/,32000,パスカルアグラパール　コンプランテ　エクストラブリュット　/ ミネラル　１６　エクストラブリュット　ブランドブラン / アヴィゾワーズ　１６　エクストラブリュット　ブランドブラン / ヴェニュス　１６　ブリュットナチュール　ブランドブラン,2023-10-12,4,4,
372,ルイロデレール ブリュットナチュール 09,ルイロデレール　ブリュットナチュール　０９,11000,"￥１１,０００（税込）",税込,,http://charme-du-vin.com/2023/10/31991/,31991,ルイロデレール　ブリュットナチュール　０９,2023-10-11,1,1,
373,テルモン ブランドブラン 14,テルモン　ブランドブラン　１４,18700,"￥１８,７００（税込）",税込,,http://charme-du-vin.com/2023/10/31971/,31971,テルモン　ブランドブラン　１４,2023-10-10,1,1,
374,シャルルエドシック ブラン ド ミネレール 2007,シャルルエドシック　ブラン　ド　ミネレール　２００７,33000,"￥３３,０００（税込）",税込,,http://charme-du-vin.com/2023/10/31953/,31953,シャルルエドシック　ブラン　ド　ミネレール　２００７ / シャンパン　チャーリー　２０１７,2023-10-07,1,2,
375,シャルルエドシック シャンパン チャーリー 2017,シャルルエドシック　シャンパン　チャーリー　２０１７,92400,"￥９２,４００（税込）",税込,,http://charme-du-vin.com/2023/10/31953/,31953,シャルルエドシック　ブラン　ド　ミネレール　２００７ / シャンパン　チャーリー　２０１７,2023-10-07,2,2,
376,ラリエ Rシリーズ ブリュット 375ml,ラリエ　Ｒシリーズ　ブリュット　３７５ｍｌ,3190,"￥３,１９０（税込）",税込,,http://charme-du-vin.com/2023/10/31937/,31937,ラリエ　Ｒシリーズ　ブリュット　３７５ｍｌ,2023-10-05,1,1,
377,ウィリアムバーン ブランドブラン ブリュット 16,ウィリアムバーン　ブランドブラン　ブリュット　１６,7700,"￥７,７００（税込）",税込,,http://charme-du-vin.com/2023/10/31858/,31858,ウィリアムバーン　ブランドブラン　ブリュット　１６,2023-10-04,1,1,
378,ポールロジェ サーウィンストンチャーチル 15 750ml,ポールロジェ　サーウィンストンチャーチル　１５　７５０ｍｌ,34100,"￥３４,１００（税込）",税込,,http://charme-du-vin.com/2023/10/31855/,31855,ポールロジェ　サーウィンストンチャーチル　１５　７５０ｍｌ,2023-10-04,1,1,
379,ジョセフペリエ キュヴェロワイヤル ブリュットナチュール,ジョセフペリエ　キュヴェロワイヤル　ブリュットナチュール,6490,"￥６,４９０（税込）",税込,,http://charme-du-vin.com/2023/09/31710/,31710,ジョセフペリエ　キュヴェロワイヤル　ブリュットナチュール,2023-09-21,1,1,
380,ビルカールサルモン ブリュット ロゼ,ビルカールサルモン　ブリュット　ロゼ,9900,"￥９,９００（税込）",税込,,http://charme-du-vin.com/2023/09/31707/,31707,ビルカールサルモン　ブリュット　ロゼ,2023-09-21,1,1,
381,ピエールペテルス グランレゼルヴ ブランドブラン エクストラブリュット,ピエールペテルス　グランレゼルヴ　ブランドブラン　エクストラブリュット,9240,"￥９,２４０（税込）",税込,,http://charme-du-vin.com/2023/09/31705/,31705,ピエールペテルス　グランレゼルヴ　ブランドブラン　エクストラブリュット,2023-09-21,1,1,
382,ウィリアムバーン ブランドブラン ブリュット,ウィリアムバーン　ブランドブラン　ブリュット,5720,"￥５,７２０（税込）",税込,,http://charme-du-vin.com/2023/09/31607/,31607,ウィリアムバーン　ブランドブラン　ブリュット,2023-09-14,1,1,
383,テタンジェ コントドシャンパーニュ 08 1.5L,テタンジェ　コントドシャンパーニュ　０８　１．５Ｌ,61600,"￥６１,６００（税込）",税込,,http://charme-du-vin.com/2023/09/31604/,31604,テタンジェ　コントドシャンパーニュ　０８　１．５Ｌ,2023-09-14,1,1,
384,クリストフミニョン ADN ドゥ ムニエ エクストラブリュット,クリストフミニョン　ＡＤＮ　ドゥ　ムニエ　エクストラブリュット,8470,"￥８,４７０（税込）",税込,,http://charme-du-vin.com/2023/09/31494/,31494,クリストフミニョン　ＡＤＮ　ドゥ　ムニエ　エクストラブリュット,2023-09-04,1,1,
385,ラクルトゴドビヨン 1ERクリュ テロワール デキュイユ,ラクルトゴドビヨン　１ＥＲクリュ　テロワール　デキュイユ,7590,"￥７,５９０（税込）",税込,,http://charme-du-vin.com/2023/09/31456/,31456,ラクルトゴドビヨン　１ＥＲクリュ　テロワール　デキュイユ,2023-09-01,1,1,
386,エリックロデス ブランドノワール,エリックロデス　ブランドノワール,9350,"￥９,３５０（税込）",税込,,http://charme-du-vin.com/2023/08/31431/,31431,エリックロデス　ブランドノワール,2023-08-28,1,1,
387,ジャックラセーヌ レヴィーニュドモングー,ジャックラセーヌ　レヴィーニュドモングー,9020,"￥９,０２０（税込）",税込,,http://charme-du-vin.com/2023/08/31425/,31425,ジャックラセーヌ　レヴィーニュドモングー,2023-08-28,1,1,
388,各,各,69300,"各　￥６９,３００（税込）",税込,,http://charme-du-vin.com/2023/08/31422/,31422,テタンジェ　コレクション　８５・８６・８８,2023-08-28,1,1,テタンジェ　コレクション　８５・８６・８８
389,セロスパジョン ブランドブラン ランデヴー,セロスパジョン　ブランドブラン　ランデヴー,5720,￥５，７２０(税込),税込,,http://charme-du-vin.com/2023/08/31397/,31397,セロスパジョン　ブランドブラン　ランデヴー,2023-08-25,1,1,
390,ノワック S.A サンザネ,ノワック　S．A　サンザネ,7480,￥７，４８０(税込),税込,,http://charme-du-vin.com/2023/08/31387/,31387,ノワック　S．A　サンザネ,2023-08-25,1,1,
391,カゼティボー ナチュレルマン,カゼティボー　ナチュレルマン,6380,"￥６,３８０（税込）",税込,,http://charme-du-vin.com/2023/08/31234/,31234,カゼティボー　ナチュレルマン,2023-08-10,1,1,
392,エグリウーリエ エクストラブリュット グランクリュ,エグリウーリエ　エクストラブリュット　グランクリュ,17600,"￥１７,６００（税込）",税込,,http://charme-du-vin.com/2023/08/31230/,31230,エグリウーリエ　エクストラブリュット　グランクリュ / エクストラブリュット　グランクリュ　ＶＰ,2023-08-10,1,2,
393,エグリウーリエ エクストラブリュット グランクリュ VP,エグリウーリエ　エクストラブリュット　グランクリュ　ＶＰ,25300,"￥２５,３００（税込）",税込,,http://charme-du-vin.com/2023/08/31230/,31230,エグリウーリエ　エクストラブリュット　グランクリュ / エクストラブリュット　グランクリュ　ＶＰ,2023-08-10,2,2,
394,ノワック S.A サンザネ,ノワック　Ｓ．Ａ　サンザネ,7920,"￥７,９２０（税込）",税込,,http://charme-du-vin.com/2023/08/31224/,31224,ノワック　Ｓ．Ａ　サンザネ / ラ　テュイルリー / レ　ボーシュ / ラ　フォンティネット,2023-08-10,1,4,
395,ノワック ラ テュイルリー,ノワック　ラ　テュイルリー,10780,"￥１０,７８０（税込）",税込,,http://charme-du-vin.com/2023/08/31224/,31224,ノワック　Ｓ．Ａ　サンザネ / ラ　テュイルリー / レ　ボーシュ / ラ　フォンティネット,2023-08-10,2,4,
396,ノワック レ ボーシュ,ノワック　レ　ボーシュ,9680,"￥９,６８０（税込）",税込,,http://charme-du-vin.com/2023/08/31224/,31224,ノワック　Ｓ．Ａ　サンザネ / ラ　テュイルリー / レ　ボーシュ / ラ　フォンティネット,2023-08-10,3,4,
397,ノワック ラ フォンティネット,ノワック　ラ　フォンティネット,10780,"￥１０,７８０（税込）",税込,,http://charme-du-vin.com/2023/08/31224/,31224,ノワック　Ｓ．Ａ　サンザネ / ラ　テュイルリー / レ　ボーシュ / ラ　フォンティネット,2023-08-10,4,4,
398,ノワック レ アルパン ルージュ,ノワック　レ　アルパン　ルージュ,12650,"￥１２,６５０（税込）",税込,,http://charme-du-vin.com/2023/08/31220/,31220,ノワック　レ　アルパン　ルージュ / レ　テール　ブルー / クリュ　ドリジン　ウイィ / オートレ　クリュ,2023-08-10,1,4,
399,ノワック レ テール ブルー,ノワック　レ　テール　ブルー,12650,"￥１２,６５０（税込）",税込,,http://charme-du-vin.com/2023/08/31220/,31220,ノワック　レ　アルパン　ルージュ / レ　テール　ブルー / クリュ　ドリジン　ウイィ / オートレ　クリュ,2023-08-10,2,4,
400,ノワック クリュ ドリジン ウイィ,ノワック　クリュ　ドリジン　ウイィ,15400,"￥１５,４００（税込）",税込,,http://charme-du-vin.com/2023/08/31220/,31220,ノワック　レ　アルパン　ルージュ / レ　テール　ブルー / クリュ　ドリジン　ウイィ / オートレ　クリュ,2023-08-10,3,4,
401,ノワック オートレ クリュ,ノワック　オートレ　クリュ,9680,"￥９,６８０（税込）",税込,,http://charme-du-vin.com/2023/08/31220/,31220,ノワック　レ　アルパン　ルージュ / レ　テール　ブルー / クリュ　ドリジン　ウイィ / オートレ　クリュ,2023-08-10,4,4,
402,ボランジェ グランダネ 2014,ボランジェ　グランダネ　２０１４,18700,￥１８，７００(税込),税込,,http://charme-du-vin.com/2023/08/31108/,31108,ボランジェ　グランダネ　２０１４,2023-08-03,1,1,
403,パイパーエドシック エッセンシャル ブランドブラン,パイパーエドシック　エッセンシャル　ブランドブラン,6490,￥６，４９０(税込),税込,,http://charme-du-vin.com/2023/08/31089/,31089,パイパーエドシック　エッセンシャル　ブランドブラン/エッセンシャルエクストラブリュット,2023-08-03,1,2,
404,パイパーエドシック エッセンシャルエクストラブリュット,パイパーエドシック　エッセンシャルエクストラブリュット,5940,￥５，９４０(税込),税込,,http://charme-du-vin.com/2023/08/31089/,31089,パイパーエドシック　エッセンシャル　ブランドブラン/エッセンシャルエクストラブリュット,2023-08-03,2,2,
405,ラルマンディエベルニエ ロゼ ド セニエ,ラルマンディエベルニエ　ロゼ　ド　セニエ,17600,￥１７，６００(税込),税込,,http://charme-du-vin.com/2023/07/31078/,31078,ラルマンディエベルニエ　ロゼ　ド　セニエ/ラティテュード　BB,2023-07-28,1,2,
406,ラルマンディエベルニエ ラティテュード BB,ラルマンディエベルニエ　ラティテュード　BB,10780,￥１０，７８０(税込),税込,,http://charme-du-vin.com/2023/07/31078/,31078,ラルマンディエベルニエ　ロゼ　ド　セニエ/ラティテュード　BB,2023-07-28,2,2,
407,クリストフミニョン ADNドゥムニエ ロゼ ドゥ セニエ,クリストフミニョン　ADNドゥムニエ　ロゼ　ドゥ　セニエ,14300,￥１４，３００(税込),税込,,http://charme-du-vin.com/2023/07/31071/,31071,クリストフミニョン　ADNドゥムニエ　ロゼ　ドゥ　セニエ/トロワジェームミレネーム/ミレジム　１５,2023-07-28,1,3,
408,クリストフミニョン トロワジェームミレネーム,クリストフミニョン　トロワジェームミレネーム,8360,￥８，３６０(税込),税込,,http://charme-du-vin.com/2023/07/31071/,31071,クリストフミニョン　ADNドゥムニエ　ロゼ　ドゥ　セニエ/トロワジェームミレネーム/ミレジム　１５,2023-07-28,2,3,
409,クリストフミニョン ADNドゥムニエ ミレジム 15,クリストフミニョン　ADNドゥムニエ　ミレジム　１５,15400,￥１５，４００(税込),税込,,http://charme-du-vin.com/2023/07/31071/,31071,クリストフミニョン　ADNドゥムニエ　ロゼ　ドゥ　セニエ/トロワジェームミレネーム/ミレジム　１５,2023-07-28,3,3,
410,カナールデュシェーヌ キュヴェレオニー 3L,カナールデュシェーヌ　キュヴェレオニー　３Ｌ,22000,"￥２２,０００（税込）",税込,,http://charme-du-vin.com/2023/07/31043/,31043,カナールデュシェーヌ　キュヴェレオニー　３Ｌ,2023-07-27,1,1,
411,JMラブリュイエール プロローグ ブリュット,JMラブリュイエール　プロローグ　ブリュット,6600,￥６，６００(税込),税込,,http://charme-du-vin.com/2023/07/30958/,30958,JMラブリュイエール　プロローグ　ブリュット,2023-07-22,1,1,
412,ドントグルレ ダンザンプルミエタン EXブリュット,ドントグルレ　ダンザンプルミエタン　ＥＸブリュット,9020,"￥９,０２０（税込）",税込,,http://charme-du-vin.com/2023/07/30926/,30926,ドントグルレ　ダンザンプルミエタン　ＥＸブリュット / レテールフィーヌ　プルミエクリュ　ブランドブラン / クラマン　グランクリュ　ブランドブラン　ＥＸブリュット,2023-07-20,1,3,
413,ドントグルレ レテールフィーヌ プルミエクリュ ブランドブラン,ドントグルレ　レテールフィーヌ　プルミエクリュ　ブランドブラン,11000,"￥１１,０００（税込）",税込,,http://charme-du-vin.com/2023/07/30926/,30926,ドントグルレ　ダンザンプルミエタン　ＥＸブリュット / レテールフィーヌ　プルミエクリュ　ブランドブラン / クラマン　グランクリュ　ブランドブラン　ＥＸブリュット,2023-07-20,2,3,
414,ドントグルレ クラマン グランクリュ ブランドブラン EXブリュット,ドントグルレ　クラマン　グランクリュ　ブランドブラン　ＥＸブリュット,14300,"￥１４,３００（税込）",税込,,http://charme-du-vin.com/2023/07/30926/,30926,ドントグルレ　ダンザンプルミエタン　ＥＸブリュット / レテールフィーヌ　プルミエクリュ　ブランドブラン / クラマン　グランクリュ　ブランドブラン　ＥＸブリュット,2023-07-20,3,3,
415,ヴーヴコウリコ ラグランダム 2012 草間彌生ラベル,ヴーヴコウリコ　ラグランダム　２０１２　草間彌生ラベル,24200,"￥２４,２００（税込）",税込,,http://charme-du-vin.com/2023/07/30910/,30910,ヴーヴコウリコ　ラグランダム　２０１２　草間彌生ラベル,2023-07-19,1,1,
416,モエシャンドン ネクターインペリアル,モエシャンドン　ネクターインペリアル,7920,"￥７,９２０（税込）",税込,,http://charme-du-vin.com/2023/07/30907/,30907,モエシャンドン　ネクターインペリアル  /  アイスインペリアル,2023-07-19,1,2,
417,モエシャンドン アイスインペリアル,モエシャンドン　アイスインペリアル,8360,"￥８,３６０（税込）",税込,,http://charme-du-vin.com/2023/07/30907/,30907,モエシャンドン　ネクターインペリアル  /  アイスインペリアル,2023-07-19,2,2,
418,テタンジェ コレクション 08,テタンジェ　コレクション　０８,46200,￥４６，２００(税込),税込,,http://charme-du-vin.com/2023/06/30687/,30687,テタンジェ　コレクション　０８/コントドシャンパーニュ　０５,2023-06-21,1,2,
419,テタンジェ コントドシャンパーニュ 05,テタンジェ　コントドシャンパーニュ　０５,37400,￥３７，４００(税込),税込,,http://charme-du-vin.com/2023/06/30687/,30687,テタンジェ　コレクション　０８/コントドシャンパーニュ　０５,2023-06-21,2,2,
420,ポールロジェ ピュアーエクストラブリュット,ポールロジェ　ピュアーエクストラブリュット,8800,￥８，８００(税込),税込,,http://charme-du-vin.com/2023/06/30672/,30672,ポールロジェ　ピュアーエクストラブリュット/ブランドブラン　ヴィンテージ　１５,2023-06-21,1,2,
421,ポールロジェ ブランドブラン ヴィンテージ 15,ポールロジェ　ブランドブラン　ヴィンテージ　１５,12650,￥１２，６５０(税込),税込,,http://charme-du-vin.com/2023/06/30672/,30672,ポールロジェ　ピュアーエクストラブリュット/ブランドブラン　ヴィンテージ　１５,2023-06-21,2,2,
422,パルメ ブリュット レゼルヴ,パルメ　ブリュット　レゼルヴ,4950,"￥４,９５０（税込）",税込,,http://charme-du-vin.com/2023/06/30623/,30623,パルメ　ブリュット　レゼルヴ　/  ヴィンテージ　２０１２,2023-06-13,1,2,
423,パルメ ヴィンテージ 2012,パルメ　ヴィンテージ　２０１２,7920,"￥７,９２０（税込）",税込,,http://charme-du-vin.com/2023/06/30623/,30623,パルメ　ブリュット　レゼルヴ　/  ヴィンテージ　２０１２,2023-06-13,2,2,
424,アンリビリオ キュヴェ レティシア,アンリビリオ　キュヴェ　レティシア,12100,"￥１２,１００（税込）",税込,,http://charme-du-vin.com/2023/06/30581/,30581,アンリビリオ　キュヴェ　レティシア,2023-06-12,1,1,
425,フィリッポナー クロデ ゴワセ 07,フィリッポナー　クロデ　ゴワセ　０７,38500,￥３８，５００(税込),税込,,http://charme-du-vin.com/2023/05/30312/,30312,フィリッポナー　クロデ　ゴワセ　０７,2023-05-19,1,1,
426,Aマルゲーヌ ブリュット 1er クリュ,Aマルゲーヌ　ブリュット　１er　クリュ,4950,￥４，９５０(税込),税込,,http://charme-du-vin.com/2023/05/30309/,30309,Aマルゲーヌ　ブリュット　１er　クリュ,2023-05-19,1,1,
427,ドスーザ キュヴェ 3A,ドスーザ　キュヴェ　３A,9790,￥９，７９０(税込),税込,,http://charme-du-vin.com/2023/05/30307/,30307,ドスーザ　キュヴェ　３A,2023-05-19,1,1,
428,ヴィルマール グラン セリエ,ヴィルマール　グラン　セリエ,8800,￥８，８００(税込),税込,,http://charme-du-vin.com/2023/05/30305/,30305,ヴィルマール　グラン　セリエ,2023-05-19,1,1,
429,フィリッポナー キュヴェ 1522,フィリッポナー　キュヴェ　１５２２,15180,￥１５，１８０(税込),税込,,http://charme-du-vin.com/2023/05/30294/,30294,フィリッポナー　キュヴェ　１５２２,2023-05-19,1,1,
430,アンリオ ブリュット スーヴェラン,アンリオ　ブリュット　スーヴェラン,4950,￥４，９５０(税込),税込,,http://charme-du-vin.com/2023/05/30264/,30264,アンリオ　ブリュット　スーヴェラン,2023-05-18,1,1,
431,ピエールペテルス キュヴェレゼルヴ ブランドブラン,ピエールペテルス　キュヴェレゼルヴ　ブランドブラン,6600,￥６，６００(税込),税込,,http://charme-du-vin.com/2023/05/30146/,30146,ピエールペテルス　キュヴェレゼルヴ　ブランドブラン/レゼルヴウヴリエ　ブランドブラン,2023-05-11,1,2,
432,ピエールペテルス レゼルヴウヴリエ ブランドブラン,ピエールペテルス　レゼルヴウヴリエ　ブランドブラン,11550,￥１１，５５０(税込),税込,,http://charme-du-vin.com/2023/05/30146/,30146,ピエールペテルス　キュヴェレゼルヴ　ブランドブラン/レゼルヴウヴリエ　ブランドブラン,2023-05-11,2,2,
433,アンドレクルエ グランレゼルヴ 6L,アンドレクルエ　グランレゼルヴ　６L,73700,￥７３，７００(税込),税込,,http://charme-du-vin.com/2023/05/30120/,30120,アンドレクルエ　グランレゼルヴ６L/３L/ドリームヴィンテージ０９/０８,2023-05-10,1,4,
434,アンドレクルエ グランレゼルヴ 3L,アンドレクルエ　グランレゼルヴ　３L,39600,￥３９，６００(税込),税込,,http://charme-du-vin.com/2023/05/30120/,30120,アンドレクルエ　グランレゼルヴ６L/３L/ドリームヴィンテージ０９/０８,2023-05-10,2,4,
435,アンドレクルエ ドリームヴィンテージ09,アンドレクルエ　ドリームヴィンテージ０９,8360,￥８，３６０(税込),税込,,http://charme-du-vin.com/2023/05/30120/,30120,アンドレクルエ　グランレゼルヴ６L/３L/ドリームヴィンテージ０９/０８,2023-05-10,3,4,
436,アンドレクルエ ドリームヴィンテージ08,アンドレクルエ　ドリームヴィンテージ０８,9790,￥９，７９０(税込),税込,,http://charme-du-vin.com/2023/05/30120/,30120,アンドレクルエ　グランレゼルヴ６L/３L/ドリームヴィンテージ０９/０８,2023-05-10,4,4,
437,ワイバイヨシキ ☓ ポメリー ブリュット ※箱なし,ワイバイヨシキ　☓　ポメリー　ブリュット　※箱なし,16500,"￥１６,５００（税込）",税込,,http://charme-du-vin.com/2023/04/30038/,30038,ワイバイヨシキ　☓　ポメリー　ブリュット　※箱なし,2023-04-27,1,1,
438,ドレモント エフェメール 014 ブランドブラン グランクリュ,ドレモント　エフェメール　０１４　ブランドブラン　グランクリュ,9680,"￥９,６８０（税込）",税込,,http://charme-du-vin.com/2023/04/30036/,30036,ドレモント　エフェメール　０１４　ブランドブラン　グランクリュ,2023-04-27,1,1,
439,レミルロワ エクストラ ブリュット,レミルロワ　エクストラ　ブリュット,6490,"￥６,４９０（税込）",税込,,http://charme-du-vin.com/2023/04/30033/,30033,レミルロワ　エクストラ　ブリュット /  ブリュット　ナチュール,2023-04-27,1,2,
440,レミルロワ ブリュット ナチュール,レミルロワ　ブリュット　ナチュール,6820,"￥６,８２０（税込）",税込,,http://charme-du-vin.com/2023/04/30033/,30033,レミルロワ　エクストラ　ブリュット /  ブリュット　ナチュール,2023-04-27,2,2,
441,ドラピエ ブリュット ナチュール,ドラピエ　ブリュット　ナチュール,5060,"￥５,０６０（税込）",税込,,http://charme-du-vin.com/2023/04/30030/,30030,ドラピエ　ブリュット　ナチュール,2023-04-27,1,1,
442,ジャマール カルト ブランシュ,ジャマール　カルト　ブランシュ,3960,"￥３,９６０（税込）",税込,,http://charme-du-vin.com/2023/04/30028/,30028,ジャマール　カルト　ブランシュ,2023-04-27,1,1,
443,ギーチボー ブリュットナチューレ グランクリュ,ギーチボー　ブリュットナチューレ　グランクリュ,4180,"￥４,１８０（税込）",税込,,http://charme-du-vin.com/2023/04/30026/,30026,ギーチボー　ブリュットナチューレ　グランクリュ,2023-04-27,1,1,
444,ルイニケーズ ブリュット レゼルヴ,ルイニケーズ　ブリュット　レゼルヴ,4180,"￥４,１８０（税込）",税込,,http://charme-du-vin.com/2023/04/30023/,30023,ルイニケーズ　ブリュット　レゼルヴ,2023-04-27,1,1,
445,ゴッセ グランレゼルヴ ブリュット,ゴッセ　グランレゼルヴ　ブリュット,5720,"￥５,７２０（税込）",税込,,http://charme-du-vin.com/2023/04/30004/,30004,ゴッセ　グランレゼルヴ　ブリュット,2023-04-27,1,1,
446,ポールロジェ ブリュット ヴィンテージ 2015,ポールロジェ　ブリュット　ヴィンテージ　２０１５,10120,"￥１０,１２０（税込）",税込,,http://charme-du-vin.com/2023/04/29925/,29925,ポールロジェ　ブリュット　ヴィンテージ　２０１５,2023-04-19,1,1,
447,ルノーブル GC ブランドブラン 08,ルノーブル　GC　ブランドブラン　０８,11000,ルノーブル　GC　ブランドブラン　０８　￥１１，０００(税込),税込,,http://charme-du-vin.com/2023/04/29822/,29822,ルノーブル　GC　ブランドブラン　０８,2023-04-15,1,1,
448,ピエールジモネ エノフィールBB ノンドゼ 08,ピエールジモネ　エノフィールBB　ノンドゼ　０８,12650,ピエールジモネ　エノフィールBB　ノンドゼ　０８　￥１２，６５０(税込),税込,,http://charme-du-vin.com/2023/04/29825/,29825,ピエールジモネ　エノフィールBB　ノンドゼ　０８,2023-04-15,1,1,
449,シャピュイ ブランドブラン ミレジム15,シャピュイ　ブランドブラン　ミレジム１５,7040,シャピュイ　ブランドブラン　ミレジム１５　￥７，０４０(税込),税込,,http://charme-du-vin.com/2023/04/29734/,29734,シャピュイ　ブランドブラン　ミレジム１５,2023-04-08,1,1,
450,シャピュイ リヴレ ノワール 12,シャピュイ　リヴレ　ノワール　１２,7370,シャピュイ　リヴレ　ノワール　１２　￥７３７０(税込),税込,,http://charme-du-vin.com/2023/04/29714/,29714,シャピュイ　リヴレ　ノワール　１２,2023-04-08,1,1,
451,ラリエ R.019 ブリュット,ラリエ　Ｒ．０１９　ブリュット,5720,"￥５,７２０（税込）",税込,,http://charme-du-vin.com/2023/04/29679/,29679,ラリエ　Ｒ．０１９　ブリュット,2023-04-07,1,1,
452,ボランジェ PN TX 17,ボランジェ　ＰＮ　ＴＸ　１７,13200,"￥１３,２００（税込）",税込,,http://charme-du-vin.com/2023/03/29593/,29593,ボランジェ　ＰＮ　ＴＸ　１７,2023-03-31,1,1,
453,アンドレクルエ ドリームヴィンテージ 2005,アンドレクルエ　ドリームヴィンテージ　２００５,9790,"￥９,７９０（税込）",税込,,http://charme-du-vin.com/2023/03/29564/,29564,アンドレクルエ　ドリームヴィンテージ　２００５ / ２００９ / ２０１４,2023-03-27,1,3,
454,アンドレクルエ ドリームヴィンテージ 2009,アンドレクルエ　ドリームヴィンテージ　２００９,8360,"￥８,３６０（税込）",税込,,http://charme-du-vin.com/2023/03/29564/,29564,アンドレクルエ　ドリームヴィンテージ　２００５ / ２００９ / ２０１４,2023-03-27,2,3,
455,アンドレクルエ ドリームヴィンテージ 2014,アンドレクルエ　ドリームヴィンテージ　２０１４,7040,"￥７,０４０（税込）",税込,,http://charme-du-vin.com/2023/03/29564/,29564,アンドレクルエ　ドリームヴィンテージ　２００５ / ２００９ / ２０１４,2023-03-27,3,3,
456,ランスロピエンヌ アンスタン プレザン ブランドブラン,ランスロピエンヌ　アンスタン　プレザン　ブランドブラン,6380,"￥６,３８０（税込）",税込,,http://charme-du-vin.com/2023/03/29342/,29342,ランスロピエンヌ　アンスタン　プレザン　ブランドブラン,2023-03-02,1,1,
457,ドゥーツ ブリュット ミレジム 14,ドゥーツ　ブリュット　ミレジム　１４,10340,"￥１０,３４０（税込）",税込,,http://charme-du-vin.com/2023/03/29339/,29339,ドゥーツ　ブリュット　ミレジム　１４ / ブランドブラン　１５,2023-03-02,1,2,
458,ドゥーツ ブランドブラン 15,ドゥーツ　ブランドブラン　１５,13200,"￥１３,２００（税込）",税込,,http://charme-du-vin.com/2023/03/29339/,29339,ドゥーツ　ブリュット　ミレジム　１４ / ブランドブラン　１５,2023-03-02,2,2,
459,ティエリーウーリー ブランドブラン,ティエリーウーリー　ブランドブラン,6160,"￥６,１６０（税込）",税込,,http://charme-du-vin.com/2023/03/29329/,29329,ティエリーウーリー　ブランドブラン　/　ブランドノワール,2023-03-01,1,2,
460,ティエリーウーリー ブランドノワール,ティエリーウーリー　ブランドノワール,6160,"￥６,１６０（税込）",税込,,http://charme-du-vin.com/2023/03/29329/,29329,ティエリーウーリー　ブランドブラン　/　ブランドノワール,2023-03-01,2,2,
461,ゴッセ セレブリス 08,ゴッセ　セレブリス　０８,21450,"￥２１,４５０（税込）",税込,,http://charme-du-vin.com/2023/02/29117/,29117,ゴッセ　セレブリス　０８,2023-02-04,1,1,
462,マリークルタン レゾナンス エキストラブリュット,マリークルタン　レゾナンス　エキストラブリュット,7480,"￥７,４８０（税込）",税込,,http://charme-du-vin.com/2023/02/29061/,29061,マリークルタン　レゾナンス　エキストラブリュット,2023-02-02,1,1,
463,パスカルドケ ディアパソン ブランドブラン GC,パスカルドケ　ディアパソン　ブランドブラン　ＧＣ,9900,"￥９,９００（税込）",税込,,http://charme-du-vin.com/2023/01/29006/,29006,パスカルドケ　ディアパソン　ブランドブラン　ＧＣ,2023-01-30,1,1,
464,ルイロデレール ブリュットナチュール 15,ルイロデレール　ブリュットナチュール　１５,14300,"￥１４,３００（税込）",税込,,http://charme-du-vin.com/2023/01/28976/,28976,ルイロデレール　ブリュットナチュール　１５ / ブリュットナチュール　ロゼ　１５,2023-01-27,1,2,
465,ルイロデレール ブリュットナチュール ロゼ 15,ルイロデレール　ブリュットナチュール　ロゼ　１５,14300,"￥１４,３００（税込）",税込,,http://charme-du-vin.com/2023/01/28976/,28976,ルイロデレール　ブリュットナチュール　１５ / ブリュットナチュール　ロゼ　１５,2023-01-27,2,2,
466,アンドレクルエ グランレゼルヴ 3L,アンドレクルエ　グランレゼルヴ　３Ｌ,27500,"￥２７,５００（税込）",税込,,http://charme-du-vin.com/2023/01/28967/,28967,アンドレクルエ　グランレゼルヴ　３Ｌ,2023-01-26,1,1,
467,ボランジェ PN TX17 750ml,ボランジェ　ＰＮ　ＴＸ１７　　７５０ｍｌ,13200,"￥１３,２００（税込）",税込,,http://charme-du-vin.com/2023/01/28955/,28955,ボランジェ　ＰＮ　ＴＸ１７　　７５０ｍｌ,2023-01-24,1,1,
468,ピエールペテルス キュヴェドレゼルヴ ブランドブラン 1.5L,ピエールペテルス　キュヴェドレゼルヴ　ブランドブラン　１．５Ｌ,15950,"￥１５,９５０（税込）",税込,,http://charme-du-vin.com/2023/01/28952/,28952,ピエールペテルス　キュヴェドレゼルヴ　ブランドブラン　１．５Ｌ,2023-01-24,1,1,
469,アンリジロー エスプリ ナチュール,アンリジロー　エスプリ　ナチュール,6490,"￥６,４９０（税込）",税込,,http://charme-du-vin.com/2023/01/28918/,28918,アンリジロー　エスプリ　ナチュール,2023-01-20,1,1,
470,ステファン コキエット カルトドール,ステファン　コキエット　カルトドール,5170,"￥５,１７０（税込）",税込,,http://charme-du-vin.com/2023/01/28866/,28866,ステファン　コキエット　カルトドール,2023-01-16,1,1,
471,ギィドサンフラヴィ 1.5L,ギィドサンフラヴィ　１．５Ｌ,8140,"￥８,１４０（税込）",税込,,http://charme-du-vin.com/2023/01/28863/,28863,ギィドサンフラヴィ　１．５Ｌ,2023-01-16,1,1,
472,エンクリ ミレジム 14,エンクリ　ミレジム　１４,14850,"￥１４,８５０（税込）",税込,,http://charme-du-vin.com/2023/01/28806/,28806,エンクリ　ミレジム　１４,2023-01-14,1,1,
473,ピエールパイヤール レ テレ ロゼ ブージーGC,ピエールパイヤール　レ　テレ　ロゼ　ブージーＧＣ,8800,"￥８,８００（税込）",税込,,http://charme-du-vin.com/2023/01/28803/,28803,ピエールパイヤール　レ　テレ　ロゼ　ブージーＧＣ / ラグランリコルテ　ブージーＧＣ　２００８,2023-01-14,1,2,
474,ピエールパイヤール ラグランリコルテ ブージーGC 2008,ピエールパイヤール　ラグランリコルテ　ブージーＧＣ　２００８,12100,"￥１２,１００（税込）",税込,,http://charme-du-vin.com/2023/01/28803/,28803,ピエールパイヤール　レ　テレ　ロゼ　ブージーＧＣ / ラグランリコルテ　ブージーＧＣ　２００８,2023-01-14,2,2,
475,ルノーブル アンタンス MAG18,ルノーブル　アンタンス　ＭＡＧ１８,3960,"￥３,９６０（税込）",税込,,http://charme-du-vin.com/2023/01/28781/,28781,ルノーブル　アンタンス　ＭＡＧ１８,2023-01-12,1,1,
476,ドラピエ グランサンドレ 12,ドラピエ　グランサンドレ　１２,10120,"￥１０,１２０（税込）",税込,,http://charme-du-vin.com/2023/01/28778/,28778,ドラピエ　グランサンドレ　１２,2023-01-12,1,1,
477,アンリドノン ブリュット セレクション,アンリドノン　ブリュット　セレクション,3410,"￥３,４１０（税込）",税込,,http://charme-du-vin.com/2023/01/28775/,28775,アンリドノン　ブリュット　セレクション,2023-01-12,1,1,
478,ルクレールブリアン ブリュット レゼルヴ,ルクレールブリアン　ブリュット　レゼルヴ,5060,"￥５,０６０（税込）",税込,,http://charme-du-vin.com/2023/01/28772/,28772,ルクレールブリアン　ブリュット　レゼルヴ,2023-01-12,1,1,
479,アグラパール グランクリュ ブランドブラン テロワール エキストラブリュット,アグラパール　グランクリュ　ブランドブラン　テロワール　エキストラブリュット,7920,"￥７,９２０（税込）",税込,,http://charme-du-vin.com/2023/01/28744/,28744,アグラパール　グランクリュ　ブランドブラン　テロワール　エキストラブリュット,2023-01-11,1,1,
480,シャルルエドシック ブリュット ミレジム 2012,シャルルエドシック　ブリュット　ミレジム　２０１２,13750,"￥１３,７５０（税込）",税込,,http://charme-du-vin.com/2023/01/28706/,28706,シャルルエドシック　ブリュット　ミレジム　２０１２,2023-01-07,1,1,
481,ポールロジェ サーウィンストンチャーチル 13 750ml,ポールロジェ　サーウィンストンチャーチル　１３　７５０ｍｌ,28600,"￥２８,６００（税込）",税込,,http://charme-du-vin.com/2022/12/28499/,28499,ポールロジェ　サーウィンストンチャーチル　１３　７５０ｍｌ,2022-12-16,1,1,
482,ノミネ ルナール ブリュット,ノミネ　ルナール　ブリュット,4180,"￥４,１８０（税込）",税込,,http://charme-du-vin.com/2022/12/28472/,28472,ノミネ　ルナール　ブリュット,2022-12-14,1,1,
483,ドゥロング ブリュット ロゼ,ドゥロング　ブリュット　ロゼ,4400,"￥４,４００（税込）",税込,,http://charme-du-vin.com/2022/12/28436/,28436,ドゥロング　ブリュット　ロゼ,2022-12-13,1,1,
484,ポールクルエ ロゼ アッサンブラージュ,ポールクルエ　ロゼ　アッサンブラージュ,5170,"￥５,１７０（税込）",税込,,http://charme-du-vin.com/2022/12/28433/,28433,ポールクルエ　ロゼ　アッサンブラージュ,2022-12-13,1,1,
485,アルーシュリーペルスヴァル ロゼ アッサンブラージュ ブリュット,アルーシュリーペルスヴァル　ロゼ　アッサンブラージュ　ブリュット,5280,"￥５,２８０（税込）",税込,,http://charme-du-vin.com/2022/12/28430/,28430,アルーシュリーペルスヴァル　ロゼ　アッサンブラージュ　ブリュット,2022-12-13,1,1,
486,ロベールバルビション ドゥミセック,ロベールバルビション　ドゥミセック,5940,"￥５,９４０（税込）",税込,,http://charme-du-vin.com/2022/12/28427/,28427,ロベールバルビション　ドゥミセック,2022-12-13,1,1,
487,ムニュエル ボネ ブランドブラン グランクリュ,ムニュエル　ボネ　ブランドブラン　グランクリュ,4950,"￥４,９５０（税込）",税込,,http://charme-du-vin.com/2022/12/28424/,28424,ムニュエル　ボネ　ブランドブラン　グランクリュ,2022-12-13,1,1,
488,ダヴィドクートラ キュヴェ トラディション,ダヴィドクートラ　キュヴェ　トラディション,4510,"￥４,５１０（税込）",税込,,http://charme-du-vin.com/2022/12/28421/,28421,ダヴィドクートラ　キュヴェ　トラディション / キュヴェ　セザール　１４,2022-12-13,1,2,
489,ダヴィドクートラ キュヴェ セザール 14,ダヴィドクートラ　キュヴェ　セザール　１４,6820,"￥６,８２０（税込）",税込,,http://charme-du-vin.com/2022/12/28421/,28421,ダヴィドクートラ　キュヴェ　トラディション / キュヴェ　セザール　１４,2022-12-13,2,2,
490,アンドレジャカール エクスペリエンス エキストラブリュット ブランドブラン 12,アンドレジャカール　エクスペリエンス　エキストラブリュット　ブランドブラン　１２,10450,"￥１０,４５０（税込）",税込,,http://charme-du-vin.com/2022/12/28417/,28417,アンドレジャカール　エクスペリエンス　エキストラブリュット　ブランドブラン　１２,2022-12-13,1,1,
491,ドラピエ カルトドール,ドラピエ　カルトドール,3960,"￥３,９６０（税込）",税込,,http://charme-du-vin.com/2022/12/28414/,28414,ドラピエ　カルトドール  /  ブリュット　ナチュール,2022-12-13,1,2,
492,ドラピエ ブリュット ナチュール,ドラピエ　ブリュット　ナチュール,4730,"￥４,７３０（税込）",税込,,http://charme-du-vin.com/2022/12/28414/,28414,ドラピエ　カルトドール  /  ブリュット　ナチュール,2022-12-13,2,2,
493,スェナン ブランドブラン オワリー グランクリュ,スェナン　ブランドブラン　オワリー　グランクリュ,7480,"￥７,４８０（税込）",税込,,http://charme-du-vin.com/2022/12/28369/,28369,スェナン　ブランドブラン　オワリー　グランクリュ / ブランドブラン　Ｃ＋Ｃ　グランクリュ / ラ　コクリュエット　オワリー　ブランドブラン　グランクリュ　１４,2022-12-09,1,3,
494,スェナン ブランドブラン C+C グランクリュ,スェナン　ブランドブラン　Ｃ＋Ｃ　グランクリュ,9240,"￥９,２４０（税込）",税込,,http://charme-du-vin.com/2022/12/28369/,28369,スェナン　ブランドブラン　オワリー　グランクリュ / ブランドブラン　Ｃ＋Ｃ　グランクリュ / ラ　コクリュエット　オワリー　ブランドブラン　グランクリュ　１４,2022-12-09,2,3,
495,スェナン ラ コクリュエット オワリー ブランドブラン グランクリュ 14,スェナン　ラ　コクリュエット　オワリー　ブランドブラン　グランクリュ　１４,15400,"￥１５,４００（税込）",税込,,http://charme-du-vin.com/2022/12/28369/,28369,スェナン　ブランドブラン　オワリー　グランクリュ / ブランドブラン　Ｃ＋Ｃ　グランクリュ / ラ　コクリュエット　オワリー　ブランドブラン　グランクリュ　１４,2022-12-09,3,3,
496,レア シャンパーニュ ミレジム 08,レア　シャンパーニュ　ミレジム　０８,25300,"￥２５,３００（税込）",税込,,http://charme-du-vin.com/2022/12/28366/,28366,レア　シャンパーニュ　ミレジム　０８,2022-12-09,1,1,
497,クリフトフミニョン ADN ドゥ ムニエ エクストラブリュット,クリフトフミニョン　ＡＤＮ　ドゥ　ムニエ　エクストラブリュット,6380,"￥６,３８０（税込）",税込,,http://charme-du-vin.com/2022/12/28363/,28363,クリフトフミニョン　ＡＤＮ　ドゥ　ムニエ　エクストラブリュット　 /  ロゼ　ドゥ　セニエ,2022-12-09,1,2,
498,クリフトフミニョン ADN ドゥ ムニエ ロゼ ドゥ セニエ,クリフトフミニョン　ＡＤＮ　ドゥ　ムニエ　ロゼ　ドゥ　セニエ,9240,"￥９,２４０（税込）",税込,,http://charme-du-vin.com/2022/12/28363/,28363,クリフトフミニョン　ＡＤＮ　ドゥ　ムニエ　エクストラブリュット　 /  ロゼ　ドゥ　セニエ,2022-12-09,2,2,
499,アンリジロー フットデシェーン MV16,アンリジロー　フットデシェーン　ＭＶ１６,31900,"￥３１,９００（税込）",税込,,http://charme-du-vin.com/2022/12/28228/,28228,アンリジロー　フットデシェーン　ＭＶ１６,2022-12-03,1,1,
500,ビルカールサルモン キュヴェ ルイサルモン ブランドブラン ブリュット 08,ビルカールサルモン　キュヴェ　ルイサルモン　ブランドブラン　ブリュット　０８,30800,"￥３０,８００（税込）",税込,,http://charme-du-vin.com/2022/12/28225/,28225,ビルカールサルモン　キュヴェ　ルイサルモン　ブランドブラン　ブリュット　０８,2022-12-03,1,1,
501,ヴーヴクリコ ラ グランダム 12,ヴーヴクリコ　ラ　グランダム　１２,18700,"￥１８,７００（税込）",税込,,http://charme-du-vin.com/2022/12/28222/,28222,ヴーヴクリコ　ラ　グランダム　１２,2022-12-03,1,1,
502,クロードカザル ブランドブラン ミレジム 2014,クロードカザル　ブランドブラン　ミレジム　２０１４,7480,"￥７,４８０（税込）",税込,,http://charme-du-vin.com/2022/11/28212/,28212,クロードカザル　ブランドブラン　ミレジム　２０１４,2022-11-28,1,1,
503,ドゥ ヴノージュ ルイキャーンズ 95,ドゥ　ヴノージュ　ルイキャーンズ　９５,31350,"￥３１,３５０（税込）",税込,,http://charme-du-vin.com/2022/11/28209/,28209,ドゥ　ヴノージュ　ルイキャーンズ　９５,2022-11-28,1,1,
504,アルマンドブリニャック ブリュット ゴールド,アルマンドブリニャック　ブリュット　ゴールド,46200,"￥４６,２００（税込）",税込,,http://charme-du-vin.com/2022/11/28175/,28175,アルマンドブリニャック　ブリュット　ゴールド,2022-11-25,1,1,
505,フィリッポナー ロイヤルレゼルヴ ノンドゼ,フィリッポナー　ロイヤルレゼルヴ　ノンドゼ,6710,"￥６,７１０（税込）",税込,,http://charme-du-vin.com/2022/11/28172/,28172,フィリッポナー　ロイヤルレゼルヴ　ノンドゼ / シュブリム　リザーヴ　セック　０８ / レ　サントレ　エクストラブリュット　０９ / １０,2022-11-25,1,4,
506,フィリッポナー シュブリム リザーヴ セック 08,フィリッポナー　シュブリム　リザーヴ　セック　０８,10120,"￥１０,１２０（税込）",税込,,http://charme-du-vin.com/2022/11/28172/,28172,フィリッポナー　ロイヤルレゼルヴ　ノンドゼ / シュブリム　リザーヴ　セック　０８ / レ　サントレ　エクストラブリュット　０９ / １０,2022-11-25,2,4,
507,フィリッポナー レ サントレ エクストラブリュット 09,フィリッポナー　レ　サントレ　エクストラブリュット　０９,53900,"￥５３,９００（税込）",税込,,http://charme-du-vin.com/2022/11/28172/,28172,フィリッポナー　ロイヤルレゼルヴ　ノンドゼ / シュブリム　リザーヴ　セック　０８ / レ　サントレ　エクストラブリュット　０９ / １０,2022-11-25,3,4,
508,フィリッポナー レ サントレ エクストラブリュット 10,フィリッポナー　レ　サントレ　エクストラブリュット　１０,59400,"￥５９,４００（税込）",税込,,http://charme-du-vin.com/2022/11/28172/,28172,フィリッポナー　ロイヤルレゼルヴ　ノンドゼ / シュブリム　リザーヴ　セック　０８ / レ　サントレ　エクストラブリュット　０９ / １０,2022-11-25,4,4,
509,アンリオ キュヴェ エメラ 06,アンリオ　キュヴェ　エメラ　０６,24200,"￥２４,２００（税込）",税込,,http://charme-du-vin.com/2022/11/28106/,28106,アンリオ　キュヴェ　エメラ　０６,2022-11-18,1,1,
510,セロスパジョン ミレジム 12,セロスパジョン　ミレジム　１２,10780,"￥１０,７８０（税込）",税込,,http://charme-du-vin.com/2022/11/28103/,28103,セロスパジョン　ミレジム　１２,2022-11-18,1,1,
511,アルーシュリーペルスヴァル ブリュット レゼルヴ,アルーシュリーペルスヴァル　ブリュット　レゼルヴ,4950,"￥４,９５０（税込）",税込,,http://charme-du-vin.com/2022/11/28100/,28100,アルーシュリーペルスヴァル　ブリュット　レゼルヴ,2022-11-18,1,1,
512,コサンス ラルジリエ ブリュットナチュール,コサンス　ラルジリエ　ブリュットナチュール,11000,"￥１１,０００（税込）",税込,,http://charme-du-vin.com/2022/11/28097/,28097,コサンス　ラルジリエ　ブリュットナチュール,2022-11-18,1,1,
513,アンドレジャカール ヴェルテュ エクスペリエンス 1ER ブランドブラン エキストラブリュット,アンドレジャカール　ヴェルテュ　エクスペリエンス　１ＥＲ　ブランドブラン　エキストラブリュット,5500,"￥５,５００（税込）",税込,,http://charme-du-vin.com/2022/11/28092/,28092,アンドレジャカール　ヴェルテュ　エクスペリエンス　１ＥＲ　ブランドブラン　エキストラブリュット,2022-11-18,1,1,
514,ガリマール キュヴェドレゼルヴ ブリュット ブランドノワール,ガリマール　キュヴェドレゼルヴ　ブリュット　ブランドノワール,4730,"￥４,７３０（税込）",税込,,http://charme-du-vin.com/2022/11/28089/,28089,ガリマール　キュヴェドレゼルヴ　ブリュット　ブランドノワール,2022-11-18,1,1,
515,ガティノワ グランクリュ トラディション ブリュット,ガティノワ　グランクリュ　トラディション　ブリュット,5940,"￥５,９４０（税込）",税込,,http://charme-du-vin.com/2022/11/28086/,28086,ガティノワ　グランクリュ　トラディション　ブリュット / グランクリュ　ブリュット　ナチュール / グランクリュ　レゼルヴ　ブリュット,2022-11-18,1,3,
516,ガティノワ グランクリュ ブリュット ナチュール,ガティノワ　グランクリュ　ブリュット　ナチュール,5940,"￥５,９４０（税込）",税込,,http://charme-du-vin.com/2022/11/28086/,28086,ガティノワ　グランクリュ　トラディション　ブリュット / グランクリュ　ブリュット　ナチュール / グランクリュ　レゼルヴ　ブリュット,2022-11-18,2,3,
517,ガティノワ グランクリュ レゼルヴ ブリュット,ガティノワ　グランクリュ　レゼルヴ　ブリュット,6600,"￥６,６００（税込）",税込,,http://charme-du-vin.com/2022/11/28086/,28086,ガティノワ　グランクリュ　トラディション　ブリュット / グランクリュ　ブリュット　ナチュール / グランクリュ　レゼルヴ　ブリュット,2022-11-18,3,3,
518,ピエールジモネ オジェグランクリュ ブランドブラン ブリュット シャルドネ,ピエールジモネ　オジェグランクリュ　ブランドブラン　ブリュット　シャルドネ,5940,"￥５,９４０（税込）",税込,,http://charme-du-vin.com/2022/11/27997/,27997,ピエールジモネ　オジェグランクリュ　ブランドブラン　ブリュット　シャルドネ / スペシャルクラブ　グランテロワールドシャルドネ　１４,2022-11-11,1,2,
519,ピエールジモネ スペシャルクラブ グランテロワールドシャルドネ 14,ピエールジモネ　スペシャルクラブ　グランテロワールドシャルドネ　１４,10560,"￥１０,５６０（税込）",税込,,http://charme-du-vin.com/2022/11/27997/,27997,ピエールジモネ　オジェグランクリュ　ブランドブラン　ブリュット　シャルドネ / スペシャルクラブ　グランテロワールドシャルドネ　１４,2022-11-11,2,2,
520,モーリスレジェ ブリュット,モーリスレジェ　ブリュット,3190,"￥３,１９０（税込）",税込,,http://charme-du-vin.com/2022/11/27937/,27937,モーリスレジェ　ブリュット,2022-11-04,1,1,
521,ペリエジュエ ベルエポック 13,ペリエジュエ　ベルエポック　１３,24200,"￥２４,２００（税込）",税込,,http://charme-du-vin.com/2022/11/27934/,27934,ペリエジュエ　ベルエポック　１３,2022-11-04,1,1,
522,シャルルエドシック ブランドミネレール 06,シャルルエドシック　ブランドミネレール　０６,24200,"￥２４,２００（税込）",税込,,http://charme-du-vin.com/2022/11/27930/,27930,シャルルエドシック　ブランドミネレール　０６,2022-11-04,1,1,
523,ピエールペテルス キュヴェレゼルヴ ブランドブラン,ピエールペテルス　キュヴェレゼルヴ　ブランドブラン,5940,"￥５,９４０（税込）",税込,,http://charme-du-vin.com/2022/11/27873/,27873,ピエールペテルス　キュヴェレゼルヴ　ブランドブラン / レゼルヴ　ウブリエ　ブランドブラン,2022-11-02,1,2,
524,ピエールペテルス レゼルヴ ウブリエ ブランドブラン,ピエールペテルス　レゼルヴ　ウブリエ　ブランドブラン,10120,"￥１０,１２０（税込）",税込,,http://charme-du-vin.com/2022/11/27873/,27873,ピエールペテルス　キュヴェレゼルヴ　ブランドブラン / レゼルヴ　ウブリエ　ブランドブラン,2022-11-02,2,2,
525,ドラモット ブリュット 6L,ドラモット　ブリュット　６Ｌ,92400,"￥９２,４００（税込）",税込,,http://charme-du-vin.com/2022/10/27823/,27823,ドラモット　ブリュット　６Ｌ,2022-10-26,1,1,
526,ボランジェ グランダネ ロゼ 14,ボランジェ　グランダネ　ロゼ　１４,22000,"￥２２,０００（税込）",税込,,http://charme-du-vin.com/2022/10/27784/,27784,ボランジェ　グランダネ　ロゼ　１４,2022-10-24,1,1,
527,ボランジェ ロゼ ブリュット,ボランジェ　ロゼ　ブリュット,10560,"￥１０,５６０（税込）",税込,,http://charme-du-vin.com/2022/10/27763/,27763,ボランジェ　ロゼ　ブリュット,2022-10-21,1,1,
528,ボランジェ PN TX 17,ボランジェ　ＰＮ　ＴＸ　１７,13200,"￥１３,２００（税込）",税込,,http://charme-du-vin.com/2022/10/27760/,27760,ボランジェ　ＰＮ　ＴＸ　１７,2022-10-20,1,1,
529,カゼ ティボー ナチュレルマン,カゼ　ティボー　ナチュレルマン,5720,"￥５,７２０（税込）",税込,,http://charme-du-vin.com/2022/10/27709/,27709,カゼ　ティボー　ナチュレルマン,2022-10-14,1,1,
530,ブリス エルミタージュ ブリュット,ブリス　エルミタージュ　ブリュット,5390,"￥５,３９０（税込）",税込,,http://charme-du-vin.com/2022/10/27706/,27706,ブリス　エルミタージュ　ブリュット / ブランドノワール　ＧＣブージー,2022-10-14,1,2,
531,ブリス ブランドノワール GCブージー,ブリス　ブランドノワール　ＧＣブージー,6490,"￥６,４９０（税込）",税込,,http://charme-du-vin.com/2022/10/27706/,27706,ブリス　エルミタージュ　ブリュット / ブランドノワール　ＧＣブージー,2022-10-14,2,2,
532,ノワック S.A サンザネ,ノワック　Ｓ.Ａ　サンザネ,7040,"￥７,０４０（税込）",税込,,http://charme-du-vin.com/2022/10/27702/,27702,ノワック　Ｓ.Ａ　サンザネ　/  ラ　フォンティネット / ラ　テュイルリー / レ　リセイ　２０１５,2022-10-14,1,4,
533,ノワック ラ フォンティネット,ノワック　ラ　フォンティネット,9570,"￥９,５７０（税込）",税込,,http://charme-du-vin.com/2022/10/27702/,27702,ノワック　Ｓ.Ａ　サンザネ　/  ラ　フォンティネット / ラ　テュイルリー / レ　リセイ　２０１５,2022-10-14,2,4,
534,ノワック ラ テュイルリー,ノワック　ラ　テュイルリー,9570,"￥９,５７０（税込）",税込,,http://charme-du-vin.com/2022/10/27702/,27702,ノワック　Ｓ.Ａ　サンザネ　/  ラ　フォンティネット / ラ　テュイルリー / レ　リセイ　２０１５,2022-10-14,3,4,
535,ノワック レ リセイ 2015,ノワック　レ　リセイ　２０１５,13200,"￥１３,２００（税込）",税込,,http://charme-du-vin.com/2022/10/27702/,27702,ノワック　Ｓ.Ａ　サンザネ　/  ラ　フォンティネット / ラ　テュイルリー / レ　リセイ　２０１５,2022-10-14,4,4,
536,ジャクソン キュヴェ 742,ジャクソン　キュヴェ　７４２,8580,"￥８,５８０（税込）",税込,,http://charme-du-vin.com/2022/10/27688/,27688,ジャクソン　キュヴェ　７４２ / キュヴェ　７４３,2022-10-13,1,2,
537,ジャクソン キュヴェ 743,ジャクソン　キュヴェ　７４３,8580,"￥８,５８０（税込）",税込,,http://charme-du-vin.com/2022/10/27688/,27688,ジャクソン　キュヴェ　７４２ / キュヴェ　７４３,2022-10-13,2,2,
538,アンドレクルエ ドリームヴィンテージ 12,アンドレクルエ　ドリームヴィンテージ　１２,7040,"￥７,０４０（税込）",税込,,http://charme-du-vin.com/2022/10/27685/,27685,アンドレクルエ　ドリームヴィンテージ　１２,2022-10-13,1,1,
539,レオンスダルブ スペシャルリザーヴ ブリュット,レオンスダルブ　スペシャルリザーヴ　ブリュット,3190,"￥３,１９０（税込）",税込,,http://charme-du-vin.com/2022/10/27681/,27681,レオンスダルブ　スペシャルリザーヴ　ブリュット,2022-10-13,1,1,
540,アヤラ ブリュット マジュール,アヤラ　ブリュット　マジュール,5060,"￥５,０６０（税込）",税込,,http://charme-du-vin.com/2022/10/27677/,27677,アヤラ　ブリュット　マジュール  / ブリュット　ナチュール / ブリュット　ロゼ　マジュール / ＮＯ.７　ブリュット　０７,2022-10-13,1,4,
541,アヤラ ブリュット ナチュール,アヤラ　ブリュット　ナチュール,5390,"￥５,３９０（税込）",税込,,http://charme-du-vin.com/2022/10/27677/,27677,アヤラ　ブリュット　マジュール  / ブリュット　ナチュール / ブリュット　ロゼ　マジュール / ＮＯ.７　ブリュット　０７,2022-10-13,2,4,
542,アヤラ ブリュット ロゼ マジュール,アヤラ　ブリュット　ロゼ　マジュール,6160,"￥６,１６０（税込）",税込,,http://charme-du-vin.com/2022/10/27677/,27677,アヤラ　ブリュット　マジュール  / ブリュット　ナチュール / ブリュット　ロゼ　マジュール / ＮＯ.７　ブリュット　０７,2022-10-13,3,4,
543,アヤラ NO.7 ブリュット 07,アヤラ　ＮＯ.７　ブリュット　０７,12100,"￥１２,１００（税込）",税込,,http://charme-du-vin.com/2022/10/27677/,27677,アヤラ　ブリュット　マジュール  / ブリュット　ナチュール / ブリュット　ロゼ　マジュール / ＮＯ.７　ブリュット　０７,2022-10-13,4,4,
544,バルフォンタルク トラディション ブリュット,バルフォンタルク　トラディション　ブリュット,2640,"￥２,６４０（税込）",税込,,http://charme-du-vin.com/2022/10/27636/,27636,バルフォンタルク　トラディション　ブリュット  / ブランドノワール　ブリュット / ブランドブラン　ブリュット  /  ミレジム　１４,2022-10-07,1,4,
545,バルフォンタルク ブランドノワール ブリュット,バルフォンタルク　ブランドノワール　ブリュット,3190,"￥３,１９０（税込）",税込,,http://charme-du-vin.com/2022/10/27636/,27636,バルフォンタルク　トラディション　ブリュット  / ブランドノワール　ブリュット / ブランドブラン　ブリュット  /  ミレジム　１４,2022-10-07,2,4,
546,バルフォンタルク ブランドブラン ブリュット,バルフォンタルク　ブランドブラン　ブリュット,3300,"￥３,３００（税込）",税込,,http://charme-du-vin.com/2022/10/27636/,27636,バルフォンタルク　トラディション　ブリュット  / ブランドノワール　ブリュット / ブランドブラン　ブリュット  /  ミレジム　１４,2022-10-07,3,4,
547,バルフォンタルク ミレジム 14,バルフォンタルク　ミレジム　１４,3850,"￥３,８５０（税込）",税込,,http://charme-du-vin.com/2022/10/27636/,27636,バルフォンタルク　トラディション　ブリュット  / ブランドノワール　ブリュット / ブランドブラン　ブリュット  /  ミレジム　１４,2022-10-07,4,4,
548,ボーモンデクレイエール フルールドプレスティージュ 09,ボーモンデクレイエール　フルールドプレスティージュ　０９,5500,"￥５,５００（税込）",税込,,http://charme-du-vin.com/2022/10/27629/,27629,ボーモンデクレイエール　フルールドプレスティージュ　０９,2022-10-06,1,1,
549,テルモン サンスフル 13,テルモン　サンスフル　１３,12100,"￥１２,１００（税込）",税込,,http://charme-du-vin.com/2022/10/27626/,27626,テルモン　サンスフル　１３ / ブランドノワール　１４,2022-10-06,1,2,
550,テルモン ブランドノワール 14,テルモン　ブランドノワール　１４,17600,"￥１７,６００（税込）",税込,,http://charme-du-vin.com/2022/10/27626/,27626,テルモン　サンスフル　１３ / ブランドノワール　１４,2022-10-06,2,2,
551,アルノードシューラン レゼルヴ ブリュット,アルノードシューラン　レゼルヴ　ブリュット,3850,"￥３,８５０（税込）",税込,,http://charme-du-vin.com/2022/09/27485/,27485,アルノードシューラン　レゼルヴ　ブリュット,2022-09-24,1,1,
552,アンリグートルブ キュヴェトラディション ブリュット,アンリグートルブ　キュヴェトラディション　ブリュット,3630,"￥３,６３０（税込）",税込,,http://charme-du-vin.com/2022/09/27438/,27438,アンリグートルブ　キュヴェトラディション　ブリュット,2022-09-20,1,1,
553,セロスパジョン スーヴニール ブリュット,セロスパジョン　スーヴニール　ブリュット,5060,"￥５,０６０（税込）",税込,,http://charme-du-vin.com/2022/09/27434/,27434,セロスパジョン　スーヴニール　ブリュット / ロゼドセニエ　エクストラブリュット,2022-09-16,1,2,
554,セロスパジョン ロゼドセニエ エクストラブリュット,セロスパジョン　ロゼドセニエ　エクストラブリュット,11550,"￥１１,５５０（税込）",税込,,http://charme-du-vin.com/2022/09/27434/,27434,セロスパジョン　スーヴニール　ブリュット / ロゼドセニエ　エクストラブリュット,2022-09-16,2,2,
555,エミーユルクレール ブランドブラン ブリュット,エミーユルクレール　ブランドブラン　ブリュット,4290,"￥４,２９０（税込）",税込,,http://charme-du-vin.com/2022/09/27431/,27431,エミーユルクレール　ブランドブラン　ブリュット,2022-09-16,1,1,
556,ダヴィドクートラ キュヴェプレステージ,ダヴィドクートラ　キュヴェプレステージ,4620,"￥４,６２０（税込）",税込,,http://charme-du-vin.com/2022/09/27428/,27428,ダヴィドクートラ　キュヴェプレステージ,2022-09-16,1,1,
557,ARルノーブル ロゼ テロワール シュイィ ビスイユ,ＡＲルノーブル　ロゼ　テロワール　シュイィ　ビスイユ,5390,"￥５,３９０（税込）",税込,,http://charme-du-vin.com/2022/09/27375/,27375,ＡＲルノーブル　ロゼ　テロワール　シュイィ　ビスイユ,2022-09-12,1,1,
558,ジャマール ブリュット ロゼ,ジャマール　ブリュット　ロゼ,3960,"￥３,９６０（税込）",税込,,http://charme-du-vin.com/2022/09/27372/,27372,ジャマール　ブリュット　ロゼ,2022-09-12,1,1,
559,テルモン ヴィノテーク 1985,テルモン　ヴィノテーク　１９８５,55000,"￥５５,０００（税込）",税込,,http://charme-du-vin.com/2022/09/27369/,27369,テルモン　ヴィノテーク　１９８５ / １９９０,2022-09-12,1,2,
560,テルモン ヴィノテーク 1990,テルモン　ヴィノテーク　１９９０,47300,"￥４７,３００（税込）",税込,,http://charme-du-vin.com/2022/09/27369/,27369,テルモン　ヴィノテーク　１９８５ / １９９０,2022-09-12,2,2,
561,ポールロジェ ピュアー エクストラブリュット,ポールロジェ　ピュアー　エクストラブリュット,7700,"￥７,７００（税込）",税込,,http://charme-du-vin.com/2022/09/27352/,27352,ポールロジェ　ピュアー　エクストラブリュット / ブランドブラン　ヴィンテージ　１５,2022-09-09,1,2,
562,ポールロジェ ブランドブラン ヴィンテージ 15,ポールロジェ　ブランドブラン　ヴィンテージ　１５,12650,"￥１２,６５０（税込）",税込,,http://charme-du-vin.com/2022/09/27352/,27352,ポールロジェ　ピュアー　エクストラブリュット / ブランドブラン　ヴィンテージ　１５,2022-09-09,2,2,
563,ジャクソン キュヴェ742,ジャクソン　キュヴェ７４２,8360,"￥８,３６０（税込）",税込,,http://charme-du-vin.com/2022/09/27322/,27322,ジャクソン　キュヴェ７４２・７４３,2022-09-07,1,2,
564,ジャクソン キュヴェ743,ジャクソン　キュヴェ７４３,8360,"￥８,３６０（税込）",税込,,http://charme-du-vin.com/2022/09/27322/,27322,ジャクソン　キュヴェ７４２・７４３,2022-09-07,2,2,
565,ワイ バイ ヨシキ × ポメリー ブリュット ※箱なし,ワイ　バイ　ヨシキ　×　ポメリー　ブリュット　※箱なし,14300,"￥１４,３００（税込）",税込,,http://charme-du-vin.com/2022/09/27319/,27319,ワイ　バイ　ヨシキ　×　ポメリー　ブリュット　※箱なし,2022-09-07,1,1,
566,ジャマール カルトブランシェ,ジャマール　カルトブランシェ,3520,"￥３,５２０（税込）",税込,,http://charme-du-vin.com/2022/08/27163/,27163,ジャマール　カルトブランシェ,2022-08-22,1,1,
567,ドラピエ グランサンドレ 10,ドラピエ　グランサンドレ　１０,9350,"￥９,３５０（税込）",税込,,http://charme-du-vin.com/2022/08/27160/,27160,ドラピエ　グランサンドレ　１０,2022-08-22,1,1,
568,ピエールパイヤール レ テレ ロゼ ブジー グランクリュ,ピエールパイヤール　レ　テレ　ロゼ　ブジー　グランクリュ,8800,"￥８,８００（税込）",税込,,http://charme-du-vin.com/2022/08/27154/,27154,ピエールパイヤール　レ　テレ　ロゼ　ブジー　グランクリュ,2022-08-22,1,1,
569,ドントグルレ ダンザンプルミエタン エクストラブリュット,ドントグルレ　ダンザンプルミエタン　エクストラブリュット,6930,"￥６,９３０（税込）",税込,,http://charme-du-vin.com/2022/08/27069/,27069,ドントグルレ　ダンザンプルミエタン　エクストラブリュット /  レテールフィーヌ　プルミエクリュ　ブランドブラン,2022-08-17,1,2,
570,ドントグルレ レテールフィーヌ プルミエクリュ ブランドブラン,ドントグルレ　レテールフィーヌ　プルミエクリュ　ブランドブラン,9350,"￥９,３５０（税込）",税込,,http://charme-du-vin.com/2022/08/27069/,27069,ドントグルレ　ダンザンプルミエタン　エクストラブリュット /  レテールフィーヌ　プルミエクリュ　ブランドブラン,2022-08-17,2,2,
571,レア シャンパーニュ ミレジム 08,レア　シャンパーニュ　ミレジム　０８,23100,"￥２３,１００（税込）",税込,,http://charme-du-vin.com/2022/07/26882/,26882,レア　シャンパーニュ　ミレジム　０８,2022-07-21,1,1,
572,コサンス ラルジリエ ブランドノワール ブリュット,コサンス　ラルジリエ　ブランドノワール　ブリュット,11000,"￥１１,０００（税込）",税込,,http://charme-du-vin.com/2022/07/26857/,26857,コサンス　ラルジリエ　ブランドノワール　ブリュット,2022-07-19,1,1,
573,ビルカールサルモン キュヴェ二コラフランソワ 02,ビルカールサルモン　キュヴェ二コラフランソワ　０２,27500,"￥２７,５００（税込）",税込,,http://charme-du-vin.com/2022/07/26701/,26701,ビルカールサルモン　キュヴェ二コラフランソワ　０２ / エリザベス　サルモン　ロゼ　０８,2022-07-02,1,2,
574,ビルカールサルモン エリザベス サルモン ロゼ 08,ビルカールサルモン　エリザベス　サルモン　ロゼ　０８,29700,"￥２９,７００（税込）",税込,,http://charme-du-vin.com/2022/07/26701/,26701,ビルカールサルモン　キュヴェ二コラフランソワ　０２ / エリザベス　サルモン　ロゼ　０８,2022-07-02,2,2,
575,ボランジェ ロゼ ブリュット 375ml,ボランジェ　ロゼ　ブリュット　３７５ｍｌ,5500,"￥５,５００（税込）",税込,,http://charme-du-vin.com/2022/07/26696/,26696,ボランジェ　ロゼ　ブリュット　３７５ｍｌ / スペシャルキュヴェ　ブリュット　３７５ｍｌ・７５０ｍｌ・１５００ｍｌ/Ｒ.Ｄ　２００２　７５０ｍｌ,2022-07-02,1,5,
576,ボランジェ スペシャルキュヴェ ブリュット 375ml,ボランジェ　スペシャルキュヴェ　ブリュット　３７５ｍｌ,3520,"￥３,５２０（税込）",税込,,http://charme-du-vin.com/2022/07/26696/,26696,ボランジェ　ロゼ　ブリュット　３７５ｍｌ / スペシャルキュヴェ　ブリュット　３７５ｍｌ・７５０ｍｌ・１５００ｍｌ/Ｒ.Ｄ　２００２　７５０ｍｌ,2022-07-02,2,5,
577,ボランジェ スペシャルキュヴェ ブリュット 750ml,ボランジェ　スペシャルキュヴェ　ブリュット　７５０ｍｌ,6380,"￥６,３８０（税込）",税込,,http://charme-du-vin.com/2022/07/26696/,26696,ボランジェ　ロゼ　ブリュット　３７５ｍｌ / スペシャルキュヴェ　ブリュット　３７５ｍｌ・７５０ｍｌ・１５００ｍｌ/Ｒ.Ｄ　２００２　７５０ｍｌ,2022-07-02,3,5,
578,ボランジェ スペシャルキュヴェ ブリュット 1500ml,ボランジェ　スペシャルキュヴェ　ブリュット　１５００ｍｌ,15400,"￥１５,４００（税込）",税込,,http://charme-du-vin.com/2022/07/26696/,26696,ボランジェ　ロゼ　ブリュット　３７５ｍｌ / スペシャルキュヴェ　ブリュット　３７５ｍｌ・７５０ｍｌ・１５００ｍｌ/Ｒ.Ｄ　２００２　７５０ｍｌ,2022-07-02,4,5,
579,ボランジェ R.D 2002 750ml,ボランジェ　Ｒ.Ｄ　２００２　７５０ｍｌ,41800,"￥４１,８００（税込）",税込,,http://charme-du-vin.com/2022/07/26696/,26696,ボランジェ　ロゼ　ブリュット　３７５ｍｌ / スペシャルキュヴェ　ブリュット　３７５ｍｌ・７５０ｍｌ・１５００ｍｌ/Ｒ.Ｄ　２００２　７５０ｍｌ,2022-07-02,5,5,
580,リルベールフィス GCクラマン ブランドブラン エキストラブリュット,リルベールフィス　ＧＣクラマン　ブランドブラン　エキストラブリュット,4620,"￥４,６２０（税込）",税込,,http://charme-du-vin.com/2022/06/26589/,26589,リルベールフィス　ＧＣクラマン　ブランドブラン　エキストラブリュット,2022-06-23,1,1,
581,ゴッセ セレブリス 2007,ゴッセ　セレブリス　２００７,16500,"￥１６,５００（税込）",税込,,http://charme-du-vin.com/2022/06/26586/,26586,ゴッセ　セレブリス　２００７,2022-06-23,1,1,
582,ギィ ド サンフラヴィ 1.5L,ギィ　ド　サンフラヴィ　１．５Ｌ,7040,"￥７,０４０（税込）",税込,,http://charme-du-vin.com/2022/06/26452/,26452,ギィ　ド　サンフラヴィ　１．５Ｌ,2022-06-10,1,1,
583,ルノーブルアンタンス MAG17,ルノーブルアンタンス　ＭＡＧ１７,3740,"￥３,７４０（税込）",税込,,http://charme-du-vin.com/2022/06/26399/,26399,ルノーブルアンタンス　ＭＡＧ１７,2022-06-04,1,1,
584,ドラピエ カルトドール,ドラピエ　カルトドール,3740,"￥３,７４０（税込）",税込,,http://charme-du-vin.com/2022/06/26396/,26396,ドラピエ　カルトドール / ブリュットナチュール,2022-06-04,1,2,
585,ドラピエ ブリュットナチュール,ドラピエ　ブリュットナチュール,4290,"￥４,２９０（税込）",税込,,http://charme-du-vin.com/2022/06/26396/,26396,ドラピエ　カルトドール / ブリュットナチュール,2022-06-04,2,2,
586,バルノー グランクリュ ブランドノワール,バルノー　グランクリュ　ブランドノワール,4400,"￥４,４００（税込）",税込,,http://charme-du-vin.com/2022/06/26393/,26393,バルノー　グランクリュ　ブランドノワール,2022-06-04,1,1,
587,ジョセフペリエ キュヴェロワイヤル ブリュットナチュール,ジョセフペリエ　キュヴェロワイヤル　ブリュットナチュール,5500,"￥５,５００（税込）",税込,,http://charme-du-vin.com/2022/06/26331/,26331,ジョセフペリエ　キュヴェロワイヤル　ブリュットナチュール　/ キュヴェロワイヤル　３７５ｍｌ,2022-06-01,1,2,
588,ジョセフペリエ キュヴェロワイヤル 375ml,ジョセフペリエ　キュヴェロワイヤル　３７５ｍｌ,2750,"￥２,７５０（税込）",税込,,http://charme-du-vin.com/2022/06/26331/,26331,ジョセフペリエ　キュヴェロワイヤル　ブリュットナチュール　/ キュヴェロワイヤル　３７５ｍｌ,2022-06-01,2,2,
589,ビルカールサルモン ブリュットレゼルヴ 6L,ビルカールサルモン　ブリュットレゼルヴ　６Ｌ,79200,"￥７９,２００（税込）",税込,,http://charme-du-vin.com/2022/06/26328/,26328,ビルカールサルモン　ブリュットレゼルヴ　６Ｌ,2022-06-01,1,1,
590,エンクリ ブリュット,エンクリ　ブリュット,7480,"￥７,４８０（税込）",税込,,http://charme-du-vin.com/2022/05/26278/,26278,エンクリ　ブリュット,2022-05-23,1,1,
591,ボランジェ グランダネ 14,ボランジェ　グランダネ　１４,19250,"￥１９,２５０（税込）",税込,,http://charme-du-vin.com/2022/05/26275/,26275,ボランジェ　グランダネ　１４,2022-05-23,1,1,
592,ドワイヤール ブランドブラン 13 エキストラブリュット,ドワイヤール　ブランドブラン　１３　エキストラブリュット,14300,"￥１４,３００（税込）",税込,,http://charme-du-vin.com/2022/05/26254/,26254,ドワイヤール　ブランドブラン　１３　エキストラブリュット,2022-05-20,1,1,
593,レミーマッサン ランテグラル,レミーマッサン　ランテグラル,4950,"￥４,９５０（税込）",税込,,http://charme-du-vin.com/2022/05/26118/,26118,レミーマッサン　ランテグラル,2022-05-13,1,1,
594,ヴァランタンルフレーヴ エクストラブリュット ブランドブラン グランクリュ,ヴァランタンルフレーヴ　エクストラブリュット　ブランドブラン　グランクリュ,7920,"￥７,９２０（税込）",税込,,http://charme-du-vin.com/2022/05/26051/,26051,ヴァランタンルフレーヴ　エクストラブリュット　ブランドブラン　グランクリュ,2022-05-06,1,1,
595,パルメ ブリュット レゼルヴ,パルメ　ブリュット　レゼルヴ,5390,"￥５,３９０（税込）",税込,,http://charme-du-vin.com/2022/04/25916/,25916,パルメ　ブリュット　レゼルヴ / ブランドブラン　レゼルヴ / ブランドノワール　レゼルヴ / ヴィンテージ　２０１２ / ロゼ　ソレラ　レゼルヴ,2022-04-20,1,5,
596,パルメ ブランドブラン レゼルヴ,パルメ　ブランドブラン　レゼルヴ,8140,"￥８,１４０（税込）",税込,,http://charme-du-vin.com/2022/04/25916/,25916,パルメ　ブリュット　レゼルヴ / ブランドブラン　レゼルヴ / ブランドノワール　レゼルヴ / ヴィンテージ　２０１２ / ロゼ　ソレラ　レゼルヴ,2022-04-20,2,5,
597,パルメ ブランドノワール レゼルヴ,パルメ　ブランドノワール　レゼルヴ,8140,"￥８,１４０（税込）",税込,,http://charme-du-vin.com/2022/04/25916/,25916,パルメ　ブリュット　レゼルヴ / ブランドブラン　レゼルヴ / ブランドノワール　レゼルヴ / ヴィンテージ　２０１２ / ロゼ　ソレラ　レゼルヴ,2022-04-20,3,5,
598,パルメ ヴィンテージ 2012,パルメ　ヴィンテージ　２０１２,9460,"￥９,４６０（税込）",税込,,http://charme-du-vin.com/2022/04/25916/,25916,パルメ　ブリュット　レゼルヴ / ブランドブラン　レゼルヴ / ブランドノワール　レゼルヴ / ヴィンテージ　２０１２ / ロゼ　ソレラ　レゼルヴ,2022-04-20,4,5,
599,パルメ ロゼ ソレラ レゼルヴ,パルメ　ロゼ　ソレラ　レゼルヴ,6930,"￥６,９３０（税込）",税込,,http://charme-du-vin.com/2022/04/25916/,25916,パルメ　ブリュット　レゼルヴ / ブランドブラン　レゼルヴ / ブランドノワール　レゼルヴ / ヴィンテージ　２０１２ / ロゼ　ソレラ　レゼルヴ,2022-04-20,5,5,
600,シャルルエドシック ブランドミレネール 2004,シャルルエドシック　ブランドミレネール　２００４,24750,"￥２４,７５０（税込）",税込,,http://charme-du-vin.com/2022/04/25870/,25870,シャルルエドシック　ブランドミレネール　２００４,2022-04-18,1,1,
601,シャピュイ トラディション ブリュット,シャピュイ　トラディション　ブリュット,2970,"￥２,９７０（税込）",税込,,http://charme-du-vin.com/2022/04/25860/,25860,シャピュイ　トラディション　ブリュット /  ブランドブラン　３７５ｍｌ /  ブランドブラン　１．５Ｌ,2022-04-14,1,3,
602,シャピュイ ブランドブラン 375ml,シャピュイ　ブランドブラン　３７５ｍｌ,2530,"￥２,５３０（税込）",税込,,http://charme-du-vin.com/2022/04/25860/,25860,シャピュイ　トラディション　ブリュット /  ブランドブラン　３７５ｍｌ /  ブランドブラン　１．５Ｌ,2022-04-14,2,3,
603,シャピュイ ブランドブラン 1.5L,シャピュイ　ブランドブラン　１．５Ｌ,8580,"￥８,５８０（税込）",税込,,http://charme-du-vin.com/2022/04/25860/,25860,シャピュイ　トラディション　ブリュット /  ブランドブラン　３７５ｍｌ /  ブランドブラン　１．５Ｌ,2022-04-14,3,3,
604,ビルカールサルモン ブリュット レゼルヴ,ビルカールサルモン　ブリュット　レゼルヴ,4950,"￥４,９５０（税込）",税込,,http://charme-du-vin.com/2022/04/25817/,25817,ビルカールサルモン　ブリュット　レゼルヴ / ブリュット　ナチュール,2022-04-11,1,2,
605,ビルカールサルモン ブリュット ナチュール,ビルカールサルモン　ブリュット　ナチュール,5940,"￥５,９４０（税込）",税込,,http://charme-du-vin.com/2022/04/25817/,25817,ビルカールサルモン　ブリュット　レゼルヴ / ブリュット　ナチュール,2022-04-11,2,2,
606,ティエリーウーリー ブランドブラン,ティエリーウーリー　ブランドブラン,5390,"￥５,３９０（税込）",税込,,http://charme-du-vin.com/2022/04/25776/,25776,ティエリーウーリー　ブランドブラン / ブランドノワール,2022-04-08,1,2,
607,ティエリーウーリー ブランドノワール,ティエリーウーリー　ブランドノワール,5390,"￥５,３９０（税込）",税込,,http://charme-du-vin.com/2022/04/25776/,25776,ティエリーウーリー　ブランドブラン / ブランドノワール,2022-04-08,2,2,
608,クロードカザル クロ カザル ブランドブラン 12,クロードカザル　クロ　カザル　ブランドブラン　１２,14300,"￥１４,３００（税込）",税込,,http://charme-du-vin.com/2022/04/25773/,25773,クロードカザル　クロ　カザル　ブランドブラン　１２,2022-04-08,1,1,
609,ドラモット ブランドブランNV,ドラモット　ブランドブランＮＶ,5940,"￥５,９４０（税込）",税込,,http://charme-du-vin.com/2022/04/25752/,25752,ドラモット　ブランドブランＮＶ,2022-04-07,1,1,
610,ゴッセ ドゥゾン ド ア ミニマ ブリュット,ゴッセ　ドゥゾン　ド　ア　ミニマ　ブリュット,12100,"￥１２,１００（税込）",税込,,http://charme-du-vin.com/2022/04/25698/,25698,ゴッセ　ドゥゾン　ド　ア　ミニマ　ブリュット,2022-04-06,1,1,
611,ジョセフペリエ キュヴェジョセフィーヌ 08,ジョセフペリエ　キュヴェジョセフィーヌ　０８,19250,"￥１９,２５０（税込）",税込,,http://charme-du-vin.com/2022/04/25662/,25662,ジョセフペリエ　キュヴェジョセフィーヌ　０８,2022-04-04,1,1,
612,レアシャンパーニュ ミレジム 08,レアシャンパーニュ　ミレジム　０８,19800,"￥１９,８００（税込）",税込,,http://charme-du-vin.com/2022/04/25623/,25623,レアシャンパーニュ　ミレジム　０８,2022-04-01,1,1,
613,ドラモット ブランドブラン 2012 1.5L,ドラモット　ブランドブラン　２０１２　１．５Ｌ,24200,"￥２４,２００（税込）",税込,,http://charme-du-vin.com/2022/03/25580/,25580,ドラモット　ブランドブラン　２０１２　１．５Ｌ,2022-03-23,1,1,
614,ドラモット ブリュット,ドラモット　ブリュット,4180,"￥４,１８０（税込）",税込,,http://charme-du-vin.com/2022/03/25543/,25543,ドラモット　ブリュット / ブランドブラン　１４,2022-03-18,1,2,
615,ドラモット ブランドブラン 14,ドラモット　ブランドブラン　１４,9790,"￥９,７９０（税込）",税込,,http://charme-du-vin.com/2022/03/25543/,25543,ドラモット　ブリュット / ブランドブラン　１４,2022-03-18,2,2,
616,ピエールパイヤール ラ グランリコルテ ブージー グランクリュ 2008,ピエールパイヤール　ラ　グランリコルテ　ブージー　グランクリュ　２００８,11000,"￥１１,０００（税込）",税込,,http://charme-du-vin.com/2022/02/25371/,25371,ピエールパイヤール　ラ　グランリコルテ　ブージー　グランクリュ　２００８,2022-02-24,1,1,
617,ビルカールサルモン エリザベス サルモン ロゼ 08,ビルカールサルモン　エリザベス　サルモン　ロゼ　０８,31900,"￥３１,９００（税込）",税込,,http://charme-du-vin.com/2022/02/25339/,25339,ビルカールサルモン　エリザベス　サルモン　ロゼ　０８,2022-02-18,1,1,
618,ガティノワ アイ グランクリュ ブリュット レゼルヴ,ガティノワ　アイ　グランクリュ　ブリュット　レゼルヴ,6270,"￥６,２７０（税込）",税込,,http://charme-du-vin.com/2022/02/25336/,25336,ガティノワ　アイ　グランクリュ　ブリュット　レゼルヴ / アイ　グランクリュ　ブリュット　ロゼ,2022-02-18,1,2,
619,ガティノワ アイ グランクリュ ブリュット ロゼ,ガティノワ　アイ　グランクリュ　ブリュット　ロゼ,6490,"￥６,４９０（税込）",税込,,http://charme-du-vin.com/2022/02/25336/,25336,ガティノワ　アイ　グランクリュ　ブリュット　レゼルヴ / アイ　グランクリュ　ブリュット　ロゼ,2022-02-18,2,2,
620,ロベールモンキュイ レゼルヴ ペルペチュール エクストラブリュット,ロベールモンキュイ　レゼルヴ　ペルペチュール　エクストラブリュット,6490,"￥６,４９０（税込）",税込,,http://charme-du-vin.com/2022/02/25305/,25305,ロベールモンキュイ　レゼルヴ　ペルペチュール　エクストラブリュット,2022-02-16,1,1,
621,エリックロデス ブランドブラン エクストラブリュット,エリックロデス　ブランドブラン　エクストラブリュット,8140,"￥８,１４０（税込）",税込,,http://charme-du-vin.com/2022/02/25302/,25302,エリックロデス　ブランドブラン　エクストラブリュット,2022-02-16,1,1,
622,バルノー グランクリュ オーセンティックロゼ,バルノー　グランクリュ　オーセンティックロゼ,4620,"￥４,６２０（税込）",税込,,http://charme-du-vin.com/2022/02/25291/,25291,バルノー　グランクリュ　オーセンティックロゼ / グランクリュ　セレクション　ブリュットナチュール  / グランクリュ　グランレゼルヴブリュット,2022-02-15,1,3,
623,バルノー グランクリュ セレクション ブリュットナチュール,バルノー　グランクリュ　セレクション　ブリュットナチュール,4400,"￥４,４００（税込）",税込,,http://charme-du-vin.com/2022/02/25291/,25291,バルノー　グランクリュ　オーセンティックロゼ / グランクリュ　セレクション　ブリュットナチュール  / グランクリュ　グランレゼルヴブリュット,2022-02-15,2,3,
624,バルノー グランクリュ グランレゼルヴブリュット,バルノー　グランクリュ　グランレゼルヴブリュット,10120,"￥１０,１２０（税込）",税込,,http://charme-du-vin.com/2022/02/25291/,25291,バルノー　グランクリュ　オーセンティックロゼ / グランクリュ　セレクション　ブリュットナチュール  / グランクリュ　グランレゼルヴブリュット,2022-02-15,3,3,
625,アンリグートルブ キュヴェトラディション 1.5L,アンリグートルブ　キュヴェトラディション　１．５Ｌ,8580,"￥８,５８０（税込）",税込,,http://charme-du-vin.com/2022/02/25288/,25288,アンリグートルブ　キュヴェトラディション　１．５Ｌ,2022-02-15,1,1,
626,Jラサール スペシャルクラブ 12,Ｊラサール　スペシャルクラブ　１２,10890,"￥１０,８９０（税込）",税込,,http://charme-du-vin.com/2022/02/25237/,25237,Ｊラサール　スペシャルクラブ　１２,2022-02-07,1,1,
627,ARルノーブル ブリュットナチュール Mag15,ＡＲルノーブル　ブリュットナチュール　Ｍａｇ１５,4180,"￥４,１８０（税込）",税込,,http://charme-du-vin.com/2022/02/25199/,25199,ＡＲルノーブル　ブリュットナチュール　Ｍａｇ１５,2022-02-05,1,1,
628,アンドレボーフォール ポリジー レゼルヴ ブリュット,アンドレボーフォール　ポリジー　レゼルヴ　ブリュット,5500,"￥５,５００（税込）",税込,,http://charme-du-vin.com/2022/02/25196/,25196,アンドレボーフォール　ポリジー　レゼルヴ　ブリュット,2022-02-05,1,1,
629,ドンペリニヨン レゼルヴドラベイ 99,ドンペリニヨン　レゼルヴドラベイ　９９,99000,"￥９９,０００（税込）",税込,,http://charme-du-vin.com/2022/01/25171/,25171,ドンペリニヨン　レゼルヴドラベイ　９９,2022-01-31,1,1,
630,アルマンドブリニャック ブリュット ※箱なし,アルマンドブリニャック　ブリュット　※箱なし,39600,"￥３９,６００（税込）",税込,,http://charme-du-vin.com/2022/01/25167/,25167,アルマンドブリニャック　ブリュット　※箱なし,2022-01-31,1,1,
631,ドンペリニヨン 2012 箱無し,ドンペリニヨン　２０１２　箱無し,22000,"￥２２,０００（税込）",税込,,http://charme-du-vin.com/2022/01/24984/,24984,ドンペリニヨン　２０１２　箱無し / ２００８　箱あり / Ｐ２　２００３　箱無し,2022-01-12,1,3,
632,ドンペリニヨン 2008 箱あり,ドンペリニヨン　２００８　箱あり,24200,"￥２４,２００（税込）",税込,,http://charme-du-vin.com/2022/01/24984/,24984,ドンペリニヨン　２０１２　箱無し / ２００８　箱あり / Ｐ２　２００３　箱無し,2022-01-12,2,3,
633,ドンペリニヨン P2 2003 箱無し,ドンペリニヨン　Ｐ２　２００３　箱無し,49500,"￥４９,５００（税込）",税込,,http://charme-du-vin.com/2022/01/24984/,24984,ドンペリニヨン　２０１２　箱無し / ２００８　箱あり / Ｐ２　２００３　箱無し,2022-01-12,3,3,
634,アンリジロー アイ グランクリュ ブリュット フュドシェーヌ ロゼ MV,アンリジロー　アイ　グランクリュ　ブリュット　フュドシェーヌ　ロゼ　ＭＶ,25300,"￥２５,３００（税込）",税込,,http://charme-du-vin.com/2021/12/24855/,24855,アンリジロー　アイ　グランクリュ　ブリュット　フュドシェーヌ　ロゼ　ＭＶ /  アイ　グランクリュ　ブリュット　ＭＶ１６,2021-12-20,1,2,
635,アンリジロー アイ グランクリュ ブリュット MV16,アンリジロー　アイ　グランクリュ　ブリュット　ＭＶ１６,25850,"￥２５,８５０（税込）",税込,,http://charme-du-vin.com/2021/12/24855/,24855,アンリジロー　アイ　グランクリュ　ブリュット　フュドシェーヌ　ロゼ　ＭＶ /  アイ　グランクリュ　ブリュット　ＭＶ１６,2021-12-20,2,2,
636,テタンジェ コレクション2008 セバスチャンサルガト,テタンジェ　コレクション２００８　セバスチャンサルガト,30800,"￥３０,８００（税込）",税込,,http://charme-du-vin.com/2021/12/24790/,24790,タンジェ　コレクション２００８　セバスチャンサルガト,2021-12-10,1,1,
637,ポールロジェ サーウィストンチャーチル 12,ポールロジェ　サーウィストンチャーチル　１２,24200,"￥２４,２００（税込）",税込,,http://charme-du-vin.com/2021/12/24787/,24787,ポールロジェ　サーウィストンチャーチル　１２,2021-12-10,1,1,
638,テタンジェ ブリュット レゼルヴ 750ml,テタンジェ　ブリュット　レゼルヴ　７５０ｍｌ,4840,"￥４,８４０（税込）",税込,,http://charme-du-vin.com/2021/12/24749/,24749,テタンジェ　ブリュット　レゼルヴ　７５０ｍｌ,2021-12-09,1,1,
639,サロン 2012,サロン　２０１２,110000,"￥１１０,０００（税込）",税込,,http://charme-du-vin.com/2021/12/24739/,24739,サロン　２０１２,2021-12-07,1,1,
640,ド スーザ キュヴェ デ コーダリー ブランドブラン エクストラブリュット,ド　スーザ　キュヴェ　デ　コーダリー　ブランドブラン　エクストラブリュット,10780,"￥１０,７８０（税込）",税込,,http://charme-du-vin.com/2021/12/24631/,24631,ド　スーザ　キュヴェ　デ　コーダリー　ブランドブラン　エクストラブリュット / キュヴェ　デ　コーダリー　ブランドブラン　エクストラブリュット　０８,2021-12-04,1,2,
641,ド スーザ キュヴェ デ コーダリー ブランドブラン エクストラブリュット 08,ド　スーザ　キュヴェ　デ　コーダリー　ブランドブラン　エクストラブリュット　０８,27500,"￥２７,５００（税込）",税込,,http://charme-du-vin.com/2021/12/24631/,24631,ド　スーザ　キュヴェ　デ　コーダリー　ブランドブラン　エクストラブリュット / キュヴェ　デ　コーダリー　ブランドブラン　エクストラブリュット　０８,2021-12-04,2,2,
642,ヴィルマール グラン セリエ,ヴィルマール　グラン　セリエ,8250,"￥８,２５０（税込）",税込,,http://charme-du-vin.com/2021/12/24625/,24625,ヴィルマール　グラン　セリエ,2021-12-04,1,1,
643,ルノーブル アンタンス MAG17,ルノーブル　アンタンス　ＭＡＧ１７,2970,"￥２,９７０（税込）",税込,,http://charme-du-vin.com/2021/12/24619/,24619,ルノーブル　アンタンス　ＭＡＧ１７,2021-12-04,1,1,
644,Jラサール プレフェランス ブリュット 1.5L,Ｊラサール　プレフェランス　ブリュット　１．５Ｌ,9350,"￥９,３５０（税込）",税込,,http://charme-du-vin.com/2021/12/24616/,24616,Ｊラサール　プレフェランス　ブリュット　１．５Ｌ,2021-12-04,1,1,
645,ピエールジモネ ブランドブラン 1.5L,ピエールジモネ　ブランドブラン　１．５Ｌ,9680,"￥９,６８０（税込）",税込,,http://charme-du-vin.com/2021/12/24613/,24613,ピエールジモネ　ブランドブラン　１．５Ｌ,2021-12-04,1,1,
646,ヴーヴクリコ カーヴプリヴェ 1982,ヴーヴクリコ　カーヴプリヴェ　１９８２,45100,"￥４５,１００（税込）",税込,,http://charme-du-vin.com/2021/11/24428/,24428,ヴーヴクリコ　カーヴプリヴェ　１９８２,2021-11-13,1,1,
647,アルノードシュールラン レゼルヴ ブリュット 375ml,アルノードシュールラン　レゼルヴ　ブリュット　３７５ｍｌ,2310,"￥２,３１０（税込）",税込,,http://charme-du-vin.com/2021/11/24387/,24387,アルノードシュールラン　レゼルヴ　ブリュット　３７５ｍｌ,2021-11-11,1,1,
648,スェナン ブランドブラン オワリー グランクリュ,スェナン　ブランドブラン　オワリー　グランクリュ,6545,"￥６,５４５（税込）",税込,,http://charme-du-vin.com/2021/11/24384/,24384,スェナン　ブランドブラン　オワリー　グランクリュ / ブランドブラン　Ｃ＋Ｃ　グランクリュ,2021-11-11,1,2,
649,スェナン ブランドブラン C+C グランクリュ,スェナン　ブランドブラン　Ｃ＋Ｃ　グランクリュ,7370,"￥７,３７０（税込）",税込,,http://charme-du-vin.com/2021/11/24384/,24384,スェナン　ブランドブラン　オワリー　グランクリュ / ブランドブラン　Ｃ＋Ｃ　グランクリュ,2021-11-11,2,2,
650,ドントグルレ ダンザンプルミエタン エクストラブリュット,ドントグルレ　ダンザンプルミエタン　エクストラブリュット,6380,"￥６,３８０（税込）",税込,,http://charme-du-vin.com/2021/11/24381/,24381,ドントグルレ　ダンザンプルミエタン　エクストラブリュット / レテールフィーヌ　プルミエクリュ　ブランドブラン,2021-11-11,1,2,
651,ドントグルレ レテールフィーヌ プルミエクリュ ブランドブラン,ドントグルレ　レテールフィーヌ　プルミエクリュ　ブランドブラン,9350,"￥９,３５０（税込）",税込,,http://charme-du-vin.com/2021/11/24381/,24381,ドントグルレ　ダンザンプルミエタン　エクストラブリュット / レテールフィーヌ　プルミエクリュ　ブランドブラン,2021-11-11,2,2,
652,ボージョア ブリュット キュヴェスペシャル,ボージョア　ブリュット　キュヴェスペシャル,5940,"￥５,９４０（税込）",税込,,http://charme-du-vin.com/2021/11/24377/,24377,ボージョア　ブリュット　キュヴェスペシャル / ドゥミセック,2021-11-11,1,2,
653,ボージョア ドゥミセック,ボージョア　ドゥミセック,5940,"￥５,９４０（税込）",税込,,http://charme-du-vin.com/2021/11/24377/,24377,ボージョア　ブリュット　キュヴェスペシャル / ドゥミセック,2021-11-11,2,2,
654,レア シャンパーニュ レア ヴィンテージ 06,レア　シャンパーニュ　レア　ヴィンテージ　０６,14850,"￥１４,８５０（税込）",税込,,http://charme-du-vin.com/2021/11/24364/,24364,レア　シャンパーニュ　レア　ヴィンテージ　０６ / レア　ロゼ　０８,2021-11-08,1,2,
655,レア シャンパーニュ レア ロゼ 08,レア　シャンパーニュ　レア　ロゼ　０８,30800,"￥３０,８００（税込）",税込,,http://charme-du-vin.com/2021/11/24364/,24364,レア　シャンパーニュ　レア　ヴィンテージ　０６ / レア　ロゼ　０８,2021-11-08,2,2,
656,パイパーエドシック ブリュット プロヒビション,パイパーエドシック　ブリュット　プロヒビション,3520,"￥３,５２０（税込）",税込,,http://charme-du-vin.com/2021/11/24358/,24358,パイパーエドシック　ブリュット　プロヒビション,2021-11-06,1,1,
657,ユレフレール アンヴィタシオン,ユレフレール　アンヴィタシオン,3300,"￥３,３００（税込）",税込,,http://charme-du-vin.com/2021/11/24317/,24317,ユレフレール　アンヴィタシオン,2021-11-05,1,1,
658,ルノーブル アンタンス MAG16,ルノーブル　アンタンス　ＭＡＧ１６,2970,"￥２,９７０（税込）",税込,,http://charme-du-vin.com/2021/11/24314/,24314,ルノーブル　アンタンス　ＭＡＧ１６,2021-11-05,1,1,
659,ポールクルエ ブリュット ブランドノワール グランクリュ,ポールクルエ　ブリュット　ブランドノワール　グランクリュ,5170,"￥５,１７０（税込）",税込,,http://charme-du-vin.com/2021/11/24310/,24310,ポールクルエ　ブリュット　ブランドノワール　グランクリュ,2021-11-05,1,1,
660,アンリドノン ブリュット セレクション,アンリドノン　ブリュット　セレクション,2750,"￥２,７５０（税込）",税込,,http://charme-du-vin.com/2021/11/24307/,24307,アンリドノン　ブリュット　セレクション,2021-11-05,1,1,
661,ゴッセ グランミレジム 12,ゴッセ　グランミレジム　１２,6270,"￥６,２７０（税込）",税込,,http://charme-du-vin.com/2021/11/24304/,24304,ゴッセ　グランミレジム　１２,2021-11-05,1,1,
662,クロードカザル ブランドブラン グランクリュ 12,クロードカザル　ブランドブラン　グランクリュ　１２,6930,"￥６,９３０（税込）",税込,,http://charme-du-vin.com/2021/11/24300/,24300,クロードカザル　ブランドブラン　グランクリュ　１２,2021-11-05,1,1,
663,ガリマール キュヴェドレゼルヴ ブランドノワール ブリュット,ガリマール　キュヴェドレゼルヴ　ブランドノワール　ブリュット,4730,"￥４,７３０（税込）",税込,,http://charme-du-vin.com/2021/11/24297/,24297,ガリマール　キュヴェドレゼルヴ　ブランドノワール　ブリュット,2021-11-05,1,1,
664,アンドレジャカール ヴェルテュ エクスペリエンス 1ER ブランドブラン エキストラブリュット,アンドレジャカール　ヴェルテュ　エクスペリエンス　１ＥＲ　ブランドブラン　エキストラブリュット,4840,"￥４,８４０（税込）",税込,,http://charme-du-vin.com/2021/11/24292/,24292,アンドレジャカール　ヴェルテュ　エクスペリエンス　１ＥＲ　ブランドブラン　エキストラブリュット　 /  エクスペリエンス　ブランドブラン　エキストラブリュット　１２,2021-11-05,1,2,
665,アンドレジャカール エクスペリエンス ブランドブラン エキストラブリュット 12,アンドレジャカール　エクスペリエンス　ブランドブラン　エキストラブリュット　１２,7370,"￥７,３７０（税込）",税込,,http://charme-du-vin.com/2021/11/24292/,24292,アンドレジャカール　ヴェルテュ　エクスペリエンス　１ＥＲ　ブランドブラン　エキストラブリュット　 /  エクスペリエンス　ブランドブラン　エキストラブリュット　１２,2021-11-05,2,2,
666,セロスパジョン サクルブラン ブランドブラン グランクリュ 1.5L,セロスパジョン　サクルブラン　ブランドブラン　グランクリュ　１．５Ｌ,12100,"￥１２,１００（税別）",税抜,,http://charme-du-vin.com/2021/11/24288/,24288,セロスパジョン　サクルブラン　ブランドブラン　グランクリュ　１．５Ｌ  / サクルブラン　ブランドブラン　グランクリュ　/  エレガンス　フュドシェーヌ,2021-11-05,1,3,
667,セロスパジョン サクルブラン ブランドブラン グランクリュ,セロスパジョン　サクルブラン　ブランドブラン　グランクリュ,4950,"￥４,９５０（税別）",税抜,,http://charme-du-vin.com/2021/11/24288/,24288,セロスパジョン　サクルブラン　ブランドブラン　グランクリュ　１．５Ｌ  / サクルブラン　ブランドブラン　グランクリュ　/  エレガンス　フュドシェーヌ,2021-11-05,2,3,
668,セロスパジョン エレガンス フュドシェーヌ,セロスパジョン　エレガンス　フュドシェーヌ,7150,"￥７,１５０（税別）",税抜,,http://charme-du-vin.com/2021/11/24288/,24288,セロスパジョン　サクルブラン　ブランドブラン　グランクリュ　１．５Ｌ  / サクルブラン　ブランドブラン　グランクリュ　/  エレガンス　フュドシェーヌ,2021-11-05,3,3,
669,ボランジェ PN VZ 16 750ml,ボランジェ　ＰＮ　ＶＺ　１６　７５０ｍｌ,13750,"￥１３,７５０（税込）",税込,,http://charme-du-vin.com/2021/11/24280/,24280,ボランジェ　ＰＮ　ＶＺ　１６　７５０ｍｌ,2021-11-01,1,1,
670,ボランジェ B13 エシカルギフトボックス 750ml,ボランジェ　Ｂ１３　エシカルギフトボックス　７５０ｍｌ,17050,"￥１７,０５０（税込）",税込,,http://charme-du-vin.com/2021/11/24277/,24277,ボランジェ　Ｂ１３　エシカルギフトボックス　７５０ｍｌ,2021-11-01,1,1,
671,ルイロデレール ロゼ 2014,ルイロデレール　ロゼ　２０１４,6820,"￥６,８２０（税込）",税込,,http://charme-du-vin.com/2021/10/24239/,24239,ＳＡＬＥ！！　ルイロデレール　ロゼ　２０１４,2021-10-30,1,1,★ＳＡＬＥ！！★　| ルイロデレール　ロゼ　２０１４
672,ノワック ラ フォンティネット ※ムニエ 100%,ノワック　ラ　フォンティネット　※ムニエ　１００％,9240,"￥９,２４０（税込）",税込,,http://charme-du-vin.com/2021/10/24157/,24157,ノワック　ラ　フォンティネット /  ラ　テュイルリー / レ　ボーシェ,2021-10-19,1,3,
673,ノワック ラ テュイルリー ※シャルドネ 100%,ノワック　ラ　テュイルリー　※シャルドネ　１００％,9240,"￥９,２４０（税込）",税込,,http://charme-du-vin.com/2021/10/24157/,24157,ノワック　ラ　フォンティネット /  ラ　テュイルリー / レ　ボーシェ,2021-10-19,2,3,
674,ノワック レ ボーシェ ※ピノノワール 100%,ノワック　レ　ボーシェ　※ピノノワール　１００％,9240,"￥９,２４０（税込）",税込,,http://charme-du-vin.com/2021/10/24157/,24157,ノワック　ラ　フォンティネット /  ラ　テュイルリー / レ　ボーシェ,2021-10-19,3,3,
675,ノワック S.A サンザネ ※シャルドネ100%,ノワック　Ｓ.Ａ　サンザネ　※シャルドネ１００％,6820,"￥６,８２０（税込）",税込,,http://charme-du-vin.com/2021/10/24152/,24152,ノワック　Ｓ.Ａ　サンザネ  / ノワック　キュイ　２０１５,2021-10-19,1,2,
676,ノワック キュイ 2015 ※シャルドネ100%,ノワック　キュイ　２０１５　※シャルドネ１００％,13200,"￥１３,２００（税込）",税込,,http://charme-du-vin.com/2021/10/24152/,24152,ノワック　Ｓ.Ａ　サンザネ  / ノワック　キュイ　２０１５,2021-10-19,2,2,
677,ジャックラセーヌ ルコテ エクストラブリュット ブランドブラン,ジャックラセーヌ　ルコテ　エクストラブリュット　ブランドブラン,9680,"￥９,６８０（税込）",税込,,http://charme-du-vin.com/2021/10/24099/,24099,ジャックラセーヌ　ルコテ　エクストラブリュット　ブランドブラン / ラコリーヌ　アンスピレ　ブランドブラン,2021-10-15,1,2,
678,ジャックラセーヌ ラコリーヌ アンスピレ ブランドブラン,ジャックラセーヌ　ラコリーヌ　アンスピレ　ブランドブラン,9680,"￥９,６８０（税込）",税込,,http://charme-du-vin.com/2021/10/24099/,24099,ジャックラセーヌ　ルコテ　エクストラブリュット　ブランドブラン / ラコリーヌ　アンスピレ　ブランドブラン,2021-10-15,2,2,
679,フランシスブラール レ ミュルジェ ブリュットナチュール,フランシスブラール　レ　ミュルジェ　ブリュットナチュール,5500,"￥５,５００（税込）",税込,,http://charme-du-vin.com/2021/10/24089/,24089,フランシスブラール　レ　ミュルジェ　ブリュットナチュール,2021-10-14,1,1,
680,ルクレールブリアン ブリュット レゼルヴ,ルクレールブリアン　ブリュット　レゼルヴ,4400,"￥４,４００（税込）",税込,,http://charme-du-vin.com/2021/10/24085/,24085,ルクレールブリアン　ブリュット　レゼルヴ,2021-10-14,1,1,
681,クリュッグ ヴィンテージ 2002 ※箱なし,クリュッグ　ヴィンテージ　２００２　※箱なし,33000,"￥３３,０００（税込）",税込,,http://charme-du-vin.com/2021/10/24081/,24081,クリュッグ　ヴィンテージ　２００２　※箱なし,2021-10-14,1,1,
682,カゼ ティボー ナチュラメント ピノムニエ,カゼ　ティボー　ナチュラメント　ピノムニエ,5170,"￥５,１７０（税込）",税込,,http://charme-du-vin.com/2021/10/24055/,24055,カゼ　ティボー　ナチュラメント　ピノムニエ,2021-10-08,1,1,
683,ローズドジャンヌ コートドヴァルヴィレーヌ 18,ローズドジャンヌ　コートドヴァルヴィレーヌ　１８,12980,"￥１２,９８０（税込）",税込,,http://charme-du-vin.com/2021/10/24040/,24040,ローズドジャンヌ　コートドヴァルヴィレーヌ　１８,2021-10-08,1,1,
684,ジャクソン キュヴェ743,ジャクソン　キュヴェ７４３,7480,"￥７,４８０（税込）",税込,,http://charme-du-vin.com/2021/10/24035/,24035,ジャクソン　キュヴェ７４３,2021-10-07,1,1,
685,ドンペリニヨン 10 レディーガガ ※BOXなし,ドンペリニヨン　１０　レディーガガ　※ＢＯＸなし,23100,"￥２３,１００",,,http://charme-du-vin.com/2021/10/24026/,24026,ドンペリニヨン　１０　レディーガガ　※ＢＯＸなし / ロゼ　０６　レディーガガ　※ＢＯＸなし,2021-10-07,1,2,
686,ドンペリニヨン ロゼ 06 レディーガガ ※BOXなし,ドンペリニヨン　ロゼ　０６　レディーガガ　※ＢＯＸなし,40700,"￥４０,７００",,,http://charme-du-vin.com/2021/10/24026/,24026,ドンペリニヨン　１０　レディーガガ　※ＢＯＸなし / ロゼ　０６　レディーガガ　※ＢＯＸなし,2021-10-07,2,2,
687,ピエールジモネ エノフィーユ ノンドゼ 1ER ブランドブラン 08,ピエールジモネ　エノフィーユ　ノンドゼ　１ＥＲ　ブランドブラン　０８,8250,"￥８,２５０（税込）",税込,,http://charme-du-vin.com/2021/10/24003/,24003,ピエールジモネ　エノフィーユ　ノンドゼ　１ＥＲ　ブランドブラン　０８ / スペシャルクラブ　クラマン　ＧＣ　１４,2021-10-02,1,2,
688,ピエールジモネ スペシャルクラブ クラマン GC 14,ピエールジモネ　スペシャルクラブ　クラマン　ＧＣ　１４,13200,"￥１３,２００（税込）",税込,,http://charme-du-vin.com/2021/10/24003/,24003,ピエールジモネ　エノフィーユ　ノンドゼ　１ＥＲ　ブランドブラン　０８ / スペシャルクラブ　クラマン　ＧＣ　１４,2021-10-02,2,2,
689,サロン 2004,サロン　２００４,94600,"￥９４,６００（税込）",税込,,http://charme-du-vin.com/2021/09/23917/,23917,サロン　２００４ / ２００６/２００７ /２００８　１５００ｍｌ,2021-09-24,1,4,
690,サロン 2006,サロン　２００６,92400,"￥９２,４００（税込）",税込,,http://charme-du-vin.com/2021/09/23917/,23917,サロン　２００４ / ２００６/２００７ /２００８　１５００ｍｌ,2021-09-24,2,4,
691,サロン 2007,サロン　２００７,92400,"￥９２,４００（税込）",税込,,http://charme-du-vin.com/2021/09/23917/,23917,サロン　２００４ / ２００６/２００７ /２００８　１５００ｍｌ,2021-09-24,3,4,
692,サロン 2008 1500ml,サロン　２００８　１５００ｍｌ,858000,"￥８５８,０００（税込）",税込,,http://charme-du-vin.com/2021/09/23917/,23917,サロン　２００４ / ２００６/２００７ /２００８　１５００ｍｌ,2021-09-24,4,4,
693,"サロン アソートセット(2004,2006,2007 各2本ずつ&2008マグナム1本)","サロン　アソートセット（２００４,２００６,２００７ 各２本ずつ＆２００８マグナム１本）",858000,"￥８５８,０００（税込）",税込,,http://charme-du-vin.com/2021/09/23913/,23913,★再入荷★　サロン　アソートセット,2021-09-24,1,1,"★再入荷！！★　| サロン　アソートセット（２００４,２００６,２００７ 各２本ずつ＆２００８マグナム１本）"
694,ドンペリニョン P2 2003 箱なし,ドンペリニョン　Ｐ２　２００３　箱なし,49500,"￥４９,５００（税込）",税込,,http://charme-du-vin.com/2021/09/23890/,23890,ドンペリニョン　Ｐ２　２００３　箱なし,2021-09-18,1,1,
695,クリュッグ ヴィンテージ 2002 箱なし,クリュッグ　ヴィンテージ　２００２　箱なし,33000,"￥３３,０００（税込）",税込,,http://charme-du-vin.com/2021/09/23887/,23887,クリュッグ　ヴィンテージ　２００２　箱なし,2021-09-18,1,1,
696,ポールロジェ サーウィンストンチャーチル 09,ポールロジェ　サーウィンストンチャーチル　０９,23100,"￥２３,１００（税込）",税込,,http://charme-du-vin.com/2021/09/23880/,23880,ポールロジェ　サーウィンストンチャーチル　０９,2021-09-17,1,1,
697,ジョセフペリエ ブリュット 08,ジョセフペリエ　ブリュット　０８,7150,"￥７,１５０（税込）",税込,,http://charme-du-vin.com/2021/09/23793/,23793,ジョセフペリエ　ブリュット　０８,2021-09-13,1,1,
698,ルイロデレール クリスタル 13,ルイロデレール　クリスタル　１３,31900,"￥３１,９００（税込）",税込,,http://charme-du-vin.com/2021/09/23775/,23775,ルイロデレール　クリスタル　１３,2021-09-09,1,1,
699,ユグノータサン シグネチャー エクストラブリュット,ユグノータサン　シグネチャー　エクストラブリュット,3960,"￥３,９６０（税込）",税込,,http://charme-du-vin.com/2021/09/23658/,23658,ユグノータサン　シグネチャー　エクストラブリュット / シグネチャー　ミレジム　１５ / ノワール　スペシャル,2021-09-03,1,3,
700,ユグノータサン シグネチャー ミレジム 15,ユグノータサン　シグネチャー　ミレジム　１５,4180,"￥４,１８０（税込）",税込,,http://charme-du-vin.com/2021/09/23658/,23658,ユグノータサン　シグネチャー　エクストラブリュット / シグネチャー　ミレジム　１５ / ノワール　スペシャル,2021-09-03,2,3,
701,ユグノータサン ノワール スペシャル,ユグノータサン　ノワール　スペシャル,9900,"￥９,９００（税込）",税込,,http://charme-du-vin.com/2021/09/23658/,23658,ユグノータサン　シグネチャー　エクストラブリュット / シグネチャー　ミレジム　１５ / ノワール　スペシャル,2021-09-03,3,3,
702,テルモン レゼルヴ ド ラ テール オーガニック,テルモン　レゼルヴ　ド　ラ　テール　オーガニック,8690,"￥８,６９０（税込）",税込,,http://charme-du-vin.com/2021/09/23655/,23655,テルモン　レゼルヴ　ド　ラ　テール　オーガニック,2021-09-03,1,1,
703,ムーセフェス ロール ドゥジェンヌ ブランドノワール,ムーセフェス　ロール　ドゥジェンヌ　ブランドノワール,5280,"￥５,２８０（税込）",税込,,http://charme-du-vin.com/2021/09/23595/,23595,ムーセフェス　ロール　ドゥジェンヌ　ブランドノワール  /  ロゼ　エフュージョン,2021-09-01,1,2,
704,ムーセフェス ロゼ エフュージョン,ムーセフェス　　ロゼ　エフュージョン,5280,"￥５,２８０（税込）",税込,,http://charme-du-vin.com/2021/09/23595/,23595,ムーセフェス　ロール　ドゥジェンヌ　ブランドノワール  /  ロゼ　エフュージョン,2021-09-01,2,2,
705,マリークルタン エロカンス ブランドブラン,マリークルタン　エロカンス　ブランドブラン,9790,"￥９,７９０（税込）",税込,,http://charme-du-vin.com/2021/09/23592/,23592,マリークルタン　エロカンス　ブランドブラン,2021-09-01,1,1,
706,アグラパール セットクリュ ブリュット,アグラパール　セットクリュ　ブリュット,5170,"￥５,１７０（税込）",税込,,http://charme-du-vin.com/2021/09/23589/,23589,アグラパール　セットクリュ　ブリュット,2021-09-01,1,1,
707,ローズドジャンヌ コートドヴァルヴィレーヌ 17,ローズドジャンヌ　コートドヴァルヴィレーヌ　１７,13200,"￥１３,２００（税込）",税込,,http://charme-du-vin.com/2021/08/23494/,23494,ローズドジャンヌ　コートドヴァルヴィレーヌ　１７,2021-08-07,1,1,
708,ドントグルレ ダンザンプルミエタン エクストラブリュット,ドントグルレ　ダンザンプルミエタン　エクストラブリュット,6380,"￥６,３８０（税込）",税込,,http://charme-du-vin.com/2021/08/23446/,23446,ドントグルレ　ダンザンプルミエタン　エクストラブリュット / レテールフィーヌ　プルミエクリュ　ブランドブラン,2021-08-04,1,2,
709,ドントグルレ レテールフィーヌ プルミエクリュ ブランドブラン,ドントグルレ　レテールフィーヌ　プルミエクリュ　ブランドブラン,7480,"￥７,４８０（税込）",税込,,http://charme-du-vin.com/2021/08/23446/,23446,ドントグルレ　ダンザンプルミエタン　エクストラブリュット / レテールフィーヌ　プルミエクリュ　ブランドブラン,2021-08-04,2,2,
710,ドラモット ブランドブラン 12,ドラモット　ブランドブラン　１２,8360,"￥８,３６０（税込）",税込,,http://charme-du-vin.com/2021/08/23443/,23443,ドラモット　ブランドブラン　１２,2021-08-04,1,1,
711,クリュッグ グランドキュヴェ ※並行品,クリュッグ　グランドキュヴェ　※並行品,20900,"￥２０,９００（税込）",税込,,http://charme-du-vin.com/2021/07/23360/,23360,ＳＡＬＥ！！　クリュッグ　グランドキュヴェ　※並行品,2021-07-30,1,1,★ＳＡＬＥ！！★　| クリュッグ　グランドキュヴェ　※並行品
712,アルマンドブリニャック ブリュット,アルマンドブリニャック　ブリュット,30800,"￥３０,８００（税込）",税込,,http://charme-du-vin.com/2021/07/23357/,23357,ＳＡＬＥ！！　アルマンドブリニャック　ブリュット　/  アルマンドブリニャック　ドミセック,2021-07-30,1,2,★ＳＡＬＥ！！★　| アルマンドブリニャック　ブリュット
713,アルマンドブリニャック ドミセック,アルマンドブリニャック　ドミセック,44000,"￥４４,０００（税込）",税込,,http://charme-du-vin.com/2021/07/23357/,23357,ＳＡＬＥ！！　アルマンドブリニャック　ブリュット　/  アルマンドブリニャック　ドミセック,2021-07-30,2,2,
714,クリュッグ ヴィンテージ 2000,クリュッグ　ヴィンテージ　２０００,31900,"￥３１,９００（税込）",税込,,http://charme-du-vin.com/2021/07/23335/,23335,クリュッグ　ヴィンテージ　２０００　/  ２００２,2021-07-21,1,2,
715,クリュッグ ヴィンテージ 2002,クリュッグ　ヴィンテージ　２００２,33000,"￥３３,０００（税込）",税込,,http://charme-du-vin.com/2021/07/23335/,23335,クリュッグ　ヴィンテージ　２０００　/  ２００２,2021-07-21,2,2,
716,ドラモット ブリュット,ドラモット　ブリュット,4070,"￥４,０７０（税込）",税込,,http://charme-du-vin.com/2021/07/23316/,23316,ドラモット　ブリュット,2021-07-19,1,1,
717,ピエールカロ グランクリュ ブランドブラン,ピエールカロ　グランクリュ　ブランドブラン,5720,"￥５,７２０（税込）",税込,,http://charme-du-vin.com/2021/07/23230/,23230,ピエールカロ　グランクリュ　ブランドブラン / グローヴ　レゼルヴ / クロ　ジャカン　グランクリュ,2021-07-09,1,3,
718,ピエールカロ グローヴ レゼルヴ,ピエールカロ　グローヴ　レゼルヴ,7150,"￥７,１５０（税込）",税込,,http://charme-du-vin.com/2021/07/23230/,23230,ピエールカロ　グランクリュ　ブランドブラン / グローヴ　レゼルヴ / クロ　ジャカン　グランクリュ,2021-07-09,2,3,
719,ピエールカロ クロ ジャカン グランクリュ,ピエールカロ　クロ　ジャカン　グランクリュ,17600,"￥１７,６００（税込）",税込,,http://charme-du-vin.com/2021/07/23230/,23230,ピエールカロ　グランクリュ　ブランドブラン / グローヴ　レゼルヴ / クロ　ジャカン　グランクリュ,2021-07-09,3,3,
720,テルモン レゼルヴ ブリュット,テルモン　レゼルヴ　ブリュット,5830,"￥５,８３０（税込）",税込,,http://charme-du-vin.com/2021/07/23182/,23182,テルモン　レゼルヴ　ブリュット / レゼルヴ　ロゼ / ブランドブラン　ヴィノテーク　０５,2021-07-05,1,3,
721,テルモン レゼルヴ ロゼ,テルモン　レゼルヴ　ロゼ,7260,"￥７,２６０（税込）",税込,,http://charme-du-vin.com/2021/07/23182/,23182,テルモン　レゼルヴ　ブリュット / レゼルヴ　ロゼ / ブランドブラン　ヴィノテーク　０５,2021-07-05,2,3,
722,テルモン ブランドブラン ヴィノテーク 05,テルモン　ブランドブラン　ヴィノテーク　０５,25300,"￥２５,３００（税込）",税込,,http://charme-du-vin.com/2021/07/23182/,23182,テルモン　レゼルヴ　ブリュット / レゼルヴ　ロゼ / ブランドブラン　ヴィノテーク　０５,2021-07-05,3,3,
723,ルノーブル アンタンス MAG16,ルノーブル　アンタンス　ＭＡＧ１６,2970,"￥２,９７０（税込）",税込,,http://charme-du-vin.com/2021/07/23140/,23140,ルノーブル　アンタンス　ＭＡＧ１６,2021-07-01,1,1,
724,JMラヴリュイエール プロローグ ブリュット,ＪＭラヴリュイエール　プロローグ　ブリュット,5280,"￥５,２８０（税込）",税込,,http://charme-du-vin.com/2021/07/23137/,23137,ＪＭラヴリュイエール　プロローグ　ブリュット,2021-07-01,1,1,
725,ユレフレール インヴィタシオン,ユレフレール　インヴィタシオン,3300,"￥３,３００（税込）",税込,,http://charme-du-vin.com/2021/07/23134/,23134,ユレフレール　インヴィタシオン,2021-07-01,1,1,
726,ゴッセ グランレゼルヴ ブリュット,ゴッセ　グランレゼルヴ　ブリュット,3520,"￥３,５２０（税込）",税込,,http://charme-du-vin.com/2021/07/23130/,23130,ゴッセ　グランレゼルヴ　ブリュット  /  セレブリス　０７,2021-07-01,1,2,
727,ゴッセ セレブリス 07,ゴッセ　セレブリス　０７,14300,"￥１４,３００（税込）",税込,,http://charme-du-vin.com/2021/07/23130/,23130,ゴッセ　グランレゼルヴ　ブリュット  /  セレブリス　０７,2021-07-01,2,2,
728,アルマンドブリニャック ブリュット,アルマンドブリニャック　ブリュット,29700,"￥２９,７００（税込）",税込,,http://charme-du-vin.com/2021/06/23076/,23076,ＳＡＬＥ！！　アルマンドブリニャック　ブリュット,2021-06-30,1,1,★ＳＡＬＥ！！★　| アルマンドブリニャック　ブリュット
729,キュヴェ ルイ ロブション オートレオー ブリュット,キュヴェ　ルイ　ロブション　オートレオー　ブリュット,3520,"￥３,５２０（税込）",税込,,http://charme-du-vin.com/2021/06/23064/,23064,キュヴェ　ルイ　ロブション　オートレオー　ブリュット,2021-06-28,1,1,
730,テタンジェ コントドシャンパーニュ 05,テタンジェ　コントドシャンパーニュ　０５,17600,"￥１７,６００（税込）",税込,,http://charme-du-vin.com/2021/06/23012/,23012,テタンジェ　コントドシャンパーニュ　０５,2021-06-18,1,1,
731,ボージョア ドゥミセック,ボージョア　ドゥミセック,5940,"￥５,９４０（税込）",税込,,http://charme-du-vin.com/2021/06/22966/,22966,ボージョア　ドゥミセック,2021-06-11,1,1,
732,ペリエジュエ ベルエポック 2012 ビンキズ,ペリエジュエ　ベルエポック　２０１２　ビンキズ,16500,"￥１６,５００（税込）",税込,,http://charme-du-vin.com/2021/06/22913/,22913,ＳＡＬＥ！！　ペリエジュエ　ベルエポック　２０１２　ビンキズ,2021-06-07,1,1,★ＳＡＬＥ！！★　| ペリエジュエ　ベルエポック　２０１２　ビンキズ
733,ヴィルマール グラン セリエドール 15,ヴィルマール　グラン　セリエドール　１５,11000,"￥１１,０００（税込）",税込,,http://charme-du-vin.com/2021/06/22801/,22801,ヴィルマール　グラン　セリエドール　１５,2021-06-04,1,1,
734,ボランジェ RD 04 1.5L,ボランジェ　ＲＤ　０４　１．５Ｌ,59400,"￥５９,４００（税込）",税込,,http://charme-du-vin.com/2021/06/22798/,22798,ボランジェ　ＲＤ　０４　１．５Ｌ,2021-06-04,1,1,
735,フランシスブラール レミュルジェ ブリュットナチュール,フランシスブラール　レミュルジェ　ブリュットナチュール,5500,"￥５,５００（税込）",税込,,http://charme-du-vin.com/2021/06/22759/,22759,フランシスブラール　レミュルジェ　ブリュットナチュール,2021-06-02,1,1,
736,ARルノーブル MAG14 ブリュットナチュール,ＡＲルノーブル　ＭＡＧ１４　ブリュットナチュール,4180,"￥４,１８０（税込）",税込,,http://charme-du-vin.com/2021/06/22756/,22756,ＡＲルノーブル　ＭＡＧ１４　ブリュットナチュール,2021-06-02,1,1,
737,ワリスラルマンディエ パルティキュール クレイユーズ グランクリュ ブランドブラン,ワリスラルマンディエ　パルティキュール　クレイユーズ　グランクリュ　ブランドブラン,7150,"￥７,１５０（税込）",税込,,http://charme-du-vin.com/2021/06/22752/,22752,ワリスラルマンディエ　パルティキュール　クレイユーズ　グランクリュ　ブランドブラン,2021-06-02,1,1,
738,ボージョア ブリュット スペシャルキュヴェ,ボージョア　ブリュット　スペシャルキュヴェ,5940,"￥５,９４０（税込）",税込,,http://charme-du-vin.com/2021/06/22749/,22749,ボージョア　ブリュット　スペシャルキュヴェ,2021-06-02,1,1,
739,ゴッセ グラン ロゼ,ゴッセ　グラン　ロゼ,5940,"￥５,９４０（税込）",税込,,http://charme-du-vin.com/2021/06/22746/,22746,ゴッセ　グラン　ロゼ,2021-06-02,1,1,
740,アンドレクルエ シルヴァー ブリュット,アンドレクルエ　シルヴァー　ブリュット,4510,"￥４,５１０（税込）",税込,,http://charme-du-vin.com/2021/06/22742/,22742,アンドレクルエ　シルヴァー　ブリュット　７５０ｍｌ / １．５Ｌ,2021-06-02,1,2,
741,アンドレクルエ シルヴァー ブリュット 1.5L,アンドレクルエ　シルヴァー　ブリュット　１．５Ｌ,9130,"￥９,１３０（税込）",税込,,http://charme-du-vin.com/2021/06/22742/,22742,アンドレクルエ　シルヴァー　ブリュット　７５０ｍｌ / １．５Ｌ,2021-06-02,2,2,
742,シャピュイ トラディション 1.5L,シャピュイ　トラディション　１．５Ｌ,6490,"￥６,４９０（税込）",税込,,http://charme-du-vin.com/2021/06/22738/,22738,シャピュイ　トラディション　１．５Ｌ,2021-06-02,1,1,
743,アンリグートルブ キュヴェ トラディション 375ml,アンリグートルブ　キュヴェ　トラディション　３７５ｍｌ,2178,"￥２,１７８（税込）",税込,,http://charme-du-vin.com/2021/05/22707/,22707,アンリグートルブ　キュヴェ　トラディション　３７５ｍｌ / キュヴェ　トラディション　７５０ｍｌ /　キュヴェ　プレステージ　１５００ｍｌ,2021-05-28,1,3,
744,アンリグートルブ キュヴェ トラディション 750ml,アンリグートルブ　キュヴェ　トラディション　７５０ｍｌ,3300,"￥３,３００（税込）",税込,,http://charme-du-vin.com/2021/05/22707/,22707,アンリグートルブ　キュヴェ　トラディション　３７５ｍｌ / キュヴェ　トラディション　７５０ｍｌ /　キュヴェ　プレステージ　１５００ｍｌ,2021-05-28,2,3,
745,アンリグートルブ キュヴェ プレステージ 1500ml,アンリグートルブ　キュヴェ　プレステージ　１５００ｍｌ,8470,"￥８,４７０（税込）",税込,,http://charme-du-vin.com/2021/05/22707/,22707,アンリグートルブ　キュヴェ　トラディション　３７５ｍｌ / キュヴェ　トラディション　７５０ｍｌ /　キュヴェ　プレステージ　１５００ｍｌ,2021-05-28,3,3,
746,サヴァール ルーヴェルチュール 1ER,サヴァール　ルーヴェルチュール　１ＥＲ,6930,"￥６,９３０（税込）",税込,,http://charme-du-vin.com/2021/05/22660/,22660,サヴァール　ルーヴェルチュール　１ＥＲ　 / ラコンプリ　１ＥＲ　ヴィエイユヴィーニュ　ＥＸブリュット / ラコンプリ　１ＥＲ　ヴィエイユヴィーニュ　ＥＸブリュット　１５００ｍｌ,2021-05-17,1,3,
747,サヴァール ラコンプリ 1ER ヴィエイユヴィーニュ EXブリュット,サヴァール　ラコンプリ　１ＥＲ　ヴィエイユヴィーニュ　ＥＸブリュット,8690,"￥８,６９０（税込）",税込,,http://charme-du-vin.com/2021/05/22660/,22660,サヴァール　ルーヴェルチュール　１ＥＲ　 / ラコンプリ　１ＥＲ　ヴィエイユヴィーニュ　ＥＸブリュット / ラコンプリ　１ＥＲ　ヴィエイユヴィーニュ　ＥＸブリュット　１５００ｍｌ,2021-05-17,2,3,
748,サヴァール ラコンプリ 1ER ヴィエイユヴィーニュ EXブリュット 1500ml,サヴァール　ラコンプリ　１ＥＲ　ヴィエイユヴィーニュ　ＥＸブリュット　１５００ｍｌ,18150,"￥１８,１５０（税込）",税込,,http://charme-du-vin.com/2021/05/22660/,22660,サヴァール　ルーヴェルチュール　１ＥＲ　 / ラコンプリ　１ＥＲ　ヴィエイユヴィーニュ　ＥＸブリュット / ラコンプリ　１ＥＲ　ヴィエイユヴィーニュ　ＥＸブリュット　１５００ｍｌ,2021-05-17,3,3,
749,ルイロデレール ブリュット ナチューレ 09,ルイロデレール　ブリュット　ナチューレ　０９,10890,"￥１０,８９０（税込）",税込,,http://charme-du-vin.com/2021/05/22602/,22602,ルイロデレール　ブリュット　ナチューレ　０９,2021-05-11,1,1,
750,モッド レゼルヴ シャンパーニュ,モッド　レゼルヴ　シャンパーニュ,8800,"￥８,８００（税込）",税込,,http://charme-du-vin.com/2021/05/22562/,22562,ＳＡＬＥ！！　モッド　レゼルヴ　シャンパーニュ,2021-05-10,1,1,★ＳＡＬＥ！！★　| モッド　レゼルヴ　シャンパーニュ
751,ドゥーツ アムール ド ドゥーツ 08,ドゥーツ　アムール　ド　ドゥーツ　０８,23100,"￥２３,１００（税込）",税込,,http://charme-du-vin.com/2021/04/22513/,22513,ドゥーツ　アムール　ド　ドゥーツ　０８,2021-04-26,1,1,
752,ヴェルニョン エロカンス ブランドブラン エクストラブリュット,ヴェルニョン　エロカンス　ブランドブラン　エクストラブリュット,5500,"￥５,５００（税込）",税込,,http://charme-du-vin.com/2021/04/22495/,22495,ヴェルニョン　エロカンス　ブランドブラン　エクストラブリュット,2021-04-23,1,1,
753,ペリエジュエ ベルエポック 13,ペリエジュエ　ベルエポック　１３,19800,"￥１９,８００（税込）",税込,,http://charme-du-vin.com/2021/04/22485/,22485,ペリエジュエ　ベルエポック　１３,2021-04-21,1,1,
754,アンリジロー ロゼ ダム ジャンヌ,アンリジロー　ロゼ　ダム　ジャンヌ,9900,"￥９,９００（税込）",税込,,http://charme-du-vin.com/2021/04/22470/,22470,アンリジロー　ロゼ　ダム　ジャンヌ,2021-04-21,1,1,
755,アンリジロー フットデシェーン MV14,アンリジロー　フットデシェーン　ＭＶ１４,19800,"￥１９,８００（税込）",税込,,http://charme-du-vin.com/2021/04/22366/,22366,アンリジロー　フットデシェーン　ＭＶ１４,2021-04-14,1,1,
756,ノワック S.A サンザネ,ノワック　Ｓ.Ａ　サンザネ,6820,"￥６,８２０（税込）",税込,,http://charme-du-vin.com/2021/04/22342/,22342,ノワック　Ｓ.Ａ　サンザネ　/ レ　ボーシェ / ラ　フォンティネット / ラ　テュイルリー,2021-04-12,1,4,
757,ノワック レ ボーシェ,ノワック　レ　ボーシェ,8470,"￥８,４７０（税込）",税込,,http://charme-du-vin.com/2021/04/22342/,22342,ノワック　Ｓ.Ａ　サンザネ　/ レ　ボーシェ / ラ　フォンティネット / ラ　テュイルリー,2021-04-12,2,4,
758,ノワック ラ フォンティネット,ノワック　ラ　フォンティネット,8470,"￥８,４７０（税込）",税込,,http://charme-du-vin.com/2021/04/22342/,22342,ノワック　Ｓ.Ａ　サンザネ　/ レ　ボーシェ / ラ　フォンティネット / ラ　テュイルリー,2021-04-12,3,4,
759,ノワック ラ テュイルリー,ノワック　ラ　テュイルリー,8470,"￥８,４７０（税込）",税込,,http://charme-du-vin.com/2021/04/22342/,22342,ノワック　Ｓ.Ａ　サンザネ　/ レ　ボーシェ / ラ　フォンティネット / ラ　テュイルリー,2021-04-12,4,4,
760,ジョセフペリエ キュヴェ ロワイヤル 750ml,ジョセフペリエ　キュヴェ　ロワイヤル　７５０ｍｌ,4180,"￥４,１８０（税込）",税込,,http://charme-du-vin.com/2021/04/22278/,22278,ジョセフペリエ　キュヴェ　ロワイヤル　７５０ｍｌ,2021-04-05,1,1,
761,シャルトーニュタイエ キュヴェ サンタンヌ ブリュット,シャルトーニュタイエ　キュヴェ　サンタンヌ　ブリュット,4840,"￥４,８４０（税込）",税込,,http://charme-du-vin.com/2021/04/22274/,22274,シャルトーニュタイエ　キュヴェ　サンタンヌ　ブリュット,2021-04-05,1,1,
762,ピエールパイヤール レ パルセル,ピエールパイヤール　レ　パルセル,5170,"￥５,１７０（税込）",税込,,http://charme-du-vin.com/2021/04/22270/,22270,ピエールパイヤール　レ　パルセル,2021-04-05,1,1,
763,スェナン ラ グランドヴィーニュ MSV ピノムニエ 13,スェナン　ラ　グランドヴィーニュ　ＭＳＶ　ピノムニエ　１３,12100,"￥１２,１００（税込）",税込,,http://charme-du-vin.com/2021/04/22246/,22246,スェナン　ラ　グランドヴィーニュ　ＭＳＶ　ピノムニエ　１３ / ラ　コクリュエット　オワリー　ＢＢ　ＧＣ　１３ / ル　モンテギュ　シュイィー　ＢＢ　ＧＣ　１３,2021-04-02,1,3,
764,スェナン ラ コクリュエット オワリー BB GC 13,スェナン　ラ　コクリュエット　オワリー　ＢＢ　ＧＣ　１３,14300,"￥１４,３００（税込）",税込,,http://charme-du-vin.com/2021/04/22246/,22246,スェナン　ラ　グランドヴィーニュ　ＭＳＶ　ピノムニエ　１３ / ラ　コクリュエット　オワリー　ＢＢ　ＧＣ　１３ / ル　モンテギュ　シュイィー　ＢＢ　ＧＣ　１３,2021-04-02,2,3,
765,スェナン ル モンテギュ シュイィー BB GC 13,スェナン　ル　モンテギュ　シュイィー　ＢＢ　ＧＣ　１３,15400,"￥１５,４００（税込）",税込,,http://charme-du-vin.com/2021/04/22246/,22246,スェナン　ラ　グランドヴィーニュ　ＭＳＶ　ピノムニエ　１３ / ラ　コクリュエット　オワリー　ＢＢ　ＧＣ　１３ / ル　モンテギュ　シュイィー　ＢＢ　ＧＣ　１３,2021-04-02,3,3,
766,アルマンドブリニャック ブリュット 1500ml,アルマンドブリニャック　ブリュット　１５００ｍｌ,5500,"￥５,５００（税込）",税込,,http://charme-du-vin.com/2021/04/22218/,22218,アルマンドブリニャック　ブリュット　１５００ｍｌ,2021-04-01,1,1,
767,サロン 04,サロン　０４,88000,"￥８８,０００（税込）",税込,,http://charme-du-vin.com/2021/03/22189/,22189,サロン　０４ ・０６・０７・０８　マグナム,2021-03-23,1,4,
768,サロン 06,サロン　０６,85800,"￥８５,８００（税込）",税込,,http://charme-du-vin.com/2021/03/22189/,22189,サロン　０４ ・０６・０７・０８　マグナム,2021-03-23,2,4,
769,サロン 07,サロン　０７,85800,"￥８５,８００（税込）",税込,,http://charme-du-vin.com/2021/03/22189/,22189,サロン　０４ ・０６・０７・０８　マグナム,2021-03-23,3,4,
770,サロン 08 マグナム,サロン　０８　マグナム,352000,"￥３５２,０００（税込）",税込,,http://charme-du-vin.com/2021/03/22189/,22189,サロン　０４ ・０６・０７・０８　マグナム,2021-03-23,4,4,
771,ドゥーツ オマージュ ア ウイリアムドゥーツ コート グラシエール 12,ドゥーツ　オマージュ　ア　ウイリアムドゥーツ　コート　グラシエール　１２,14300,"￥１４,３００（税込）",税込,,http://charme-du-vin.com/2021/03/22185/,22185,ドゥーツ　オマージュ　ア　ウイリアムドゥーツ　コート　グラシエール　１２,2021-03-22,1,1,
772,ボランジェ ロゼ ブリュット,ボランジェ　ロゼ　ブリュット,7480,"￥７,４８０（税込）",税込,,http://charme-du-vin.com/2021/03/22169/,22169,ボランジェ　ロゼ　ブリュット,2021-03-19,1,1,
773,ムーセフィス ロール ドゥジェンヌ ブランドノワール,ムーセフィス　ロール　ドゥジェンヌ　ブランドノワール,4950,"￥４,９５０（税込）",税込,,http://charme-du-vin.com/2021/03/22141/,22141,ムーセフィス　ロール　ドゥジェンヌ　ブランドノワール / アネクドート　ブランドブラン,2021-03-19,1,2,
774,ムーセフィス アネクドート ブランドブラン,ムーセフィス　アネクドート　ブランドブラン,5720,"￥５,７２０（税込）",税込,,http://charme-du-vin.com/2021/03/22141/,22141,ムーセフィス　ロール　ドゥジェンヌ　ブランドノワール / アネクドート　ブランドブラン,2021-03-19,2,2,
775,フィリッポナー グランブラン エキストラブリュット 08,フィリッポナー　グランブラン　エキストラブリュット　０８,9680,"￥９,６８０（税込）",税込,,http://charme-du-vin.com/2021/03/22036/,22036,フィリッポナー　グランブラン　エキストラブリュット　０８,2021-03-05,1,1,
776,ドスーザ キュヴェデコーダリー ブランドブラン 08,ドスーザ　キュヴェデコーダリー　ブランドブラン　０８,27500,"￥２７,５００（税込）",税込,,http://charme-du-vin.com/2021/03/22033/,22033,ドスーザ　キュヴェデコーダリー　ブランドブラン　０８,2021-03-05,1,1,
777,テタンジェ コントドシャンパーニュ 07,テタンジェ　コントドシャンパーニュ　０７,15400,"￥１５,４００（税込）",税込,,http://charme-du-vin.com/2021/03/21985/,21985,テタンジェ　コントドシャンパーニュ　０７,2021-03-03,1,1,
778,ドンペリニヨン レニークラヴィッツ リミテッドエディション 08 箱入り,ドンペリニヨン　レニークラヴィッツ　リミテッドエディション　０８　箱入り,20900,"￥２０,９００（税込）",税込,,http://charme-du-vin.com/2021/02/21911/,21911,ドンペリニヨン　レニークラヴィッツ　リミテッドエディション　０８　箱入り,2021-02-26,1,1,
779,ジャクソン アヴィーズ シャンカイン 08,ジャクソン　アヴィーズ　シャンカイン　０８,27500,"￥２７,５００（税込）",税込,,http://charme-du-vin.com/2021/02/21873/,21873,ジャクソン　アヴィーズ　シャンカイン　０８,2021-02-22,1,1,
780,ドゥーツ ウィリアムドゥーツ 09,ドゥーツ　ウィリアムドゥーツ　０９,16500,"￥１６,５００（税込）",税込,,http://charme-du-vin.com/2021/02/21871/,21871,ドゥーツ　ウィリアムドゥーツ　０９,2021-02-22,1,1,
781,アヤラ ブリュット マジュール,アヤラ　ブリュット　マジュール,3410,"￥３,４１０（税込）",税込,,http://charme-du-vin.com/2021/02/21824/,21824,アヤラ　ブリュット　マジュール / キュヴェ　パルル　ダヤラ　０６,2021-02-15,1,2,
782,アヤラ キュヴェ パルル ダヤラ 06,アヤラ　キュヴェ　パルル　ダヤラ　０６,12100,"￥１２,１００（税込）",税込,,http://charme-du-vin.com/2021/02/21824/,21824,アヤラ　ブリュット　マジュール / キュヴェ　パルル　ダヤラ　０６,2021-02-15,2,2,
783,ドラピエ グランサンドレ 10,ドラピエ　グランサンドレ　１０,8580,"￥８,５８０（税込）",税込,,http://charme-du-vin.com/2021/02/21702/,21702,ドラピエ　グランサンドレ　１０,2021-02-05,1,1,
784,エグリウーリエ エクストラブリュット グランクリュ VP,エグリウーリエ　エクストラブリュット　グランクリュ　ＶＰ,13750,"￥１３,７５０（税込）",税込,,http://charme-du-vin.com/2021/02/21699/,21699,エグリウーリエ　エクストラブリュット　グランクリュ　ＶＰ,2021-02-05,1,1,
785,ドラモット ブランドブラン 12,ドラモット　ブランドブラン　１２,8360,"￥８,３６０（税込）",税込,,http://charme-du-vin.com/2021/02/21678/,21678,ドラモット　ブランドブラン　１２,2021-02-03,1,1,
786,ダヴィッドレクラパール ラポトール ブランドブラン LV14,ダヴィッドレクラパール　ラポトール　ブランドブラン　ＬＶ１４,17500,"￥１７,５００（税別）",税抜,,http://charme-du-vin.com/2021/01/21506/,21506,ダヴィッドレクラパール　ラポトール　ブランドブラン　ＬＶ１４ / 　ラルティスト　ブランドブラン　ＬＶ１４ / ラストル　ブランドノワール　ＬＶ１５,2021-01-15,1,3,
787,ダヴィッドレクラパール ラルティスト ブランドブラン LV14,ダヴィッドレクラパール　ラルティスト　ブランドブラン　ＬＶ１４,13000,"￥１３,０００（税別）",税抜,,http://charme-du-vin.com/2021/01/21506/,21506,ダヴィッドレクラパール　ラポトール　ブランドブラン　ＬＶ１４ / 　ラルティスト　ブランドブラン　ＬＶ１４ / ラストル　ブランドノワール　ＬＶ１５,2021-01-15,2,3,
788,ダヴィッドレクラパール ラストル ブランドノワール LV15,ダヴィッドレクラパール　ラストル　ブランドノワール　ＬＶ１５,16000,"￥１６,０００（税別）",税抜,,http://charme-du-vin.com/2021/01/21506/,21506,ダヴィッドレクラパール　ラポトール　ブランドブラン　ＬＶ１４ / 　ラルティスト　ブランドブラン　ＬＶ１４ / ラストル　ブランドノワール　ＬＶ１５,2021-01-15,3,3,
789,アヤラ NO.7 ブリュット 07,アヤラ　ＮＯ.７　ブリュット　０７,7200,"￥７,２００（税別）",税抜,,http://charme-du-vin.com/2021/01/21380/,21380,アヤラ　ＮＯ.７　ブリュット　０７,2021-01-05,1,1,
790,ローズドジャンヌ コートドヴァルヴィレーヌ 18,ローズドジャンヌ　コートドヴァルヴィレーヌ　１８,9800,"￥９,８００（税別）",税抜,,http://charme-du-vin.com/2020/12/21361/,21361,ローズドジャンヌ　コートドヴァルヴィレーヌ　１８ /　コートドヴェシャラン　１２ /  レズルシュレ　ブランドノワール　１６/ ラオートランブレ　ブランドブラン　１６,2020-12-25,1,4,
791,ローズドジャンヌ コートドヴェシャラン 12,ローズドジャンヌ　コートドヴェシャラン　１２,13800,"￥１３,８００（税別）",税抜,,http://charme-du-vin.com/2020/12/21361/,21361,ローズドジャンヌ　コートドヴァルヴィレーヌ　１８ /　コートドヴェシャラン　１２ /  レズルシュレ　ブランドノワール　１６/ ラオートランブレ　ブランドブラン　１６,2020-12-25,2,4,
792,ローズドジャンヌ レズルシュレ ブランドノワール 16,ローズドジャンヌ　レズルシュレ　ブランドノワール　１６,16000,"￥１６,０００（税別）",税抜,,http://charme-du-vin.com/2020/12/21361/,21361,ローズドジャンヌ　コートドヴァルヴィレーヌ　１８ /　コートドヴェシャラン　１２ /  レズルシュレ　ブランドノワール　１６/ ラオートランブレ　ブランドブラン　１６,2020-12-25,3,4,
793,ローズドジャンヌ ラオートランブレ ブランドブラン 16,ローズドジャンヌ　ラオートランブレ　ブランドブラン　１６,19500,"￥１９,５００（税別）",税抜,,http://charme-du-vin.com/2020/12/21361/,21361,ローズドジャンヌ　コートドヴァルヴィレーヌ　１８ /　コートドヴェシャラン　１２ /  レズルシュレ　ブランドノワール　１６/ ラオートランブレ　ブランドブラン　１６,2020-12-25,4,4,
794,ドゥーツ アムールドドゥーツ ロゼ 09,ドゥーツ　アムールドドゥーツ　ロゼ　０９,14000,"￥１４,０００（税別）",税抜,,http://charme-du-vin.com/2020/12/21305/,21305,ドゥーツ　アムールドドゥーツ　ロゼ　０９,2020-12-23,1,1,
795,フィリップゴネ ブランドブラン ブリュット,フィリップゴネ　ブランドブラン　ブリュット,3800,"￥３,８００（税別）",税抜,,http://charme-du-vin.com/2020/12/21236/,21236,フィリップゴネ　ブランドブラン　ブリュット,2020-12-21,1,1,
796,ビルカールサルモン エクストラブリュット 08,ビルカールサルモン　エクストラブリュット　０８,8900,"￥８,９００（税別）",税抜,,http://charme-du-vin.com/2020/12/21210/,21210,ビルカールサルモン　エクストラブリュット　０８,2020-12-18,1,1,
797,モエシャンドン MCIII,モエシャンドン　ＭＣⅢ,29000,"￥２９,０００（税別）",税抜,,http://charme-du-vin.com/2020/12/21207/,21207,ＳＡＬＥ！！　モエシャンドン　ＭＣⅢ,2020-12-18,1,1,★ＳＡＬＥ！！★　| モエシャンドン　ＭＣⅢ
798,スェナン ブランドブラン オワリー グランクリュ,スェナン　ブランドブラン　オワリー　グランクリュ,5950,"￥５,９５０（税別）",税抜,,http://charme-du-vin.com/2020/12/21189/,21189,スェナン　ブランドブラン　オワリー　グランクリュ / ブランドブラン　Ｃ＋Ｃ　グランクリュ,2020-12-17,1,2,
799,スェナン ブランドブラン C+C グランクリュ,スェナン　ブランドブラン　Ｃ＋Ｃ　グランクリュ,6700,"￥６,７００（税別）",税抜,,http://charme-du-vin.com/2020/12/21189/,21189,スェナン　ブランドブラン　オワリー　グランクリュ / ブランドブラン　Ｃ＋Ｃ　グランクリュ,2020-12-17,2,2,
800,ギーチボー ブリュット ナチューレ グランクリュ 750ml,ギーチボー　ブリュット　ナチューレ　グランクリュ　７５０ｍｌ,3300,"￥３,３００（税別）",税抜,,http://charme-du-vin.com/2020/12/21186/,21186,ギーチボー　ブリュット　ナチューレ　グランクリュ　７５０ｍｌ,2020-12-17,1,1,
801,クリュッグ クロダンボネ 02,クリュッグ　クロダンボネ　０２,215000,"￥２１５,０００（税別）",税抜,,http://charme-du-vin.com/2020/12/21179/,21179,★再入荷！！★ 　クリュッグ　クロダンボネ　０２　/ 　クロドメニル　０６,2020-12-16,1,2,★再入荷★　| クリュッグ　クロダンボネ　０２
802,クリュッグ クロドメニル 06,クリュッグ　クロドメニル　０６,96000,"￥９６,０００（税別）",税抜,,http://charme-du-vin.com/2020/12/21179/,21179,★再入荷！！★ 　クリュッグ　クロダンボネ　０２　/ 　クロドメニル　０６,2020-12-16,2,2,
803,ポールロジェ ブリュット ヴィンテージ 2009,ポールロジェ　ブリュット　ヴィンテージ　２００９,8600,"￥８,６００（税別）",税抜,,http://charme-du-vin.com/2020/12/21083/,21083,ポールロジェ　ブリュット　ヴィンテージ　２００９,2020-12-07,1,1,
804,ドラモット ブランドブラン 12,ドラモット　ブランドブラン　１２,7600,"￥７,６００（税別）",税抜,,http://charme-du-vin.com/2020/12/21068/,21068,ドラモット　ブランドブラン　１２,2020-12-04,1,1,
805,クリュッグ グランドキュヴェ 166,クリュッグ　グランドキュヴェ　１６６,23000,"￥２３,０００（税別）",税抜,,http://charme-du-vin.com/2020/12/21065/,21065,クリュッグ　グランドキュヴェ　１６６,2020-12-04,1,1,
806,エリックロデス キュヴェクレイエール,エリックロデス　キュヴェクレイエール,4900,"￥４,９００（税別）",税抜,,http://charme-du-vin.com/2020/12/21062/,21062,エリックロデス　キュヴェクレイエール　 /  ブランドノワール,2020-12-04,1,2,
807,エリックロデス ブランドノワール,エリックロデス　ブランドノワール,5700,"￥５,７００（税別）",税抜,,http://charme-du-vin.com/2020/12/21062/,21062,エリックロデス　キュヴェクレイエール　 /  ブランドノワール,2020-12-04,2,2,
808,ブリュン セルヴネイ エクストラブリュット GC VV 08,ブリュン　セルヴネイ　エクストラブリュット　ＧＣ　ＶＶ　０８,5300,"￥５,３００（税別）",税抜,,http://charme-du-vin.com/2020/12/21059/,21059,ＳＡＬＥ！！　ブリュン　セルヴネイ　エクストラブリュット　ＧＣ　ＶＶ　０８,2020-12-03,1,1,★ＳＡＬＥ！！★　| ブリュン　セルヴネイ　エクストラブリュット　ＧＣ　ＶＶ　０８
809,モッド レゼルヴ シャンパーニュ,モッド　レゼルヴ　シャンパーニュ,8500,"￥８,５００（税別）",税抜,,http://charme-du-vin.com/2020/12/20987/,20987,ＳＡＬＥ！！　モッド　レゼルヴ　シャンパーニュ　 / ロゼ　シャンパーニュ,2020-12-02,1,2,★ＳＡＬＥ！！★　| モッド　レゼルヴ　シャンパーニュ
810,モッド,モッド,9800,"￥９,８００（税別）",税抜,,http://charme-du-vin.com/2020/12/20987/,20987,ＳＡＬＥ！！　モッド　レゼルヴ　シャンパーニュ　 / ロゼ　シャンパーニュ,2020-12-02,2,2,
811,ユーグゴドメ レゼルヴ ブリュット 1ERクリュ,ユーグゴドメ　レゼルヴ　ブリュット　１ＥＲクリュ,3800,"￥３,８００（税別）",税抜,,http://charme-du-vin.com/2020/12/20984/,20984,ユーグゴドメ　レゼルヴ　ブリュット　１ＥＲクリュ,2020-12-02,1,1,
812,ドノン レコルト ノワール ブリュット,ドノン　レコルト　ノワール　ブリュット,3800,"￥３,８００（税別）",税抜,,http://charme-du-vin.com/2020/12/20981/,20981,ドノン　レコルト　ノワール　ブリュット,2020-12-02,1,1,
813,ルイロデレール クリスタル 08,ルイロデレール　クリスタル　０８,29000,"￥２９,０００（税別）",税抜,,http://charme-du-vin.com/2020/12/20978/,20978,ルイロデレール　クリスタル　０８,2020-12-02,1,1,
814,テタンジェ コントドシャンパーニュ 07,テタンジェ　コントドシャンパーニュ　０７,14000,"￥１４,０００（税別）",税抜,,http://charme-du-vin.com/2020/12/20974/,20974,テタンジェ　コントドシャンパーニュ　０７,2020-12-02,1,1,
815,アンリジロー フットデシェーン MV13,アンリジロー　フットデシェーン　ＭＶ１３,17000,"￥１７,０００（税別）",税抜,,http://charme-du-vin.com/2020/12/20971/,20971,アンリジロー　フットデシェーン　ＭＶ１３,2020-12-02,1,1,
816,アルマンドブリニャック ブリュット 1500ml,アルマンドブリニャック　ブリュット　１５００ｍｌ,56000,"￥５６,０００（税別）",税抜,,http://charme-du-vin.com/2020/12/20968/,20968,アルマンドブリニャック　ブリュット　１５００ｍｌ,2020-12-02,1,1,
817,サロン2008 1500ml,サロン２００８　１５００ｍｌ,290000,"サロン２００８　１５００ｍｌ　￥２９０,０００（税別）",税抜,,http://charme-du-vin.com/2020/12/20956/,20956,サロン　アソートセット　※単品購入も可,2020-12-01,1,4,★サロン　アソートセット　再入荷いたしました！！★　| 前回入荷時はたくさんのお問い合わせをいただき、すぐに完売となったサロンのアソートセットが再入荷いたしました！　| しかも、今回はバラ売りでもお出ししちゃいます！！　| 入手困難の２００８ヴィンテージのマグナムも単品購入が可能です。　| もちろん素敵な木箱付き♪お得なセット販売もお受けしております。　| 【単品価格】
818,サロン2007 750ml,サロン２００７　７５０ｍｌ,88000,"サロン２００７　７５０ｍｌ　￥８８,０００（税別）",税抜,,http://charme-du-vin.com/2020/12/20956/,20956,サロン　アソートセット　※単品購入も可,2020-12-01,2,4,
819,サロン2006 750ml,サロン２００６　７５０ｍｌ,78000,"サロン２００６　７５０ｍｌ　￥７８,０００（税別）",税抜,,http://charme-du-vin.com/2020/12/20956/,20956,サロン　アソートセット　※単品購入も可,2020-12-01,3,4,
820,サロン2004 750ml,サロン２００４　７５０ｍｌ,72000,"サロン２００４　７５０ｍｌ　￥７２,０００（税別）",税抜,,http://charme-du-vin.com/2020/12/20956/,20956,サロン　アソートセット　※単品購入も可,2020-12-01,4,4,
821,アグラパール レ セットクリュ ブリュット,アグラパール　レ　セットクリュ　ブリュット,4600,"￥４,６００（税別）",税抜,,http://charme-du-vin.com/2020/11/20928/,20928,アグラパール　レ　セットクリュ　ブリュット,2020-11-30,1,1,
822,ポールペルノ ブルゴーニュ コートドール シャルドネ 18,ポールペルノ　ブルゴーニュ　コートドール　シャルドネ　１８,3100,"￥３,１００（税別）",税抜,,http://charme-du-vin.com/2020/11/20919/,20919,ポールペルノ　ブルゴーニュ　コートドール　シャルドネ　１８ / ピュリニーモンラッシェ　１９/ バタールモンラッシェ　１９,2020-11-27,1,3,
823,ポールペルノ ピュリニーモンラッシェ 19,ポールペルノ　ピュリニーモンラッシェ　１９,7400,"￥７,４００（税別）",税抜,,http://charme-du-vin.com/2020/11/20919/,20919,ポールペルノ　ブルゴーニュ　コートドール　シャルドネ　１８ / ピュリニーモンラッシェ　１９/ バタールモンラッシェ　１９,2020-11-27,2,3,
824,ポールペルノ バタールモンラッシェ 19,ポールペルノ　バタールモンラッシェ　１９,34000,"￥３４,０００（税別）",税抜,,http://charme-du-vin.com/2020/11/20919/,20919,ポールペルノ　ブルゴーニュ　コートドール　シャルドネ　１８ / ピュリニーモンラッシェ　１９/ バタールモンラッシェ　１９,2020-11-27,3,3,
825,ボランジェ RD 04,ボランジェ　ＲＤ　０４,23000,"￥２３,０００（税別）",税抜,,http://charme-du-vin.com/2020/11/20885/,20885,ボランジェ　ＲＤ　０４,2020-11-27,1,1,
826,サロン 02,サロン　０２,105000,"￥１０５,０００（税別）",税抜,,http://charme-du-vin.com/2020/11/20875/,20875,サロン　０２,2020-11-25,1,1,
827,サヴァール ルーヴェルチュール 1ER,サヴァール　ルーヴェルチュール　１ＥＲ,6200,"￥６,２００（税別）",税抜,,http://charme-du-vin.com/2020/11/20793/,20793,サヴァール　ルーヴェルチュール　１ＥＲ / ラコンプリー　１ＥＲ　ＶＶブリュット,2020-11-13,1,2,
828,サヴァール ラコンプリー 1ER VVブリュット,サヴァール　ラコンプリー　１ＥＲ　ＶＶブリュット,8200,"￥８,２００（税別）",税抜,,http://charme-du-vin.com/2020/11/20793/,20793,サヴァール　ルーヴェルチュール　１ＥＲ / ラコンプリー　１ＥＲ　ＶＶブリュット,2020-11-13,2,2,
829,ルイロデレール ブリュット ナチュール 09,ルイロデレール　ブリュット　ナチュール　０９,9900,"￥９,９００（税別）",税抜,,http://charme-du-vin.com/2020/11/20750/,20750,ルイロデレール　ブリュット　ナチュール　０９ / ブリュット　ナチュール　１２,2020-11-13,1,2,
830,ルイロデレール ブリュット ナチュール 12,ルイロデレール　ブリュット　ナチュール　１２,8800,"￥８,８００（税別）",税抜,,http://charme-du-vin.com/2020/11/20750/,20750,ルイロデレール　ブリュット　ナチュール　０９ / ブリュット　ナチュール　１２,2020-11-13,2,2,
831,Jピエロン レグリーズ グランクリュオジェ ブリュット ブランドブラン,Ｊピエロン　レグリーズ　グランクリュオジェ　ブリュット　ブランドブラン,3900,"￥３,９００（税別）",税抜,,http://charme-du-vin.com/2020/11/20737/,20737,Ｊピエロン　レグリーズ　グランクリュオジェ　ブリュット　ブランドブラン,2020-11-11,1,1,
832,クリュッグ クロドメニル 06,クリュッグ　クロドメニル　０６,96000,"￥９６,０００（税別）",税抜,,http://charme-du-vin.com/2020/11/20659/,20659,クリュッグ　クロドメニル　０６,2020-11-05,1,1,
833,クリュッグ クロ ダンボネ 02,クリュッグ　クロ　ダンボネ　０２,215000,"￥２１５,０００（税別）",税抜,,http://charme-du-vin.com/2020/11/20655/,20655,クリュッグ　クロ　ダンボネ　０２,2020-11-05,1,1,
834,オージェンヌIII ブランドブラン,オージェンヌⅢ　ブランドブラン,2600,"￥２,６００（税別）",税抜,,http://charme-du-vin.com/2020/11/20651/,20651,オージェンヌⅢ　ブランドブラン / ミレジム　２０１０,2020-11-05,1,2,
835,オージェンヌIII ミレジム 2010,オージェンヌⅢ　ミレジム　２０１０,3200,"￥３,２００（税別）",税抜,,http://charme-du-vin.com/2020/11/20651/,20651,オージェンヌⅢ　ブランドブラン / ミレジム　２０１０,2020-11-05,2,2,
836,アンリグートルブ キュヴェトラディション ブリュット,アンリグートルブ　キュヴェトラディション　ブリュット,2800,"￥２,８００（税別）",税抜,,http://charme-du-vin.com/2020/11/20648/,20648,アンリグートルブ　キュヴェトラディション　ブリュット,2020-11-05,1,1,
837,アンリジロー オマージュ ド フランソワエマール ブリュット,アンリジロー　オマージュ　ド　フランソワエマール　ブリュット,5500,"￥５,５００（税別）",税抜,,http://charme-du-vin.com/2020/10/20579/,20579,アンリジロー　オマージュ　ド　フランソワエマール　ブリュット　/ ブランドクレ,2020-10-29,1,2,
838,アンリジロー ブランドクレ,アンリジロー　ブランドクレ,6000,"￥６,０００（税別）",税抜,,http://charme-du-vin.com/2020/10/20579/,20579,アンリジロー　オマージュ　ド　フランソワエマール　ブリュット　/ ブランドクレ,2020-10-29,2,2,
839,ユリスコラン レマイヨン ブランドノワール EXブリュット,ユリスコラン　レマイヨン　ブランドノワール　ＥＸブリュット,15000,"￥１５,０００（税別）",税抜,,http://charme-du-vin.com/2020/10/20532/,20532,ユリスコラン　レマイヨン　ブランドノワール　ＥＸブリュット,2020-10-22,1,1,
840,ドラモット ブランドブラン ブリュット NV,ドラモット　ブランドブラン　ブリュット　ＮＶ,4800,"￥４,８００（税別）",税抜,,http://charme-du-vin.com/2020/10/20527/,20527,ドラモット　ブランドブラン　ブリュット　ＮＶ,2020-10-22,1,1,
841,二コラフィアット リザーヴ エクスクルーシブ ブリュット,二コラフィアット　リザーヴ　エクスクルーシブ　ブリュット,4500,"￥４,５００（税別）",税抜,,http://charme-du-vin.com/2020/10/20369/,20369,二コラフィアット　リザーヴ　エクスクルーシブ　ブリュット,2020-10-08,1,1,
842,二コラフィアット ブランドブラン 北斎,二コラフィアット　ブランドブラン　北斎,4800,"￥４,８００（税別）",税抜,,http://charme-du-vin.com/2020/10/20365/,20365,二コラフィアット　ブランドブラン　北斎,2020-10-08,1,1,
843,ゴッセ グランレゼルヴ ブリュット,ゴッセ　グランレゼルヴ　ブリュット,3600,"￥３,６００（税別）",税抜,,http://charme-du-vin.com/2020/10/20216/,20216,ＳＡＬＥ！！　ゴッセ　グランレゼルヴ　ブリュット / 　グラン　ロゼ,2020-10-01,1,2,★ＳＡＬＥ！！★　| ゴッセ　グランレゼルヴ　ブリュット
844,ゴッセ グラン ロゼ,ゴッセ　グラン　ロゼ,4900,"￥４,９００（税別）",税抜,,http://charme-du-vin.com/2020/10/20216/,20216,ＳＡＬＥ！！　ゴッセ　グランレゼルヴ　ブリュット / 　グラン　ロゼ,2020-10-01,2,2,
845,ドラピエ グランサンドレ 09,ドラピエ　グランサンドレ　０９,7800,"￥７,８００（税別）",税抜,,http://charme-du-vin.com/2020/10/20212/,20212,ドラピエ　グランサンドレ　０９,2020-10-01,1,1,
846,二コラフィアット パルムドール ロゼ 06,二コラフィアット　パルムドール　ロゼ　０６,14000,"￥１４,０００（税別）",税抜,,http://charme-du-vin.com/2020/09/20133/,20133,二コラフィアット　パルムドール　ロゼ　０６,2020-09-17,1,1,
847,ジョセフペリエ キュヴェ ジョセフィーヌ 08,ジョセフペリエ　キュヴェ　ジョセフィーヌ　０８,16500,"￥１６,５００（税別）",税抜,,http://charme-du-vin.com/2020/09/20105/,20105,ジョセフペリエ　キュヴェ　ジョセフィーヌ　０８,2020-09-16,1,1,
848,ボランジェ PN VZ 15 750ml,ボランジェ　ＰＮ　ＶＺ　１５　７５０ｍｌ,12500,"￥１２,５００（税別）",税抜,,http://charme-du-vin.com/2020/09/20102/,20102,ボランジェ　ＰＮ　ＶＺ　１５　７５０ｍｌ,2020-09-16,1,1,
849,サロン 04 ラベル不良 ※箱なし,サロン　０４　ラベル不良　※箱なし,78000,"￥７８,０００（税別）",税抜,,http://charme-du-vin.com/2020/09/20061/,20061,ＳＡＬＥ！！　サロン　０４　ラベル不良,2020-09-14,1,1,★ＳＡＬＥ！！★　| サロン　０４　ラベル不良　※箱なし
850,フィリッポナー マルイユ シュル アイ 08,フィリッポナー　マルイユ　シュル　アイ　０８,18000,"￥１８,０００（税別）",税抜,,http://charme-du-vin.com/2020/09/19911/,19911,フィリッポナー　マルイユ　シュル　アイ　０８,2020-09-02,1,1,
851,パイパーエドシック ブリュット アイスクリーム,パイパーエドシック　ブリュット　アイスクリーム,6900,"￥６,９００（税別）",税抜,,http://charme-du-vin.com/2020/09/19906/,19906,パイパーエドシック　ブリュット　アイスクリーム / エッセンシャル　リップスティック,2020-09-02,1,2,
852,パイパーエドシック エッセンシャル リップスティック,パイパーエドシック　エッセンシャル　リップスティック,7700,"￥７,７００（税別）",税抜,,http://charme-du-vin.com/2020/09/19906/,19906,パイパーエドシック　ブリュット　アイスクリーム / エッセンシャル　リップスティック,2020-09-02,2,2,
853,ドゥ ヴノージュ ルイキャーンズ 95,ドゥ　ヴノージュ　ルイキャーンズ　９５,18000,"￥１８,０００（税別）",税抜,,http://charme-du-vin.com/2020/09/19903/,19903,ドゥ　ヴノージュ　ルイキャーンズ　９５,2020-09-02,1,1,
854,テタンジェ コントドシャンパーニュ 05,テタンジェ　コントドシャンパーニュ　０５,15000,"￥１５,０００（税別）",税抜,,http://charme-du-vin.com/2020/09/19900/,19900,テタンジェ　コントドシャンパーニュ　０５,2020-09-02,1,1,
855,ゾエミドスーザ キュヴェUMAMI 09,ゾエミドスーザ　キュヴェＵＭＡＭＩ　０９,19000,"￥１９,０００（税別）",税抜,,http://charme-du-vin.com/2020/09/19897/,19897,ゾエミドスーザ　キュヴェＵＭＡＭＩ　０９,2020-09-02,1,1,
856,サヴァール レヌー エキストラブリュ 1ERクリュ 15,サヴァール　レヌー　エキストラブリュ　１ＥＲクリュ　１５,13000,"￥１３,０００（税別）",税抜,,http://charme-du-vin.com/2020/08/19843/,19843,サヴァール　レヌー　エキストラブリュ　１ＥＲクリュ　１５ / エクスプレシオン　ロゼ　１ＥＲクリュ　１５,2020-08-24,1,2,
857,サヴァール エクスプレシオン ロゼ 1ERクリュ 15,サヴァール　エクスプレシオン　ロゼ　１ＥＲクリュ　１５,17000,"￥１７,０００（税別）",税抜,,http://charme-du-vin.com/2020/08/19843/,19843,サヴァール　レヌー　エキストラブリュ　１ＥＲクリュ　１５ / エクスプレシオン　ロゼ　１ＥＲクリュ　１５,2020-08-24,2,2,
858,JMラブリュイエール プロローグ ブリュット,ＪＭラブリュイエール　プロローグ　ブリュット,4900,"￥４,９００（税別）",税抜,,http://charme-du-vin.com/2020/08/19689/,19689,ＪＭラブリュイエール　プロローグ　ブリュット,2020-08-03,1,1,
859,ルイロデレール ブリュット ナチューレ 09,ルイロデレール　ブリュット　ナチューレ　０９,9000,"￥９,０００（税別）",税抜,,http://charme-du-vin.com/2020/08/19686/,19686,ルイロデレール　ブリュット　ナチューレ　０９,2020-08-03,1,1,
860,ペリエジュエ ベルエポック 11 ルミナス,ペリエジュエ　ベルエポック　１１　ルミナス,17000,"￥１７,０００（税別）",税抜,,http://charme-du-vin.com/2020/08/19683/,19683,ペリエジュエ　ベルエポック　１１　ルミナス,2020-08-03,1,1,
861,アヤラ ブリュット ナチュール,アヤラ　ブリュット　ナチュール,4500,"￥４,５００（税別）",税抜,,http://charme-du-vin.com/2020/08/19681/,19681,アヤラ　ブリュット　ナチュール  /   ブランドブラン,2020-08-03,1,2,
862,アヤラ ブランドブラン,アヤラ　ブランドブラン,6500,"￥６,５００（税別）",税抜,,http://charme-du-vin.com/2020/08/19681/,19681,アヤラ　ブリュット　ナチュール  /   ブランドブラン,2020-08-03,2,2,
863,テタンジェ コントドシャンパーニュ 06,テタンジェ　コントドシャンパーニュ　０６,15500,"￥１５,５００（税別）",税抜,,http://charme-du-vin.com/2020/07/19622/,19622,テタンジェ　コントドシャンパーニュ　０６,2020-07-17,1,1,
864,テタンジェ コレクション セバスチャンサルガト 08,テタンジェ　コレクション　セバスチャンサルガト　０８,26000,"￥２６,０００（税別）",税抜,,http://charme-du-vin.com/2020/07/19619/,19619,テタンジェ　コレクション　セバスチャンサルガト　０８,2020-07-17,1,1,
865,ルイロデレール クリスタル 12,ルイロデレール　クリスタル　１２,29000,"￥２９,０００（税別）",税抜,,http://charme-du-vin.com/2020/07/19587/,19587,ルイロデレール　クリスタル　１２,2020-07-11,1,1,
866,サロン 07 ラベル不良,サロン　０７　ラベル不良,78000,"￥７８,０００（税別）",税抜,,http://charme-du-vin.com/2020/07/19539/,19539,ＳＡＬＥ！！　サロン　０７　ラベル不良,2020-07-10,1,1,★ＳＡＬＥ！！★　| サロン　０７　ラベル不良
867,ルイロデレール クリスタル 09 1.5L 箱不良,ルイロデレール　クリスタル　０９　１．５Ｌ　箱不良,49000,"￥４９,０００（税別）",税抜,,http://charme-du-vin.com/2020/07/19537/,19537,ＳＡＬＥ！！　ルイロデレール　クリスタル　０９　１．５Ｌ　箱不良,2020-07-10,1,1,★ＳＡＬＥ！！★　| ルイロデレール　クリスタル　０９　１．５Ｌ　箱不良
868,シャルルエドシック ブリュットミレジム 08,シャルルエドシック　ブリュットミレジム　０８,11500,"￥１１,５００（税別）",税抜,,http://charme-du-vin.com/2020/07/19514/,19514,シャルルエドシック　ブリュットミレジム　０８,2020-07-06,1,1,
869,ジャニソン グランクリュ ブリュット,ジャニソン　グランクリュ　ブリュット,3800,"￥３,８００（税別）",税抜,,http://charme-du-vin.com/2020/07/19504/,19504,ジャニソン　グランクリュ　ブリュット,2020-07-06,1,1,
870,サロン 04 1500ml,サロン　０４　１５００ｍｌ,210000,"￥２１０,０００（税別）",税抜,,http://charme-du-vin.com/2020/07/19501/,19501,サロン　０４　１５００ｍｌ  / ０２　１５００ｍｌ,2020-07-06,1,2,
871,サロン 02 1500ml,サロン　０２　１５００ｍｌ,230000,"￥２３０,０００（税別）",税抜,,http://charme-du-vin.com/2020/07/19501/,19501,サロン　０４　１５００ｍｌ  / ０２　１５００ｍｌ,2020-07-06,2,2,
872,エンクリ ブリュット ブランドブラン,エンクリ　ブリュット　ブランドブラン,7500,"￥７,５００（税別）",税抜,,http://charme-du-vin.com/2020/07/19444/,19444,エンクリ　ブリュット　ブランドブラン,2020-07-02,1,1,
873,ポールロジェ サーウィンストンチャーチル 09,ポールロジェ　サーウィンストンチャーチル　０９,21000,"￥２１,０００（税別）",税抜,,http://charme-du-vin.com/2020/07/19427/,19427,ポールロジェ　サーウィンストンチャーチル　０９,2020-07-01,1,1,
874,ジャクソン キュヴェ742,ジャクソン　キュヴェ７４２,5800,"￥５,８００（税別）",税抜,,http://charme-du-vin.com/2020/06/19411/,19411,ジャクソン　キュヴェ７４２,2020-06-29,1,1,
875,オージェンヌIII ブランドブラン,オージェンヌⅢ　ブランドブラン,2600,"￥２,６００（税別）",税抜,,http://charme-du-vin.com/2020/06/19408/,19408,オージェンヌⅢ　ブランドブラン / ブランドノワール / ミレジム　２０１０,2020-06-29,1,3,
876,オージェンヌIII ブランドノワール,オージェンヌⅢ　ブランドノワール,2700,"￥２,７００（税別）",税抜,,http://charme-du-vin.com/2020/06/19408/,19408,オージェンヌⅢ　ブランドブラン / ブランドノワール / ミレジム　２０１０,2020-06-29,2,3,
877,オージェンヌIII ミレジム 2010,オージェンヌⅢ　ミレジム　２０１０,3200,"￥３,２００（税別）",税抜,,http://charme-du-vin.com/2020/06/19408/,19408,オージェンヌⅢ　ブランドブラン / ブランドノワール / ミレジム　２０１０,2020-06-29,3,3,
878,アンリジロー エスプリ ナチュール,アンリジロー　エスプリ　ナチュール,4400,"￥４,４００（税別）",税抜,,http://charme-du-vin.com/2020/06/19405/,19405,アンリジロー　エスプリ　ナチュール,2020-06-29,1,1,
879,ドゥーツ アムールドドゥーツ 08,ドゥーツ　アムールドドゥーツ　０８,17000,"￥１７,０００（税別）",税抜,,http://charme-du-vin.com/2020/06/19373/,19373,ドゥーツ　アムールドドゥーツ　０８,2020-06-24,1,1,
880,シャルルエドシック ブランドミレネール 95,シャルルエドシック　ブランドミレネール　９５,23000,"￥２３,０００（税別）",税抜,,http://charme-du-vin.com/2020/06/19370/,19370,シャルルエドシック　ブランドミレネール　９５,2020-06-24,1,1,
881,二コラフィアット グランドレゼルヴ 375ml,二コラフィアット　グランドレゼルヴ　３７５ｍｌ,1900,"￥１,９００（税別）",税抜,,http://charme-du-vin.com/2020/06/19354/,19354,二コラフィアット　グランドレゼルヴ　３７５ｍｌ / 　グランドレゼルヴ　ロゼ　７５０ｍｌ,2020-06-18,1,2,
882,二コラフィアット グランドレゼルヴ ロゼ 750ml,二コラフィアット　グランドレゼルヴ　ロゼ　７５０ｍｌ,3800,"￥３,８００（税別）",税抜,,http://charme-du-vin.com/2020/06/19354/,19354,二コラフィアット　グランドレゼルヴ　３７５ｍｌ / 　グランドレゼルヴ　ロゼ　７５０ｍｌ,2020-06-18,2,2,
883,クリュッグ グランドキュヴェ ラベル不良・キャップシール不良,クリュッグ　グランドキュヴェ　ラベル不良・キャップシール不良,19800,"￥１９,８００（税別）",税抜,,http://charme-du-vin.com/2020/06/19335/,19335,ＳＡＬＥ！！　クリュッグ　グランドキュヴェ　ラベル不良・キャップシール不良,2020-06-16,1,1,★ＳＡＬＥ！！★　| クリュッグ　グランドキュヴェ　ラベル不良・キャップシール不良
884,Pゲールエフィス キュヴェコクリコ ブリュット,Ｐゲールエフィス　キュヴェコクリコ　ブリュット,5900,"￥５,９００（税別）",税抜,,http://charme-du-vin.com/2020/06/19319/,19319,Ｐゲールエフィス　キュヴェコクリコ　ブリュット,2020-06-15,1,1,
885,テタンジェ コントドシャンパーニュ 06,テタンジェ　コントドシャンパーニュ　０６,15500,"￥１５,５００（税別）",税抜,,http://charme-du-vin.com/2020/06/19287/,19287,テタンジェ　コントドシャンパーニュ　０６,2020-06-10,1,1,
886,ジャックラセーヌ ラコリーヌ アンスピレ エキストラブリュット ブランドブラン,ジャックラセーヌ　ラコリーヌ　アンスピレ　エキストラブリュット　ブランドブラン,9000,"￥９,０００（税別）",税抜,,http://charme-du-vin.com/2020/06/19284/,19284,ジャックラセーヌ　ラコリーヌ　アンスピレ　エキストラブリュット　ブランドブラン / ルコテ　エキストラブリュット　ブランドブラン,2020-06-10,1,2,
887,ジャックラセーヌ ルコテ エキストラブリュット ブランドブラン,ジャックラセーヌ　ルコテ　エキストラブリュット　ブランドブラン,9300,"￥９,３００（税別）",税抜,,http://charme-du-vin.com/2020/06/19284/,19284,ジャックラセーヌ　ラコリーヌ　アンスピレ　エキストラブリュット　ブランドブラン / ルコテ　エキストラブリュット　ブランドブラン,2020-06-10,2,2,
888,マリークルタン レゾナンス エキストラブリュット,マリークルタン　レゾナンス　エキストラブリュット,5300,"￥５,３００（税別）",税抜,,http://charme-du-vin.com/2020/06/19253/,19253,マリークルタン　レゾナンス　エキストラブリュット / コンコルダンス　エキストラブリュット,2020-06-08,1,2,
889,マリークルタン コンコルダンス エキストラブリュット,マリークルタン　コンコルダンス　エキストラブリュット,8000,"￥８,０００（税別）",税抜,,http://charme-du-vin.com/2020/06/19253/,19253,マリークルタン　レゾナンス　エキストラブリュット / コンコルダンス　エキストラブリュット,2020-06-08,2,2,
890,ヴィルマール グランレゼルヴ,ヴィルマール　グランレゼルヴ,5800,"￥５,８００（税別）",税抜,,http://charme-du-vin.com/2020/06/19250/,19250,ヴィルマール　グランレゼルヴ,2020-06-08,1,1,
891,ドワイヤール ブランドブラン 08 エキストラブリュット,ドワイヤール　ブランドブラン　０８　エキストラブリュット,12000,"￥１２,０００（税別）",税抜,,http://charme-du-vin.com/2020/06/19247/,19247,ドワイヤール　ブランドブラン　０８　エキストラブリュット,2020-06-08,1,1,
892,サヴァール ルーヴェルチュール 1ERクリュ,サヴァール　ルーヴェルチュール　１ＥＲクリュ,5500,"￥５,５００（税別）",税抜,,http://charme-du-vin.com/2020/06/19221/,19221,サヴァール　ルーヴェルチュール　１ＥＲクリュ / ラコンプリー　１ＥＲクリュ　ＶＶブリュット  / ビュル　ド　ロゼ　１ＥＲクリュ,2020-06-04,1,3,
893,サヴァール ラコンプリー 1ERクリュ VVブリュット,サヴァール　ラコンプリー　１ＥＲクリュ　ＶＶブリュット,7300,"￥７,３００（税別）",税抜,,http://charme-du-vin.com/2020/06/19221/,19221,サヴァール　ルーヴェルチュール　１ＥＲクリュ / ラコンプリー　１ＥＲクリュ　ＶＶブリュット  / ビュル　ド　ロゼ　１ＥＲクリュ,2020-06-04,2,3,
894,サヴァール ビュル ド ロゼ 1ERクリュ,サヴァール　ビュル　ド　ロゼ　１ＥＲクリュ,7700,"￥７,７００（税別）",税抜,,http://charme-du-vin.com/2020/06/19221/,19221,サヴァール　ルーヴェルチュール　１ＥＲクリュ / ラコンプリー　１ＥＲクリュ　ＶＶブリュット  / ビュル　ド　ロゼ　１ＥＲクリュ,2020-06-04,3,3,
895,バルノー グランレゼルヴブリュット 1.5L,バルノー　グランレゼルヴブリュット　１．５Ｌ,7800,"￥７,８００（税別）",税抜,,http://charme-du-vin.com/2020/06/19199/,19199,バルノー　グランレゼルヴブリュット　１．５Ｌ,2020-06-03,1,1,
896,ボランジェ グランダネ 12,ボランジェ　グランダネ　１２,12000,"￥１２,０００（税別）",税抜,,http://charme-du-vin.com/2020/06/19196/,19196,ボランジェ　グランダネ　１２,2020-06-03,1,1,
897,ピエルソンキュヴリエ トラディション グランクリュ ブリュット,ピエルソンキュヴリエ　トラディション　グランクリュ　ブリュット,3700,"￥３,７００（税別）",税抜,,http://charme-du-vin.com/2020/06/19121/,19121,ピエルソンキュヴリエ　トラディション　グランクリュ　ブリュット,2020-06-01,1,1,
898,クリスチャンエティエンヌ ブリュット トラディション,クリスチャンエティエンヌ　ブリュット　トラディション,3400,"￥３,４００（税別）",税抜,,http://charme-du-vin.com/2020/06/19118/,19118,クリスチャンエティエンヌ　ブリュット　トラディション,2020-06-01,1,1,
899,アルマンドブリニャック ブリュット 750ml,アルマンドブリニャック　ブリュット　７５０ｍｌ,32000,"￥３２,０００（税別）",税抜,,http://charme-du-vin.com/2020/06/19115/,19115,アルマンドブリニャック　ブリュット　７５０ｍｌ / １５００ｍｌ,2020-06-01,1,2,
900,アルマンドブリニャック ブリュット 1500ml,アルマンドブリニャック　ブリュット　１５００ｍｌ,62000,"￥６２,０００（税別）",税抜,,http://charme-du-vin.com/2020/06/19115/,19115,アルマンドブリニャック　ブリュット　７５０ｍｌ / １５００ｍｌ,2020-06-01,2,2,
901,シャルルエドシック ブリュットレゼルヴ,シャルルエドシック　ブリュットレゼルヴ,4600,"￥４,６００（税別）",税抜,,http://charme-du-vin.com/2020/05/19064/,19064,特価！！　シャルルエドシック　ブリュットレゼルヴ,2020-05-28,1,1,
902,サロン 07 ラベル不良,サロン　０７　ラベル不良,78000,"￥７８,０００（税別）",税抜,,http://charme-du-vin.com/2020/05/19061/,19061,ＳＡＬＥ！！　サロン　０７　ラベル不良,2020-05-28,1,1,★ＳＡＬＥ！！★　| サロン　０７　ラベル不良
903,クリュッグ グランドキュヴェ ラベル不良,クリュッグ　グランドキュヴェ　ラベル不良,19000,"￥１９,０００（税別）",税抜,,http://charme-du-vin.com/2020/05/19057/,19057,ＳＡＬＥ！！　クリュッグ　グランドキュヴェ　ラベル不良,2020-05-28,1,1,★ＳＡＬＥ！！★　| クリュッグ　グランドキュヴェ　ラベル不良
904,アグラパール セットクリュ ブリュット,アグラパール　セットクリュ　ブリュット,4800,"￥４,８００（税別）",税抜,,http://charme-du-vin.com/2020/05/19053/,19053,アグラパール　セットクリュ　ブリュット / アヴィゾワーズ　エキストラブリュット　１２/ ヴェニュス　ブリュットナチュール　１３ / エクスペリアンス　ブリュットナチュール　１４,2020-05-27,1,4,
905,アグラパール グランクリュ ブランドブラン アヴィゾワーズ エキストラブリュット 12,アグラパール　グランクリュ　ブランドブラン　アヴィゾワーズ　エキストラブリュット　１２,12000,"￥１２,０００（税別）",税抜,,http://charme-du-vin.com/2020/05/19053/,19053,アグラパール　セットクリュ　ブリュット / アヴィゾワーズ　エキストラブリュット　１２/ ヴェニュス　ブリュットナチュール　１３ / エクスペリアンス　ブリュットナチュール　１４,2020-05-27,2,4,
906,アグラパール グランクリュ ブランドブラン ヴェニュス ブリュットナチュール 13,アグラパール　グランクリュ　ブランドブラン　ヴェニュス　ブリュットナチュール　１３,17000,"￥１７,０００（税別）",税抜,,http://charme-du-vin.com/2020/05/19053/,19053,アグラパール　セットクリュ　ブリュット / アヴィゾワーズ　エキストラブリュット　１２/ ヴェニュス　ブリュットナチュール　１３ / エクスペリアンス　ブリュットナチュール　１４,2020-05-27,3,4,
907,アグラパール グランクリュ ブランドブラン エクスペリアンス ブリュットナチュール 14,アグラパール　グランクリュ　ブランドブラン　エクスペリアンス　ブリュットナチュール　１４,25000,"￥２５,０００（税別）",税抜,,http://charme-du-vin.com/2020/05/19053/,19053,アグラパール　セットクリュ　ブリュット / アヴィゾワーズ　エキストラブリュット　１２/ ヴェニュス　ブリュットナチュール　１３ / エクスペリアンス　ブリュットナチュール　１４,2020-05-27,4,4,
908,バルノー グランクリュ ブランドノワール,バルノー　グランクリュ　ブランドノワール,3600,"￥３,６００（税別）",税抜,,http://charme-du-vin.com/2020/05/19050/,19050,バルノー　グランクリュ　ブランドノワール,2020-05-27,1,1,
909,パイパーエドシック ブリュット,パイパーエドシック　ブリュット,2800,"￥２,８００（税別）",税抜,,http://charme-du-vin.com/2020/05/19034/,19034,★特価！！★　パイパーエドシック　ブリュット,2020-05-25,1,1,★特価！！★　| パイパーエドシック　ブリュット
910,パイパーエドシック レア ヴィンテージ 06,パイパーエドシック　レア　ヴィンテージ　０６,13500,"￥１３,５００（税別）",税抜,,http://charme-du-vin.com/2020/05/19031/,19031,特価！！　パイパーエドシック　レア　ヴィンテージ　０６,2020-05-25,1,1,★特価！！★　| パイパーエドシック　レア　ヴィンテージ　０６
911,エグリウーリエ ブリュット 1ER レ ヴィーニュ ド ブリニー,エグリウーリエ　ブリュット　１ＥＲ　レ　ヴィーニュ　ド　ブリニー,7600,"￥７,６００（税別）",税抜,,http://charme-du-vin.com/2020/05/18989/,18989,エグリウーリエ　ブリュット　１ＥＲ　レ　ヴィーニュ　ド　ブリニー,2020-05-18,1,1,
912,テタンジェ コントドシャンパーニュ 07,テタンジェ　コントドシャンパーニュ　０７,13500,"￥１３,５００（税別）",税抜,,http://charme-du-vin.com/2020/05/18986/,18986,テタンジェ　コントドシャンパーニュ　０７,2020-05-18,1,1,
913,ルイブラン ブランドブラン,ルイブラン　ブランドブラン,2900,"￥２,９００（税別）",税抜,,http://charme-du-vin.com/2020/05/18964/,18964,ルイブラン　ブランドブラン,2020-05-15,1,1,
914,オージェンヌIII トラディション,オージェンヌⅢ　トラディション,2700,"￥２,７００（税別）",税抜,,http://charme-du-vin.com/2020/05/18960/,18960,オージェンヌⅢ　トラディション  /  ブランドノワール,2020-05-15,1,2,
915,オージェンヌIII ブランドノワール,オージェンヌⅢ　ブランドノワール,2800,"￥２,８００（税別）",税抜,,http://charme-du-vin.com/2020/05/18960/,18960,オージェンヌⅢ　トラディション  /  ブランドノワール,2020-05-15,2,2,
916,ドラピエ カルトドール,ドラピエ　カルトドール,3200,"￥３,２００（税別）",税抜,,http://charme-du-vin.com/2020/05/18946/,18946,ドラピエ　カルトドール,2020-05-11,1,1,
917,ゴッセ グランレゼルヴ ブリュット,ゴッセ　グランレゼルヴ　ブリュット,3600,"￥３,６００（税別）",税抜,,http://charme-du-vin.com/2020/05/18943/,18943,ゴッセ　グランレゼルヴ　ブリュット,2020-05-11,1,1,
918,ティエリーウーリー ブランドブラン,ティエリーウーリー　ブランドブラン,4900,"￥４,９００（税別）",税抜,,http://charme-du-vin.com/2020/05/18931/,18931,ティエリーウーリー　ブランドブラン / ブランドノワール,2020-05-08,1,2,
919,ティエリーウーリー ブランドノワール,ティエリーウーリー　ブランドノワール,4900,"￥４,９００（税別）",税抜,,http://charme-du-vin.com/2020/05/18931/,18931,ティエリーウーリー　ブランドブラン / ブランドノワール,2020-05-08,2,2,
920,ギーチボー ブリュットナチューレ グランクリュ 750ml,ギーチボー　ブリュットナチューレ　グランクリュ　７５０ｍｌ,3300,"￥３,３００（税別）",税抜,,http://charme-du-vin.com/2020/05/18928/,18928,ギーチボー　ブリュットナチューレ　グランクリュ　７５０ｍｌ,2020-05-08,1,1,
921,ペリエジュエ ベルエポック 11 ルミナス,ペリエジュエ　ベルエポック　１１　ルミナス,17500,"￥１７,５００（税別）",税抜,,http://charme-du-vin.com/2020/05/18878/,18878,ペリエジュエ　ベルエポック　１１　ルミナス,2020-05-01,1,1,
922,ルイロデレール クリスタル 08 箱なし,ルイロデレール　クリスタル　０８　箱なし,27000,"￥２７,０００（税別）",税抜,,http://charme-du-vin.com/2020/04/18784/,18784,ルイロデレール　クリスタル　０８　箱なし,2020-04-01,1,1,
923,ルイロデレール クリスタル 09 ラベル不良のため,ルイロデレール　クリスタル　０９　ラベル不良のため,22000,"￥２２,０００（税別）",税抜,,http://charme-du-vin.com/2020/03/18736/,18736,ＳＡＬＥ！！　ルイロデレール　クリスタル　０９　ラベル不良のため,2020-03-25,1,1,★ＳＡＬＥ！！★　| ルイロデレール　クリスタル　０９　ラベル不良のため
924,オージェンヌIII ミレジム 10,オージェンヌⅢ　ミレジム　１０,3800,"￥３,８００（税別）",税抜,,http://charme-du-vin.com/2020/03/18670/,18670,オージェンヌⅢ　ミレジム　１０,2020-03-16,1,1,
925,テタンジェ コレクション セバスチャンサルガト 08,テタンジェ　コレクション　セバスチャンサルガト　０８,31000,"￥３１,０００（税別）",税抜,,http://charme-du-vin.com/2020/03/18625/,18625,ＳＡＬＥ！！　テタンジェ　コレクション　セバスチャンサルガト　０８,2020-03-09,1,1,★ＳＡＬＥ！！★　| テタンジェ　コレクション　セバスチャンサルガト　０８
926,ペリエジュエ ベルエポック 12 ラベル不良,ペリエジュエ　ベルエポック　１２　ラベル不良,15500,"￥１５,５００",,,http://charme-du-vin.com/2020/03/18520/,18520,ＳＡＬＥ！！　ペリエジュエ　ベルエポック　１２　ラベル不良,2020-03-03,1,1,★ＳＡＬＥ！！★　| ペリエジュエ　ベルエポック　１２　ラベル不良
927,テタンジェ コントドシャンパーニュ 05,テタンジェ　コントドシャンパーニュ　０５,15000,"￥１５,０００（税別）",税抜,,http://charme-du-vin.com/2020/03/18448/,18448,テタンジェ　コントドシャンパーニュ　０５,2020-03-02,1,1,
928,ガストン デクロ ブリュット,ガストン　デクロ　ブリュット,2500,"￥２,５００（税別）",税抜,,http://charme-du-vin.com/2020/02/18389/,18389,ガストン　デクロ　ブリュット,2020-02-18,1,1,
929,ドントグルレ ダンザンプルミエタン エクストラブリュット,ドントグルレ　ダンザンプルミエタン　エクストラブリュット,4800,"￥４,８００（税別）",税抜,,http://charme-du-vin.com/2020/02/18332/,18332,ドントグルレ　ダンザンプルミエタン　エクストラブリュット　/  レテールフィーヌ　ブランドブラン,2020-02-12,1,2,
930,ドントグルレ レテールフィーヌ ブランドブラン,ドントグルレ　レテールフィーヌ　ブランドブラン,5600,"￥５,６００（税別）",税抜,,http://charme-du-vin.com/2020/02/18332/,18332,ドントグルレ　ダンザンプルミエタン　エクストラブリュット　/  レテールフィーヌ　ブランドブラン,2020-02-12,2,2,
931,エグリウーリエ エクストラブリュット グランクリュ VP,エグリウーリエ　エクストラブリュット　グランクリュ　ＶＰ,12500,"￥１２,５００（税別）",税抜,,http://charme-du-vin.com/2020/02/18188/,18188,エグリウーリエ　エクストラブリュット　グランクリュ　ＶＰ,2020-02-04,1,1,
932,ユーグゴドメ ロゼ ヴェルズネイ グランクリュ,ユーグゴドメ　ロゼ　ヴェルズネイ　グランクリュ,3600,"￥３,６００（税別）",税抜,,http://charme-du-vin.com/2020/02/18186/,18186,ユーグゴドメ　ロゼ　ヴェルズネイ　グランクリュ,2020-02-04,1,1,
933,ルクレールブリアン ブリュットレゼルヴ,ルクレールブリアン　ブリュットレゼルヴ,3800,"￥３,８００（税別）",税抜,,http://charme-du-vin.com/2020/02/18109/,18109,ルクレールブリアン　ブリュットレゼルヴ,2020-02-03,1,1,
934,ルイ二ケーズ ブリュットレゼルヴ,ルイ二ケーズ　ブリュットレゼルヴ,2950,"￥２,９５０（税別）",税抜,,http://charme-du-vin.com/2020/02/18105/,18105,ルイ二ケーズ　ブリュットレゼルヴ,2020-02-03,1,1,
935,ボランジェ グランダネ ロゼ 07,ボランジェ　グランダネ　ロゼ　０７,15500,"￥１５,５００（税別）",税抜,,http://charme-du-vin.com/2020/02/18102/,18102,ボランジェ　グランダネ　ロゼ　０７,2020-02-03,1,1,
936,ジャマール カルトブランシェ,ジャマール　カルトブランシェ,2800,"￥２,８００（税別）",税抜,,http://charme-du-vin.com/2020/02/18099/,18099,ジャマール　カルトブランシェ,2020-02-03,1,1,
937,ゴッセ グラン ブランドブラン,ゴッセ　グラン　ブランドブラン,4500,"￥４,５００（税別）",税抜,,http://charme-du-vin.com/2020/02/18096/,18096,ＳＡＬＥ！！　ゴッセ　グラン　ブランドブラン,2020-02-03,1,1,★ＳＡＬＥ★　| ゴッセ　グラン　ブランドブラン
938,] ブルーノパイヤール ブリュット 750ml,]　ブルーノパイヤール　ブリュット　７５０ｍｌ,4100,"￥４,１００（税別）",税抜,,http://charme-du-vin.com/2020/01/18079/,18079,ブルーノパイヤール　ブリュット　７５０ｍｌ,2020-01-31,1,1,
939,セロスパジョン サクレブラン ブランドブラン グランクリュ,セロスパジョン　サクレブラン　ブランドブラン　グランクリュ,5600,"￥５,６００（税別）",税抜,,http://charme-du-vin.com/2020/01/18023/,18023,セロスパジョン　サクレブラン　ブランドブラン　グランクリュ,2020-01-20,1,1,
940,ドンペリニヨンP2 2002,ドンペリニヨンＰ２　２００２,40000,"￥４０,０００（税別）",税抜,,http://charme-du-vin.com/2020/01/17977/,17977,ドンペリニヨンＰ２　２００２,2020-01-17,1,1,
941,ドンペリニヨン レゼルヴドラベイ 98,ドンペリニヨン　レゼルヴドラベイ　９８,75000,"￥７５,０００（税別）",税抜,,http://charme-du-vin.com/2020/01/17926/,17926,ドンペリニヨン　レゼルヴドラベイ　９８,2020-01-15,1,1,
942,ローランペリエ ウルトラブリュット,ローランペリエ　ウルトラブリュット,6500,"￥６,５００（税別）",税抜,,http://charme-du-vin.com/2020/01/17890/,17890,ローランペリエ　ウルトラブリュット,2020-01-10,1,1,
943,ジャクソン キュヴェ 742 ビンキズのため,ジャクソン　キュヴェ　７４２　ビンキズのため,6200,"￥６,２００（税別）",税抜,,http://charme-du-vin.com/2020/01/17814/,17814,ＳＡＬＥ！！　ジャクソン　キュヴェ　７４２　ビンキズのため,2020-01-07,1,1,★ＳＡＬＥ！！★　| ジャクソン　キュヴェ　７４２　ビンキズのため
944,ローズドジャンヌ コートドヴァルヴィレーヌ 17,ローズドジャンヌ　コートドヴァルヴィレーヌ　１７,10000,"￥１０,０００（税別）",税抜,,http://charme-du-vin.com/2019/12/17789/,17789,ローズドジャンヌ　コートドヴァルヴィレーヌ　１７ /  コートドヴェシャラン　１２ / オートランブレ　ブランドブラン　１５ / レズルシュレ　ブランドノワール　１５ / ラボロレ　ブランドブラン　１５,2019-12-27,1,6,
945,ローズドジャンヌ コートドヴェシャラン 12,ローズドジャンヌ　コートドヴェシャラン　１２,12000,"￥１２,０００（税別）",税抜,,http://charme-du-vin.com/2019/12/17789/,17789,ローズドジャンヌ　コートドヴァルヴィレーヌ　１７ /  コートドヴェシャラン　１２ / オートランブレ　ブランドブラン　１５ / レズルシュレ　ブランドノワール　１５ / ラボロレ　ブランドブラン　１５,2019-12-27,2,6,
946,ローズドジャンヌ オートランブレ ブランドブラン 15,ローズドジャンヌ　オートランブレ　ブランドブラン　１５,17000,"￥１７,０００（税別）",税抜,,http://charme-du-vin.com/2019/12/17789/,17789,ローズドジャンヌ　コートドヴァルヴィレーヌ　１７ /  コートドヴェシャラン　１２ / オートランブレ　ブランドブラン　１５ / レズルシュレ　ブランドノワール　１５ / ラボロレ　ブランドブラン　１５,2019-12-27,3,6,
947,ローズドジャンヌ レズルシュレ ブランドノワール 15,ローズドジャンヌ　レズルシュレ　ブランドノワール　１５,17000,"￥１７,０００（税別）",税抜,,http://charme-du-vin.com/2019/12/17789/,17789,ローズドジャンヌ　コートドヴァルヴィレーヌ　１７ /  コートドヴェシャラン　１２ / オートランブレ　ブランドブラン　１５ / レズルシュレ　ブランドノワール　１５ / ラボロレ　ブランドブラン　１５,2019-12-27,4,6,
948,ローズドジャンヌ ラプルスレ ブランドノワール 15,ローズドジャンヌ　ラプルスレ　ブランドノワール　１５,17000,"￥１７,０００（税別）",税抜,,http://charme-du-vin.com/2019/12/17789/,17789,ローズドジャンヌ　コートドヴァルヴィレーヌ　１７ /  コートドヴェシャラン　１２ / オートランブレ　ブランドブラン　１５ / レズルシュレ　ブランドノワール　１５ / ラボロレ　ブランドブラン　１５,2019-12-27,5,6,
949,ローズドジャンヌ ラボロレ ブランドブラン 15,ローズドジャンヌ　ラボロレ　ブランドブラン　１５,19800,"￥１９,８００（税別）",税抜,,http://charme-du-vin.com/2019/12/17789/,17789,ローズドジャンヌ　コートドヴァルヴィレーヌ　１７ /  コートドヴェシャラン　１２ / オートランブレ　ブランドブラン　１５ / レズルシュレ　ブランドノワール　１５ / ラボロレ　ブランドブラン　１５,2019-12-27,6,6,
950,ポールロジェ ブリュットヴィンテージ 09,ポールロジェ　ブリュットヴィンテージ　０９,7800,"￥７,８００（税別）",税抜,,http://charme-du-vin.com/2019/12/17774/,17774,ポールロジェ　ブリュットヴィンテージ　０９,2019-12-25,1,1,
951,クリュッグ クロデュメニル 2004,クリュッグ　クロデュメニル　２００４,85000,"￥８５,０００（税別）",税抜,,http://charme-du-vin.com/2019/12/17752/,17752,クリュッグ　クロデュメニル　２００４ / ２０００,2019-12-21,1,2,
952,クリュッグ クロデュメニル 2000,クリュッグ　クロデュメニル　２０００,145000,"￥１４５,０００（税別）",税抜,,http://charme-du-vin.com/2019/12/17752/,17752,クリュッグ　クロデュメニル　２００４ / ２０００,2019-12-21,2,2,
953,テタンジェ ブリュット ミレジム 13 1.5L,テタンジェ　ブリュット　ミレジム　１３　１．５Ｌ,15000,"￥１５,０００（税別）",税抜,,http://charme-du-vin.com/2019/12/17679/,17679,テタンジェ　ブリュット　ミレジム　１３　１．５Ｌ,2019-12-18,1,1,
954,オージェンヌIII トラディション,オージェンヌⅢ　トラディション,2400,"￥２,４００（税別）",税抜,,http://charme-du-vin.com/2019/12/17651/,17651,オージェンヌⅢ　トラディション,2019-12-14,1,1,
955,アルマンドブリニャック ブリュット 1500ml,アルマンドブリニャック　ブリュット　１５００ｍｌ,60000,"￥６０,０００（税別）",税抜,,http://charme-du-vin.com/2019/12/17647/,17647,ＳＡＬＥ！！　アルマンドブリニャック　ブリュット　１５００ｍｌ,2019-12-13,1,1,★ＳＡＬＥ！！★　| アルマンドブリニャック　ブリュット　１５００ｍｌ
956,ボランジェ 2011 ジェームスボンド 007,ボランジェ　２０１１　ジェームスボンド　００７,19800,"￥１９,８００（税別）",税抜,,http://charme-du-vin.com/2019/12/17596/,17596,ボランジェ　２０１１　ジェームスボンド　００７,2019-12-11,1,1,
957,ルイロデレール クリスタル 08,ルイロデレール　クリスタル　０８,28000,"￥２８,０００（税別）",税抜,,http://charme-du-vin.com/2019/12/17558/,17558,ルイロデレール　クリスタル　０８,2019-12-09,1,1,
958,ゴッセ グラン ロゼ,ゴッセ　グラン　ロゼ,4500,"￥４,５００（税別）",税抜,,http://charme-du-vin.com/2019/12/17542/,17542,ＳＡＬＥ！！　ゴッセ　グラン　ロゼ   /   グランミレジム０６,2019-12-06,1,2,★ＳＡＬＥ！！★　| ゴッセ　グラン　ロゼ
959,ゴッセ グランミレジム06,ゴッセ　グランミレジム０６,4500,"￥４,５００（税別）",税抜,,http://charme-du-vin.com/2019/12/17542/,17542,ＳＡＬＥ！！　ゴッセ　グラン　ロゼ   /   グランミレジム０６,2019-12-06,2,2,
960,ロジェクーロン 1ERクリュ ロメ,ロジェクーロン　１ＥＲクリュ　ロメ,4200,"￥４,２００（税別）",税抜,,http://charme-du-vin.com/2019/12/17477/,17477,ロジェクーロン　１ＥＲクリュ　ロメ,2019-12-04,1,1,
961,テタンジェ ブリュット レゼルヴ 750ml / 1500ml,テタンジェ　ブリュット　レゼルヴ　７５０ｍｌ　/  １５００ｍｌ,,テタンジェ　ブリュット　レゼルヴ　７５０ｍｌ　/  １５００ｍｌ,,가격 미표기,http://charme-du-vin.com/2019/12/17474/,17474,テタンジェ　ブリュット　レゼルヴ　７５０ｍｌ　/  １５００ｍｌ,2019-12-04,1,1,
962,パイパーエドシック アイスクリーム クールボックス,パイパーエドシック　アイスクリーム　クールボックス,6900,"￥６,９００（税別）",税抜,,http://charme-du-vin.com/2019/12/17439/,17439,パイパーエドシック　アイスクリーム　クールボックス,2019-12-02,1,1,
963,ポールロジェ サーウィストンチャーチル 00 750ml,ポールロジェ　サーウィストンチャーチル　００　７５０ｍｌ,31000,"￥３１,０００（税別）",税抜,,http://charme-du-vin.com/2019/12/17436/,17436,ポールロジェ　サーウィストンチャーチル　００　７５０ｍｌ / ０４　１５００ｍｌ,2019-12-02,1,2,
964,ポールロジェ サーウィストンチャーチル 04 1500ml,ポールロジェ　サーウィストンチャーチル　０４　１５００ｍｌ,49000,"￥４９,０００（税別）",税抜,,http://charme-du-vin.com/2019/12/17436/,17436,ポールロジェ　サーウィストンチャーチル　００　７５０ｍｌ / ０４　１５００ｍｌ,2019-12-02,2,2,
965,ポールロジェ ピュアーエクストラ ブリュット,ポールロジェ　ピュアーエクストラ　ブリュット,5800,"￥５,８００（税別）",税抜,,http://charme-du-vin.com/2019/12/17433/,17433,ポールロジェ　ピュアーエクストラ　ブリュット  / ブリュット　ヴィンテージ　０６ / ブランドブラン　ヴィンテージ　００,2019-12-02,1,3,
966,ポールロジェ ブリュット ヴィンテージ 06,ポールロジェ　ブリュット　ヴィンテージ　０６,10500,"￥１０,５００（税別）",税抜,,http://charme-du-vin.com/2019/12/17433/,17433,ポールロジェ　ピュアーエクストラ　ブリュット  / ブリュット　ヴィンテージ　０６ / ブランドブラン　ヴィンテージ　００,2019-12-02,2,3,
967,ポールロジェ ブランドブラン ヴィンテージ 00,ポールロジェ　ブランドブラン　ヴィンテージ　００,19500,"￥１９,５００（税別）",税抜,,http://charme-du-vin.com/2019/12/17433/,17433,ポールロジェ　ピュアーエクストラ　ブリュット  / ブリュット　ヴィンテージ　０６ / ブランドブラン　ヴィンテージ　００,2019-12-02,3,3,
968,スェナン ブランドブラン オワリー グランクリュ,スェナン　ブランドブラン　オワリー　グランクリュ,5950,"￥５,９５０（税別）",税抜,,http://charme-du-vin.com/2019/11/17404/,17404,スェナン　ブランドブラン　オワリー　グランクリュ / ブランドブラン　ミレジム２０１０,2019-11-25,1,2,
969,スェナン ブランドブラン ミレジム2010,スェナン　ブランドブラン　ミレジム２０１０,8400,"￥８,４００（税別）",税抜,,http://charme-du-vin.com/2019/11/17404/,17404,スェナン　ブランドブラン　オワリー　グランクリュ / ブランドブラン　ミレジム２０１０,2019-11-25,2,2,
970,フィリップゴネ ブランドブラン ブリュット,フィリップゴネ　ブランドブラン　ブリュット,3600,"￥３,６００（税別）",税抜,,http://charme-du-vin.com/2019/11/17396/,17396,フィリップゴネ　ブランドブラン　ブリュット,2019-11-22,1,1,
971,エルヴェ マイヤール エクストラブリュット,エルヴェ　マイヤール　エクストラブリュット,2500,"￥２,５００（税別）",税抜,,http://charme-du-vin.com/2019/11/17390/,17390,エルヴェ　マイヤール　エクストラブリュット,2019-11-22,1,1,
972,タルラン ブリュットレゼルヴ,タルラン　ブリュットレゼルヴ,3900,"￥３,９００（税別）",税抜,,http://charme-du-vin.com/2019/11/17360/,17360,タルラン　ブリュットレゼルヴ,2019-11-21,1,1,
973,アンリジロー コードノワール ブリュット,アンリジロー　コードノワール　ブリュット,12500,"￥１２,５００（税別）",税抜,,http://charme-du-vin.com/2019/11/17309/,17309,アンリジロー　コードノワール　ブリュット,2019-11-15,1,1,
974,ローランペリエ グランシェクル,ローランペリエ　グランシェクル,13000,"￥１３,０００（税別）",税抜,,http://charme-du-vin.com/2019/11/17304/,17304,ローランペリエ　グランシェクル,2019-11-15,1,1,
975,クリュッグ ヴィンテージ 2004,クリュッグ　ヴィンテージ　２００４,26500,"￥２６,５００（税別）",税抜,,http://charme-du-vin.com/2019/11/17280/,17280,クリュッグ　ヴィンテージ　２００４,2019-11-13,1,1,
976,アンドレクルエ グランレゼルヴ ブリュット,アンドレクルエ　グランレゼルヴ　ブリュット,4100,"￥４,１００（税別）",税抜,,http://charme-du-vin.com/2019/11/17201/,17201,アンドレクルエ　グランレゼルヴ　ブリュット / グランレゼルヴ　ブリュット　１．５Ｌ / シルヴァー　ブリュット / シルヴァー　ブリュット　１．５Ｌ,2019-11-08,1,4,
977,アンドレクルエ グランレゼルヴ ブリュット 1.5L,アンドレクルエ　グランレゼルヴ　ブリュット　１．５Ｌ,8300,"￥８,３００（税別）",税抜,,http://charme-du-vin.com/2019/11/17201/,17201,アンドレクルエ　グランレゼルヴ　ブリュット / グランレゼルヴ　ブリュット　１．５Ｌ / シルヴァー　ブリュット / シルヴァー　ブリュット　１．５Ｌ,2019-11-08,2,4,
978,アンドレクルエ シルヴァー ブリュット,アンドレクルエ　シルヴァー　ブリュット,4100,"￥４,１００（税別）",税抜,,http://charme-du-vin.com/2019/11/17201/,17201,アンドレクルエ　グランレゼルヴ　ブリュット / グランレゼルヴ　ブリュット　１．５Ｌ / シルヴァー　ブリュット / シルヴァー　ブリュット　１．５Ｌ,2019-11-08,3,4,
979,アンドレクルエ シルヴァー ブリュット 1.5L,アンドレクルエ　シルヴァー　ブリュット　１．５Ｌ,8300,"￥８,３００（税別）",税抜,,http://charme-du-vin.com/2019/11/17201/,17201,アンドレクルエ　グランレゼルヴ　ブリュット / グランレゼルヴ　ブリュット　１．５Ｌ / シルヴァー　ブリュット / シルヴァー　ブリュット　１．５Ｌ,2019-11-08,4,4,
980,パイパーエドシック ブリュット スリーブボトル,パイパーエドシック　ブリュット　スリーブボトル,3200,"￥３,２００（税別）",税抜,,http://charme-du-vin.com/2019/11/17180/,17180,パイパーエドシック　ブリュット　スリーブボトル / シネマエディション,2019-11-07,1,2,
981,パイパーエドシック ブリュット シネマエディション,パイパーエドシック　ブリュット　シネマエディション,3200,"￥３,２００（税別）",税抜,,http://charme-du-vin.com/2019/11/17180/,17180,パイパーエドシック　ブリュット　スリーブボトル / シネマエディション,2019-11-07,2,2,
982,パイパーエドシック ロゼソヴァージュ,パイパーエドシック　ロゼソヴァージュ,4800,"￥４,８００（税別）",税抜,,http://charme-du-vin.com/2019/11/17177/,17177,パイパーエドシック　ロゼソヴァージュ,2019-11-07,1,1,
983,パイパーエドシック レア ヴィンテージ 02,パイパーエドシック　レア　ヴィンテージ　０２,16000,"￥１６,０００（税別）",税抜,,http://charme-du-vin.com/2019/11/17173/,17173,パイパーエドシック　レア　ヴィンテージ　０２,2019-11-07,1,1,
984,ジョセフペリエ ブリュット ヴィンテージ08,ジョセフペリエ　ブリュット　ヴィンテージ０８,6900,"￥６,９００（税別）",税抜,,http://charme-du-vin.com/2019/11/17147/,17147,ジョセフペリエ　ブリュット　ヴィンテージ０８,2019-11-02,1,1,
985,二コラマイヤール エクストラブリュット,二コラマイヤール　エクストラブリュット,4200,"￥４,２００（税別）",税抜,,http://charme-du-vin.com/2019/11/17108/,17108,二コラマイヤール　エクストラブリュット,2019-11-02,1,1,
986,ドゥーツ アムールドドゥーツ 09,ドゥーツ　アムールドドゥーツ　０９,16000,"￥１６,０００（税別）",税抜,,http://charme-du-vin.com/2019/11/17105/,17105,ドゥーツ　アムールドドゥーツ　０９,2019-11-02,1,1,
987,ルイロデレール クリスタル 09 1.5L,ルイロデレール　クリスタル　０９　１．５Ｌ,62000,"￥６２,０００（税別）",税抜,,http://charme-du-vin.com/2019/11/17101/,17101,ルイロデレール　クリスタル　０９　１．５Ｌ,2019-11-02,1,1,
988,モエシャンドン MCIII,モエシャンドン　ＭＣⅢ,32000,"￥３２,０００（税別）",税抜,,http://charme-du-vin.com/2019/11/17009/,17009,ＳＡＬＥ！！　モエシャンドン　ＭＣⅢ,2019-11-01,1,1,★ＳＡＬＥ！！★　| モエシャンドン　ＭＣⅢ
989,二コラフィアット ブランドブラン コレクションヴィンテージ “フレンチシック”,二コラフィアット　ブランドブラン　コレクションヴィンテージ　“フレンチシック”,4900,"￥４,９００（税別）",税抜,,http://charme-du-vin.com/2019/10/17005/,17005,二コラフィアット　ブランドブラン　コレクションヴィンテージ　“フレンチシック”,2019-10-29,1,1,
990,フレールジャンフレール キュヴェ デ ユサール 12,フレールジャンフレール　キュヴェ　デ　ユサール　１２,18500,"￥１８,５００（税別）",税抜,,http://charme-du-vin.com/2019/10/16936/,16936,フレールジャンフレール　キュヴェ　デ　ユサール　１２,2019-10-17,1,1,
991,モッド レゼルヴ シャンパーニュ キャップシール不良,モッド　レゼルヴ　シャンパーニュ　キャップシール不良,20000,"￥２０,０００（税別）",税抜,,http://charme-du-vin.com/2019/10/16932/,16932,ＳＡＬＥ！！　モッド　レゼルヴ　シャンパーニュ　キャップシール不良,2019-10-17,1,1,★ＳＡＬＥ！！★　| モッド　レゼルヴ　シャンパーニュ　キャップシール不良
992,ジャニソン ブリュット トラディション 1.5L,ジャニソン　ブリュット　トラディション　1.5L,8600,ジャニソン　ブリュット　トラディション　1.5L　￥8600（税別）,税抜,,http://charme-du-vin.com/2019/10/16929/,16929,ジャニソン　ブリュット　トラディション　1.5L　3L,2019-10-12,1,2,
993,ジャニソン ブリュット トラディション 3L,ジャニソン　ブリュット　トラディション　3L,22000,ジャニソン　ブリュット　トラディション　3L　￥22000（税別）,税抜,,http://charme-du-vin.com/2019/10/16929/,16929,ジャニソン　ブリュット　トラディション　1.5L　3L,2019-10-12,2,2,
994,アルマンドブリニャック ブリュット 箱なし,アルマンドブリニャック　ブリュット　箱なし,30000,アルマンドブリニャック　ブリュット　箱なし　￥30000（税別）,税抜,,http://charme-du-vin.com/2019/10/16927/,16927,SALE 　アルマンドブリニャック　ブリュット　箱なし,2019-10-12,1,1,
995,ジャクソン キュヴェ 742 キャップシール不良,ジャクソン　キュヴェ　７４２　キャップシール不良,6300,ジャクソン　キュヴェ　７４２　キャップシール不良　￥6300（税別）,税抜,,http://charme-du-vin.com/2019/10/16925/,16925,SALE 　ジャクソン　キュヴェ　７４２,2019-10-12,1,1,
996,シャピュイ ブランドブラン ブリュット レゼルヴ,シャピュイ　ブランドブラン　ブリュット　レゼルヴ,3900,"￥３,９００（税別）",税抜,,http://charme-du-vin.com/2019/10/16877/,16877,シャピュイ　ブランドブラン　ブリュット　レゼルヴ,2019-10-11,1,1,
997,ジャニソン トラディション ブリュット,ジャニソン　トラディション　ブリュット,2980,"￥２,９８０（税別）",税抜,,http://charme-du-vin.com/2019/10/16874/,16874,ジャニソン　トラディション　ブリュット   / 　ロゼ　ブリュット,2019-10-11,1,2,
998,ジャニソン ロゼ ブリュット,ジャニソン　ロゼ　ブリュット,3300,"￥３,３００（税別）",税抜,,http://charme-du-vin.com/2019/10/16874/,16874,ジャニソン　トラディション　ブリュット   / 　ロゼ　ブリュット,2019-10-11,2,2,
999,セロスパジョン エレガンス フュドシェーヌ,セロスパジョン　エレガンス　フュドシェーヌ,7600,"￥７,６００（税別）",税抜,,http://charme-du-vin.com/2019/10/16858/,16858,セロスパジョン　エレガンス　フュドシェーヌ　/  ミレジム　０８,2019-10-07,1,2,
1000,セロスパジョン ミレジム 08,セロスパジョン　ミレジム　０８,9800,"￥９,８００（税別）",税抜,,http://charme-du-vin.com/2019/10/16858/,16858,セロスパジョン　エレガンス　フュドシェーヌ　/  ミレジム　０８,2019-10-07,2,2,
1001,ポールロジェ サーウインストンチャーチル 08,ポールロジェ　サーウインストンチャーチル　０８,21000,"￥２１,０００（税別）",税抜,,http://charme-du-vin.com/2019/10/16807/,16807,ポールロジェ　サーウインストンチャーチル　０８,2019-10-02,1,1,
1002,エグリウーリエ エクストラブリュット グランクリュ VP,エグリウーリエ　エクストラブリュット　グランクリュ　ＶＰ,12500,"￥１２,５００（税別）",税抜,,http://charme-du-vin.com/2019/10/16749/,16749,エグリウーリエ　エクストラブリュット　グランクリュ　ＶＰ / ブリュットトラディション　グランクリュ　/ ブリュット　ヴィーニュドヴリニー,2019-10-02,1,3,
1003,エグリウーリエ ブリュットトラディション グランクリュ,エグリウーリエ　ブリュットトラディション　グランクリュ,9500,"￥９,５００（税別）",税抜,,http://charme-du-vin.com/2019/10/16749/,16749,エグリウーリエ　エクストラブリュット　グランクリュ　ＶＰ / ブリュットトラディション　グランクリュ　/ ブリュット　ヴィーニュドヴリニー,2019-10-02,2,3,
1004,エグリウーリエ ブリュット ヴィーニュドヴリニー,エグリウーリエ　ブリュット　ヴィーニュドヴリニー,7600,"￥７,６００（税別）",税抜,,http://charme-du-vin.com/2019/10/16749/,16749,エグリウーリエ　エクストラブリュット　グランクリュ　ＶＰ / ブリュットトラディション　グランクリュ　/ ブリュット　ヴィーニュドヴリニー,2019-10-02,3,3,
1005,ジャマール カルト ブランシェ,ジャマール　カルト　ブランシェ,2800,"￥２,８００（税別）",税抜,,http://charme-du-vin.com/2019/09/16692/,16692,ジャマール　カルト　ブランシェ,2019-09-20,1,1,
1006,ドラピエ カルトドール,ドラピエ　カルトドール,2950,"￥２,９５０（税別）",税抜,,http://charme-du-vin.com/2019/09/16688/,16688,ＳＡＬＥ！！　ドラピエ　カルトドール,2019-09-20,1,1,★ＳＡＬＥ！！★　| ドラピエ　カルトドール
1007,ゴッセ グランレゼルヴ ブリュット,ゴッセ　グランレゼルヴ　ブリュット,3800,"￥３,８００（税別）",税抜,,http://charme-du-vin.com/2019/09/16685/,16685,ＳＡＬＥ！！　ゴッセ　グランレゼルヴ　ブリュット,2019-09-20,1,1,★ＳＡＬＥ！！★　| ゴッセ　グランレゼルヴ　ブリュット
1008,ローズドジャンヌ コートドヴァルヴィレーヌ 16,ローズドジャンヌ　コートドヴァルヴィレーヌ　１６,11000,"￥１１,０００（税別）",税抜,,http://charme-du-vin.com/2019/09/16500/,16500,ローズドジャンヌ　コートドヴァルヴィレーヌ　１６ / コートドヴェシャラン　１１,2019-09-05,1,2,
1009,ローズドジャンヌ コートドヴェシャラン 11,ローズドジャンヌ　コートドヴェシャラン　１１,13500,"￥１３,５００（税別）",税抜,,http://charme-du-vin.com/2019/09/16500/,16500,ローズドジャンヌ　コートドヴァルヴィレーヌ　１６ / コートドヴェシャラン　１１,2019-09-05,2,2,
1010,ペリエジュエ ベルエポック 07,ペリエジュエ　ベルエポック　０７,18500,"￥１８,５００（税別）",税抜,,http://charme-du-vin.com/2019/09/16497/,16497,ペリエジュエ　ベルエポック　０７,2019-09-05,1,1,
1011,ジャクソン キュヴェ742 キャップシール不良,ジャクソン　キュヴェ７４２　キャップシール不良,6600,"￥６,６００（税別）",税抜,,http://charme-du-vin.com/2019/09/16491/,16491,ＳＡＬＥ！！　ジャクソン　キュヴェ７４２　キャップシール不良,2019-09-05,1,1,★ＳＡＬＥ！！★　| ジャクソン　キュヴェ７４２　キャップシール不良
1012,バルノー ブランドノワール,バルノー　ブランドノワール,3900,"￥３,９００（税別）",税抜,,http://charme-du-vin.com/2019/08/16400/,16400,バルノー　ブランドノワール,2019-08-28,1,1,
1013,ヴィルマール グラン セリエ,ヴィルマール　グラン　セリエ,5900,"￥５,９００（税別）",税抜,,http://charme-du-vin.com/2019/08/16369/,16369,ヴィルマール　グラン　セリエ,2019-08-22,1,1,
1014,モッド レゼルヴ シャンパーニュ,モッド　レゼルヴ　シャンパーニュ,20000,"￥２０,０００（税別）",税抜,,http://charme-du-vin.com/2019/08/16310/,16310,ＳＡＬＥ！！モッド　レゼルヴ　シャンパーニュ,2019-08-21,1,1,★ＳＡＬＥ！！★　| モッド　レゼルヴ　シャンパーニュ
1015,ペリエジュエ ベルエポック 11 ラベル不良,ペリエジュエ　ベルエポック　１１　ラベル不良,16500,"￥１６,５００（税別）",税抜,,http://charme-du-vin.com/2019/08/16307/,16307,ＳＡＬＥ！！　ペリエジュエ　ベルエポック　１１　ラベル不良,2019-08-21,1,1,★ＳＡＬＥ！！★　| ペリエジュエ　ベルエポック　１１　ラベル不良
1016,ジャクソン キュヴェ741,ジャクソン　キュヴェ７４１,7300,"￥７,３００（税別）",税抜,,http://charme-du-vin.com/2019/08/16241/,16241,ジャクソン　キュヴェ７４１,2019-08-05,1,1,
1017,ゴッセ セレブリス 07,ゴッセ　セレブリス　０７,13000,"￥１３,０００（税別）",税抜,,http://charme-du-vin.com/2019/08/16145/,16145,ゴッセ　セレブリス　０７,2019-08-01,1,1,
1018,シャルルエドシック ブランドミレネール 85,シャルルエドシック　ブランドミレネール　８５,45000,"￥４５,０００（税別）",税抜,,http://charme-du-vin.com/2019/07/16136/,16136,シャルルエドシック　ブランドミレネール　８５ / ９５,2019-07-30,1,2,
1019,シャルルエドシック ブランドミレネール 95,シャルルエドシック　ブランドミレネール　９５,24000,"￥２４,０００（税別）",税抜,,http://charme-du-vin.com/2019/07/16136/,16136,シャルルエドシック　ブランドミレネール　８５ / ９５,2019-07-30,2,2,
1020,ヴァランタンルフレーヴ エクストラブリュ ブランドブラン,ヴァランタンルフレーヴ　エクストラブリュ　ブランドブラン,6900,"￥６,９００（税別）",税抜,,http://charme-du-vin.com/2019/07/16099/,16099,ヴァランタンルフレーヴ　エクストラブリュ　ブランドブラン,2019-07-26,1,1,
1021,ジャクソン キュヴェ736 デゴルジュマンタルディフ ラベル不良,ジャクソン　キュヴェ７３６　デゴルジュマンタルディフ　ラベル不良,8800,"￥８,８００（税別）",税抜,,http://charme-du-vin.com/2019/07/15964/,15964,ＳＡＬＥ！！　ジャクソン　キュヴェ７３６　デゴルジュマンタルディフ　ラベル不良  /   ペリエジュエ　ベルエポック　１１　ラベル不良,2019-07-18,1,2,★ＳＡＬＥ！！★　| ジャクソン　キュヴェ７３６　デゴルジュマンタルディフ　ラベル不良
1022,ペリエジュエ ベルエポック 11 ラベル不良,ペリエジュエ　ベルエポック　１１　ラベル不良,16500,"￥１６,５００（税別）",税抜,,http://charme-du-vin.com/2019/07/15964/,15964,ＳＡＬＥ！！　ジャクソン　キュヴェ７３６　デゴルジュマンタルディフ　ラベル不良  /   ペリエジュエ　ベルエポック　１１　ラベル不良,2019-07-18,2,2,
1023,クリュッグ グランキュヴェ 1.5L,クリュッグ　グランキュヴェ　１．５Ｌ,48000,"￥４８,０００（税別）",税抜,,http://charme-du-vin.com/2019/07/15941/,15941,クリュッグ　グランキュヴェ　１．５Ｌ,2019-07-12,1,1,
1024,ブルーノパイヤール プルミエールキュヴェ 3L,ブルーノパイヤール　プルミエールキュヴェ　３Ｌ,29000,"￥２９,０００（税別）",税抜,,http://charme-du-vin.com/2019/07/15918/,15918,ブルーノパイヤール　プルミエールキュヴェ　３Ｌ,2019-07-12,1,1,
1025,ファニエルエフィス アガパンヌ ブリュット,ファニエルエフィス　アガパンヌ　ブリュット,2900,"￥２,９００（税別）",税抜,,http://charme-du-vin.com/2019/07/15884/,15884,ファニエルエフィス　アガパンヌ　ブリュット,2019-07-10,1,1,
1026,オージェンヌIII ブランドノワール,オージェンヌⅢ　ブランドノワール,2900,"￥２,９００（税別）",税抜,,http://charme-du-vin.com/2019/07/15881/,15881,オージェンヌⅢ　ブランドノワール,2019-07-10,1,1,
1027,ポールロジェ ブリュットヴィンテージ 09 1500ml,ポールロジェ　ブリュットヴィンテージ　０９　１５００ｍｌ,17000,"￥１７,０００（税別）",税抜,,http://charme-du-vin.com/2019/07/15878/,15878,ポールロジェ　ブリュットヴィンテージ　０９　１５００ｍｌ,2019-07-10,1,1,
1028,アンリグートルヴ キュヴェプレステージ 1.5L,アンリグートルヴ　キュヴェプレステージ　１．５Ｌ,7700,"￥７,７００（税別）",税抜,,http://charme-du-vin.com/2019/07/15807/,15807,アンリグートルヴ　キュヴェプレステージ　１．５Ｌ　/  バルノー　グランレゼルヴ　１．５Ｌ,2019-07-05,1,2,
1029,バルノー グランレゼルヴ 1.5L,バルノー　グランレゼルヴ　１．５Ｌ,8300,"￥８,３００（税別）",税抜,,http://charme-du-vin.com/2019/07/15807/,15807,アンリグートルヴ　キュヴェプレステージ　１．５Ｌ　/  バルノー　グランレゼルヴ　１．５Ｌ,2019-07-05,2,2,
1030,ルノーブル アンタンス MAG14,ルノーブル　アンタンス　ＭＡＧ１４,3200,"￥３,２００（税別）",税抜,,http://charme-du-vin.com/2019/07/15737/,15737,ルノーブル　アンタンス　ＭＡＧ１４  / ルクレールブリアン　ブリュットレゼルヴ,2019-07-01,1,2,
1031,ルクレールブリアン ブリュットレゼルヴ,ルクレールブリアン　ブリュットレゼルヴ,4100,"￥４,１００（税別）",税抜,,http://charme-du-vin.com/2019/07/15737/,15737,ルノーブル　アンタンス　ＭＡＧ１４  / ルクレールブリアン　ブリュットレゼルヴ,2019-07-01,2,2,
1032,ユーグ ゴドメ レゼルヴ ブリュット 1ERクリュ,ユーグ　ゴドメ　レゼルヴ　ブリュット　１ＥＲクリュ,3800,"￥３,８００（税別）",税抜,,http://charme-du-vin.com/2019/07/15734/,15734,ユーグ　ゴドメ　レゼルヴ　ブリュット　１ＥＲクリュ  /  ユレフレール　インヴィタシオン,2019-07-01,1,2,
1033,ユレフレール インヴィタシオン,ユレフレール　インヴィタシオン,3600,"￥３,６００（税別）",税抜,,http://charme-du-vin.com/2019/07/15734/,15734,ユーグ　ゴドメ　レゼルヴ　ブリュット　１ＥＲクリュ  /  ユレフレール　インヴィタシオン,2019-07-01,2,2,
1034,ブルーノパイヤール ブリュット プルミエキュヴェ,ブルーノパイヤール　ブリュット　プルミエキュヴェ,4100,"￥４,１００（税別）",税抜,,http://charme-du-vin.com/2019/07/15730/,15730,ブルーノパイヤール　ブリュット　プルミエキュヴェ / ドラピエ　グランサンドレ　０８,2019-07-01,1,2,
1035,ドラピエ グランサンドレ 08,ドラピエ　グランサンドレ　０８,7500,"￥７,５００（税別）",税抜,,http://charme-du-vin.com/2019/07/15730/,15730,ブルーノパイヤール　ブリュット　プルミエキュヴェ / ドラピエ　グランサンドレ　０８,2019-07-01,2,2,
1036,ルノーブル ブランドブラン 2008,ルノーブル　ブランドブラン　２００８,7800,"￥７,８００（税別）",税抜,,http://charme-du-vin.com/2019/06/15686/,15686,ルノーブル　ブランドブラン　２００８,2019-06-25,1,1,
1037,ヴィルマール キュヴェ ルビー,ヴィルマール　キュヴェ　ルビー,6900,"￥６,９００（税別）",税抜,,http://charme-du-vin.com/2019/06/15683/,15683,ヴィルマール　キュヴェ　ルビー,2019-06-25,1,1,
1038,テタンジェ コントドシャンパーニュ 07,テタンジェ　コントドシャンパーニュ　０７,14500,"￥１４,５００（税別）",税抜,,http://charme-du-vin.com/2019/06/15620/,15620,テタンジェ　コントドシャンパーニュ　０７,2019-06-11,1,1,
1039,ドワイヤール キュヴェ ヴァンデミエール 1ER ブリュット,ドワイヤール　キュヴェ　ヴァンデミエール　１ＥＲ　ブリュット,5000,"￥５,０００（税別）",税抜,,http://charme-du-vin.com/2019/06/15596/,15596,ドワイヤール　キュヴェ　ヴァンデミエール　１ＥＲ　ブリュット / レヴォリューション　ブランドブラン　ノンドゼ  /  ブランドブラン　０８　エキストラブリュット,2019-06-10,1,3,
1040,ドワイヤール レヴォリューション ブランドブラン ノンドゼ,ドワイヤール　レヴォリューション　ブランドブラン　ノンドゼ,6800,"￥６,８００（税別）",税抜,,http://charme-du-vin.com/2019/06/15596/,15596,ドワイヤール　キュヴェ　ヴァンデミエール　１ＥＲ　ブリュット / レヴォリューション　ブランドブラン　ノンドゼ  /  ブランドブラン　０８　エキストラブリュット,2019-06-10,2,3,
1041,ドワイヤール ブランドブラン 08 エキストラブリュット,ドワイヤール　ブランドブラン　０８　エキストラブリュット,11000,"￥１１,０００（税別）",税抜,,http://charme-du-vin.com/2019/06/15596/,15596,ドワイヤール　キュヴェ　ヴァンデミエール　１ＥＲ　ブリュット / レヴォリューション　ブランドブラン　ノンドゼ  /  ブランドブラン　０８　エキストラブリュット,2019-06-10,3,3,
1042,ドラモット ブリュット,ドラモット　ブリュット,3700,"￥３,７００（税別）",税抜,,http://charme-du-vin.com/2019/06/15591/,15591,ドラモット　ブリュット / ブランドブラン　ＮＶ / ブランドブラン　０８,2019-06-10,1,3,
1043,ドラモット ブランドブラン NV,ドラモット　ブランドブラン　ＮＶ,4500,"￥４,５００（税別）",税抜,,http://charme-du-vin.com/2019/06/15591/,15591,ドラモット　ブリュット / ブランドブラン　ＮＶ / ブランドブラン　０８,2019-06-10,2,3,
1044,ドラモット ブランドブラン 08,ドラモット　ブランドブラン　０８,7600,"￥７,６００（税別）",税抜,,http://charme-du-vin.com/2019/06/15591/,15591,ドラモット　ブリュット / ブランドブラン　ＮＶ / ブランドブラン　０８,2019-06-10,3,3,
1045,ドラモット ブランドブラン 08,ドラモット　ブランドブラン　０８,7600,"￥７,６００（税別）",税抜,,http://charme-du-vin.com/2019/06/15567/,15567,ドラモット　ブランドブラン　０８,2019-06-06,1,1,
1046,パイパーエドシック エッセンシャル グラスパック,パイパーエドシック　エッセンシャル　グラスパック,4200,"￥４,２００（税別）",税抜,,http://charme-du-vin.com/2019/06/15538/,15538,パイパーエドシック　エッセンシャル　グラスパック,2019-06-05,1,1,
1047,パイパーエドシック ブリュット 750ml,パイパーエドシック　ブリュット　７５０ｍｌ,3900,"￥３,９００（税別）",税抜,,http://charme-du-vin.com/2019/06/15535/,15535,パイパーエドシック　ブリュット　７５０ｍｌ,2019-06-05,1,1,
1048,アンドレクルエ グランレゼルヴァ ブリュット,アンドレクルエ　グランレゼルヴァ　ブリュット,4100,"￥４,１００（税別）",税抜,,http://charme-du-vin.com/2019/06/15532/,15532,アンドレクルエ　グランレゼルヴァ　ブリュット / シルヴァー　ブリュット,2019-06-05,1,2,
1049,アンドレクルエ シルヴァー ブリュット,アンドレクルエ　シルヴァー　ブリュット,4100,"￥４,１００（税別）",税抜,,http://charme-du-vin.com/2019/06/15532/,15532,アンドレクルエ　グランレゼルヴァ　ブリュット / シルヴァー　ブリュット,2019-06-05,2,2,
1050,ボランジェ スペシャルキュヴェ ブリュット 375ml,ボランジェ　スペシャルキュヴェ　ブリュット　３７５ｍｌ,2400,"￥２,４００（税別）",税抜,,http://charme-du-vin.com/2019/06/15526/,15526,ボランジェ　スペシャルキュヴェ　ブリュット　３７５ｍｌ,2019-06-04,1,1,
1051,ルイロデレール ブリュットナチューレ 09,ルイロデレール　ブリュットナチューレ　０９,11500,"￥１１,５００（税別）",税抜,,http://charme-du-vin.com/2019/06/15515/,15515,ルイロデレール　ブリュットナチューレ　０９,2019-06-03,1,1,
1052,ボランジェ グランダネ 2008,ボランジェ　グランダネ　２００８,,ボランジェ　グランダネ　２００８　入荷いたしました！！,,가격 미표기,http://charme-du-vin.com/2019/06/15512/,15512,ボランジェ　グランダネ　２００８,2019-06-03,1,1,
1053,アルマンドブリニャック ブリュット 1500ml,アルマンドブリニャック　ブリュット　１５００ｍｌ,73000,"￥７３,０００（税別）",税抜,,http://charme-du-vin.com/2019/06/15477/,15477,アルマンドブリニャック　ブリュット　１５００ｍｌ,2019-06-03,1,1,
1054,シャピュイ ブランドブラン,シャピュイ　ブランドブラン,3500,"￥３,５００（税別）",税抜,,http://charme-du-vin.com/2019/05/15401/,15401,シャピュイ　ブランドブラン,2019-05-23,1,1,
1055,サヴァール ラコンプリ―1erクリュ VVブリュット,サヴァール　ラコンプリ―1erクリュ　VVブリュット,6700,サヴァール　ラコンプリ―1erクリュ　VVブリュット　￥6700（税別）,税抜,,http://charme-du-vin.com/2019/05/15336/,15336,サヴァール　ラコンプリ―1erクリュVVブリュット/ルーヴェルチュール1erクリュ/ビュルドロゼ1erクリュ,2019-05-18,1,3,
1056,サヴァール ルーヴェルチュール 1erクリュ,サヴァール　ルーヴェルチュール　1erクリュ,5300,サヴァール　ルーヴェルチュール　1erクリュ　￥5300（税別）,税抜,,http://charme-du-vin.com/2019/05/15336/,15336,サヴァール　ラコンプリ―1erクリュVVブリュット/ルーヴェルチュール1erクリュ/ビュルドロゼ1erクリュ,2019-05-18,2,3,
1057,サヴァール ビュル ド ロゼ 1erクリュ,サヴァール　ビュル　ド　ロゼ　1erクリュ,7300,サヴァール　ビュル　ド　ロゼ　1erクリュ　￥7300（税別）,税抜,,http://charme-du-vin.com/2019/05/15336/,15336,サヴァール　ラコンプリ―1erクリュVVブリュット/ルーヴェルチュール1erクリュ/ビュルドロゼ1erクリュ,2019-05-18,3,3,
1058,ローズドジャンヌ コートドヴァルヴィレーヌ 14,ローズドジャンヌ　コートドヴァルヴィレーヌ　１４,10500,"￥１０,５００（税別）",税抜,,http://charme-du-vin.com/2019/05/15255/,15255,ローズドジャンヌ　コートドヴァルヴィレーヌ　１４・１５,2019-05-16,1,2,
1059,ローズドジャンヌ コートドヴァルヴィレーヌ 15,ローズドジャンヌ　コートドヴァルヴィレーヌ　１５,11000,"￥１１,０００（税別）",税抜,,http://charme-du-vin.com/2019/05/15255/,15255,ローズドジャンヌ　コートドヴァルヴィレーヌ　１４・１５,2019-05-16,2,2,
1060,マリークルタン レゾナンス エキストラブリュット,マリークルタン　レゾナンス　エキストラブリュット,5600,"￥５,６００（税別）",税抜,,http://charme-du-vin.com/2019/05/15252/,15252,マリークルタン　レゾナンス　エキストラブリュット / エロカンス　ブランドブラン,2019-05-16,1,2,
1061,マリークルタン エロカンス ブランドブラン,マリークルタン　エロカンス　ブランドブラン,8000,"￥８,０００（税別）",税抜,,http://charme-du-vin.com/2019/05/15252/,15252,マリークルタン　レゾナンス　エキストラブリュット / エロカンス　ブランドブラン,2019-05-16,2,2,
1062,ディエボルトヴァロワ ブランドブラン ブリュット,ディエボルトヴァロワ　ブランドブラン　ブリュット,4600,"￥４,６００（税別）",税抜,,http://charme-du-vin.com/2019/05/15249/,15249,ディエボルトヴァロワ　ブランドブラン　ブリュット / ブリュット　プレステージ / フルールドパッション　０８,2019-05-16,1,3,
1063,ディエボルトヴァロワ ブリュット プレステージ,ディエボルトヴァロワ　ブリュット　プレステージ,5300,"￥５,３００（税別）",税抜,,http://charme-du-vin.com/2019/05/15249/,15249,ディエボルトヴァロワ　ブランドブラン　ブリュット / ブリュット　プレステージ / フルールドパッション　０８,2019-05-16,2,3,
1064,ディエボルトヴァロワ フルールドパッション 08,ディエボルトヴァロワ　フルールドパッション　０８,13500,"￥１３,５００（税別）",税抜,,http://charme-du-vin.com/2019/05/15249/,15249,ディエボルトヴァロワ　ブランドブラン　ブリュット / ブリュット　プレステージ / フルールドパッション　０８,2019-05-16,3,3,
1065,ジェスタン エクストラブリュット 07,ジェスタン　エクストラブリュット　０７,19800,"￥１９,８００（税別）",税抜,,http://charme-du-vin.com/2019/05/15246/,15246,ジェスタン　エクストラブリュット　０７,2019-05-16,1,1,
1066,ヴィルマール グラン セリエドール 13,ヴィルマール　グラン　セリエドール　１３,10000,"￥１０,０００（税別）",税抜,,http://charme-du-vin.com/2019/05/15243/,15243,ヴィルマール　グラン　セリエドール　１３,2019-05-16,1,1,
1067,ボランジェ R.D 02,ボランジェ　Ｒ．Ｄ　０２,27000,"￥２７,０００（税別）",税抜,,http://charme-du-vin.com/2019/05/15198/,15198,ボランジェ　Ｒ．Ｄ　０２ /  ボランジェ　Ｒ．Ｄ　０４,2019-05-13,1,2,
1068,ボランジェ R.D 04,ボランジェ　Ｒ．Ｄ　０４,24000,"￥２４,０００（税別）",税抜,,http://charme-du-vin.com/2019/05/15198/,15198,ボランジェ　Ｒ．Ｄ　０２ /  ボランジェ　Ｒ．Ｄ　０４,2019-05-13,2,2,
1069,ペリエジュエ ベルエポック 11,ペリエジュエ　ベルエポック　１１,19800,"￥１９,８００（税別）",税抜,,http://charme-du-vin.com/2019/05/15195/,15195,ペリエジュエ　ベルエポック　１１,2019-05-13,1,1,
1070,サロン 07,サロン　０７,69000,"￥６９,０００（税別）",税抜,,http://charme-du-vin.com/2019/05/15192/,15192,サロン　０７,2019-05-13,1,1,
1071,オージェンヌIII ミレジム08,オージェンヌⅢ　ミレジム０８,3800,"￥３,８００（税別）",税抜,,http://charme-du-vin.com/2019/05/15125/,15125,オージェンヌⅢ　ミレジム０８  /  ピエール　ベルトラン　１ＥＲクリュ,2019-05-11,1,2,
1072,ピエール ベルトラン 1ERクリュ,ピエール　ベルトラン　１ＥＲクリュ,4200,"￥４,２００（税別）",税抜,,http://charme-du-vin.com/2019/05/15125/,15125,オージェンヌⅢ　ミレジム０８  /  ピエール　ベルトラン　１ＥＲクリュ,2019-05-11,2,2,
1073,ルイブラン ブランドブラン,ルイブラン　ブランドブラン,2900,"￥２,９００（税別）",税抜,,http://charme-du-vin.com/2019/05/15120/,15120,ルイブラン　ブランドブラン /  ド　ヴィルマンディ　１ＥＲクリュ　ブリュット,2019-05-11,1,2,
1074,ド ヴィルマンディ 1ERクリュ ブリュット,ド　ヴィルマンディ　１ＥＲクリュ　ブリュット,2900,"￥２,９００（税別）",税抜,,http://charme-du-vin.com/2019/05/15120/,15120,ルイブラン　ブランドブラン /  ド　ヴィルマンディ　１ＥＲクリュ　ブリュット,2019-05-11,2,2,
1075,シャピュイ トラディション 1.5L,シャピュイ　トラディション　１．５Ｌ,5900,"￥５,９００（税別）",税抜,,http://charme-du-vin.com/2019/05/15116/,15116,シャピュイ　トラディション　１．５Ｌ,2019-05-11,1,1,
1076,ドンペリニョンP2 2000 ラベル不良のため,ドンペリニョンＰ２　２０００　ラベル不良のため,34000,"￥３４,０００（税別）",税抜,,http://charme-du-vin.com/2019/04/15038/,15038,ＳＡＬＥ！！　ドンペリニョンＰ２　２０００　ラベル不良のため,2019-04-26,1,1,★ＳＡＬＥ！！★　| ドンペリニョンＰ２　２０００　ラベル不良のため
1077,ペリエジュエ ベルエポック 2011 ラベル不良,ペリエジュエ　ベルエポック　２０１１　ラベル不良,14500,"￥１４,５００（税別）",税抜,,http://charme-du-vin.com/2019/04/14933/,14933,ＳＡＬＥ！！ペリエジュエ　ベルエポック　２０１１　ラベル不良 / ドンペリニョン　０９　ラベル不良,2019-04-19,1,2,★ＳＡＬＥ！！★　| ペリエジュエ　ベルエポック　２０１１　ラベル不良
1078,ドンペリニョン 09,ドンペリニョン　０９,13000,"￥１３,０００（税別）",税抜,,http://charme-du-vin.com/2019/04/14933/,14933,ＳＡＬＥ！！ペリエジュエ　ベルエポック　２０１１　ラベル不良 / ドンペリニョン　０９　ラベル不良,2019-04-19,2,2,
1079,モエシャンドン MC3,モエシャンドン　ＭＣ３,49000,"￥４９,０００（税別）",税抜,,http://charme-du-vin.com/2019/04/14921/,14921,モエシャンドン　ＭＣ３,2019-04-19,1,1,
1080,アンリジロー フュドシェーヌ MV,アンリジロー　フュドシェーヌ　ＭＶ,20000,"￥２０,０００（税別）",税抜,,http://charme-du-vin.com/2019/04/14918/,14918,アンリジロー　フュドシェーヌ　ＭＶ / アルゴンヌ　０８ / ブランドブラン　０５,2019-04-19,1,3,
1081,アンリジロー アルゴンヌ 08,アンリジロー　アルゴンヌ　０８,49000,"￥４９,０００（税別）",税抜,,http://charme-du-vin.com/2019/04/14918/,14918,アンリジロー　フュドシェーヌ　ＭＶ / アルゴンヌ　０８ / ブランドブラン　０５,2019-04-19,2,3,
1082,アンリジロー ブランドブラン 05,アンリジロー　ブランドブラン　０５,54000,"￥５４,０００（税別）",税抜,,http://charme-du-vin.com/2019/04/14918/,14918,アンリジロー　フュドシェーヌ　ＭＶ / アルゴンヌ　０８ / ブランドブラン　０５,2019-04-19,3,3,
1083,ランソン グリーンラベル ブリュット オーガニック,ランソン　グリーンラベル　ブリュット　オーガニック,7200,"￥７,２００（税別）",税抜,,http://charme-du-vin.com/2019/04/14870/,14870,ランソン　グリーンラベル　ブリュット　オーガニック,2019-04-12,1,1,
1084,ランソン ブリュット ヴィンテージ 08,ランソン　ブリュット　ヴィンテージ　０８,5700,"￥５,７００（税別）",税抜,,http://charme-du-vin.com/2019/04/14866/,14866,ランソン　ブリュット　ヴィンテージ　０８,2019-04-12,1,1,
1085,ドラピエ カルトドール,ドラピエ　カルトドール,3200,"￥３,２００（税別）",税抜,,http://charme-du-vin.com/2019/04/14856/,14856,ドラピエ　カルトドール / ブリュットナチュール / グランサンドレ　０８,2019-04-11,1,3,
1086,ドラピエ ブリュットナチュール,ドラピエ　ブリュットナチュール,3800,"￥３,８００（税別）",税抜,,http://charme-du-vin.com/2019/04/14856/,14856,ドラピエ　カルトドール / ブリュットナチュール / グランサンドレ　０８,2019-04-11,2,3,
1087,ドラピエ グランサンドレ 08,ドラピエ　グランサンドレ　０８,7500,"￥７,５００（税別）",税抜,,http://charme-du-vin.com/2019/04/14856/,14856,ドラピエ　カルトドール / ブリュットナチュール / グランサンドレ　０８,2019-04-11,3,3,
1088,ゴッセ グランレゼルヴ ブリュット,ゴッセ　グランレゼルヴ　ブリュット,3980,"￥３,９８０（税別）",税抜,,http://charme-du-vin.com/2019/04/14853/,14853,ゴッセ　グランレゼルヴ　ブリュット,2019-04-11,1,1,
1089,テタンジェ コントドシャンパーニュ 05,テタンジェ　コントドシャンパーニュ　０５,15500,"￥１５,５００（税別）",税抜,,http://charme-du-vin.com/2019/04/14792/,14792,テタンジェ　コントドシャンパーニュ　０５,2019-04-05,1,1,
1090,ラルマンディエベルニエ ロゼ ド セニエ,ラルマンディエベルニエ　ロゼ　ド　セニエ,7700,"￥７,７００（税別）",税抜,,http://charme-du-vin.com/2019/04/14733/,14733,ラルマンディエベルニエ　ロゼ　ド　セニエ / ロンジチュード　ブランドブラン / ＶＶ　ルヴァン　グランクリュ　０９,2019-04-03,1,3,
1091,ラルマンディエベルニエ ロンジチュード ブランドブラン,ラルマンディエベルニエ　ロンジチュード　ブランドブラン,5500,"￥５,５００（税別）",税抜,,http://charme-du-vin.com/2019/04/14733/,14733,ラルマンディエベルニエ　ロゼ　ド　セニエ / ロンジチュード　ブランドブラン / ＶＶ　ルヴァン　グランクリュ　０９,2019-04-03,2,3,
1092,ラルマンディエベルニエ VV ルヴァン グランクリュ 09,ラルマンディエベルニエ　ＶＶ　ルヴァン　グランクリュ　０９,9400,"￥９,４００（税別）",税抜,,http://charme-du-vin.com/2019/04/14733/,14733,ラルマンディエベルニエ　ロゼ　ド　セニエ / ロンジチュード　ブランドブラン / ＶＶ　ルヴァン　グランクリュ　０９,2019-04-03,3,3,
1093,セロスパジョン キュヴェ フュド シェーヌ,セロスパジョン　キュヴェ　フュド　シェーヌ,7600,"￥７,６００（税別）",税抜,,http://charme-du-vin.com/2019/04/14730/,14730,セロスパジョン　キュヴェ　フュド　シェーヌ / ブランドブラン　グランクリュ　１４,2019-04-03,1,2,
1094,セロスパジョン ブランドブラン グランクリュ 14,セロスパジョン　ブランドブラン　グランクリュ　１４,13000,"￥１３,０００（税別）",税抜,,http://charme-du-vin.com/2019/04/14730/,14730,セロスパジョン　キュヴェ　フュド　シェーヌ / ブランドブラン　グランクリュ　１４,2019-04-03,2,2,
1095,ルイロデレール クリスタル 07 1.5L,ルイロデレール　クリスタル　０７　１．５Ｌ,62000,"￥６２,０００（税別）",税抜,,http://charme-du-vin.com/2019/04/14644/,14644,ルイロデレール　クリスタル　０７　１．５Ｌ  /  ０９　１．５Ｌ,2019-04-02,1,2,
1096,ルイロデレール クリスタル 09 1.5L,ルイロデレール　クリスタル　０９　１．５Ｌ,62000,"￥６２,０００（税別）",税抜,,http://charme-du-vin.com/2019/04/14644/,14644,ルイロデレール　クリスタル　０７　１．５Ｌ  /  ０９　１．５Ｌ,2019-04-02,2,2,
1097,ドントグルレ レテールフィーヌ プルミエクリュ BB,ドントグルレ　レテールフィーヌ　プルミエクリュ　ＢＢ,4700,"￥４,７００（税別）",税抜,,http://charme-du-vin.com/2019/03/14503/,14503,ドントグルレ　レテールフィーヌ　プルミエクリュ　ＢＢ / ダンザンプルミエタン　エクストラブリュット,2019-03-08,1,2,
1098,ドントグルレ ダンザンプルミエタン エクストラブリュット,ドントグルレ　ダンザンプルミエタン　エクストラブリュット,5600,"￥５,６００（税別）",税抜,,http://charme-du-vin.com/2019/03/14503/,14503,ドントグルレ　レテールフィーヌ　プルミエクリュ　ＢＢ / ダンザンプルミエタン　エクストラブリュット,2019-03-08,2,2,
1099,ルイロデレール クリスタル 09,ルイロデレール　クリスタル　０９,26000,"￥２６,０００（税別）",税抜,,http://charme-du-vin.com/2019/03/14394/,14394,ルイロデレール　クリスタル　０９,2019-03-04,1,1,
1100,ランスロピエンヌ ターブルロンド ブランドブラン,ランスロピエンヌ　ターブルロンド　ブランドブラン,4600,"￥４,６００（税別）",税抜,,http://charme-du-vin.com/2019/03/14391/,14391,ランスロピエンヌ　ターブルロンド　ブランドブラン,2019-03-04,1,1,
1101,ジェスタン エクストラブリュット 06,ジェスタン　エクストラブリュット　０６,22500,"￥２２,５００（税別）",税抜,,http://charme-du-vin.com/2019/03/14325/,14325,ジェスタン　エクストラブリュット　０６,2019-03-01,1,1,
1102,アンリエバザン ブランドノワール,アンリエバザン　ブランドノワール,5700,"￥５,７００（税別）",税抜,,http://charme-du-vin.com/2019/02/14293/,14293,アンリエバザン　ブランドノワール,2019-02-20,1,1,
1103,ルネ コレ アッサンブラージュ,ルネ　コレ　アッサンブラージュ,4600,"￥４,６００（税別）",税抜,,http://charme-du-vin.com/2019/02/14290/,14290,ルネ　コレ　アッサンブラージュ,2019-02-20,1,1,
1104,ブールデールガロワ ブリュット,ブールデールガロワ　ブリュット,5000,"￥５,０００（税別）",税抜,,http://charme-du-vin.com/2019/02/14287/,14287,ブールデールガロワ　ブリュット,2019-02-20,1,1,
1105,ティエリーブールモー シルバークラス ブランドブラン,ティエリーブールモー　シルバークラス　ブランドブラン,5000,"￥５,０００（税別）",税抜,,http://charme-du-vin.com/2019/02/14283/,14283,ティエリーブールモー　シルバークラス　ブランドブラン,2019-02-20,1,1,
1106,フレデリックマルトレ ブリュット トラディション,フレデリックマルトレ　ブリュット　トラディション,2900,"￥２,９００（税別）",税抜,,http://charme-du-vin.com/2019/02/14196/,14196,フレデリックマルトレ　ブリュット　トラディション,2019-02-08,1,1,
1107,ブルーノパイヤール ブランドブラン 06,ブルーノパイヤール ブランドブラン 06,9300,ブルーノパイヤール ブランドブラン 06　￥9300(税別),税抜,,http://charme-du-vin.com/2019/02/14144/,14144,ブルーノパイヤール ブランドブラン 06,2019-02-06,1,1,
1108,アルフレッドグラッシャン ブリュット 05,アルフレッドグラッシャン ブリュット 05,8200,アルフレッドグラッシャン ブリュット 05 ￥8200(税別),税抜,,http://charme-du-vin.com/2019/02/14141/,14141,アルフレッドグラッシャン ブリュット 05,2019-02-06,1,1,
1109,ドンペリニョン 08,ドンペリニョン　０８,16500,"￥１６,５００（税別）",税抜,,http://charme-du-vin.com/2019/02/14100/,14100,ドンペリニョン　０８,2019-02-04,1,1,
1110,ブルーノパイヤール ブリュット プルミエキュヴェ,ブルーノパイヤール　ブリュット　プルミエキュヴェ,3980,"￥３,９８０（税別）",税抜,,http://charme-du-vin.com/2019/02/14095/,14095,ブルーノパイヤール　ブリュット　プルミエキュヴェ,2019-02-04,1,1,
1111,テタンジェ コントドシャンパーニュ 07,テタンジェ　コントドシャンパーニュ　０７,13500,"￥１３,５００（税別）",税抜,,http://charme-du-vin.com/2019/02/14078/,14078,テタンジェ　コントドシャンパーニュ　０７,2019-02-01,1,1,
1112,フィリップゴネ ブランドブラン ブリュット 750ml,フィリップゴネ　ブランドブラン　ブリュット　７５０ｍｌ,3700,"￥３,７００（税別）",税抜,,http://charme-du-vin.com/2019/01/14026/,14026,フィリップゴネ　ブランドブラン　ブリュット,2019-01-30,1,2,
1113,フィリップゴネ ブランドブラン ブリュット 375ml,フィリップゴネ　ブランドブラン　ブリュット　３７５ｍｌ,2200,"￥２,２００（税別）",税抜,,http://charme-du-vin.com/2019/01/14026/,14026,フィリップゴネ　ブランドブラン　ブリュット,2019-01-30,2,2,
1114,ペリエジュエ ベルエボック ラベル不良,ペリエジュエ　ベルエボック　ラベル不良,17000,"￥１７,０００（税別）",税抜,,http://charme-du-vin.com/2019/01/13988/,13988,ＳＡＬＥ！！ペリエジュエ　ベルエボック　ラベル不良,2019-01-22,1,1,★ＳＡＬＥ！！★　| ペリエジュエ　ベルエボック　ラベル不良
1115,クリュッグ ロゼ ラベル不良,クリュッグ　ロゼ　ラベル不良,25000,"￥２５,０００（税別）",税抜,,http://charme-du-vin.com/2019/01/13985/,13985,ＳＡＬＥ！！クリュッグ　ロゼ　ラベル不良,2019-01-22,1,1,★ＳＡＬＥ！！★　| クリュッグ　ロゼ　ラベル不良
1116,ブルーノパイヤール ネプラスウルトラ NPU 02,ブルーノパイヤール　ネプラスウルトラ　ＮＰＵ　０２,20000,"￥２０,０００（税別）",税抜,,http://charme-du-vin.com/2019/01/13927/,13927,ブルーノパイヤール　ネプラスウルトラ　ＮＰＵ　０２,2019-01-18,1,1,
1117,ブルーノパイヤール ブランドブラン 06,ブルーノパイヤール　ブランドブラン　０６,9300,"￥９,３００（税別）",税抜,,http://charme-du-vin.com/2019/01/13924/,13924,ブルーノパイヤール　ブランドブラン　０６,2019-01-18,1,1,
1118,エグリウーリエ エクストラブリュット グランクリュVP,エグリウーリエ　エクストラブリュット　グランクリュＶＰ,11500,"￥１１,５００（税別）",税抜,,http://charme-du-vin.com/2019/01/13921/,13921,エグリウーリエ　エクストラブリュット　グランクリュＶＰ,2019-01-18,1,1,
1119,ローズドジャンヌ コートドヴァルヴィレーヌ 15,ローズドジャンヌ コートドヴァルヴィレーヌ 15,11800,ローズドジャンヌ コートドヴァルヴィレーヌ 15 ￥11800,,,http://charme-du-vin.com/2019/01/13806/,13806,ローズドジャンヌ コートドヴァルヴィレーヌ 15,2019-01-09,1,1,
1120,テタンジェ コントドシャンパーニュ 07,テタンジェ　コントドシャンパーニュ　０７,13500,"￥１３,５００（税別）",税抜,,http://charme-du-vin.com/2018/12/13729/,13729,テタンジェ　コントドシャンパーニュ　０７,2018-12-25,1,1,
1121,ルイロデレール クリスタル 07 1.5L,ルイロデレール　クリスタル　０７　１．５Ｌ,62000,"￥６２,０００（税別）",税抜,,http://charme-du-vin.com/2018/12/13726/,13726,ルイロデレール　クリスタル　０７　１．５Ｌ,2018-12-25,1,1,
1122,ゴッセ セレブリス 04,ゴッセ　セレブリス　０４,12000,"￥１２,０００（税別）",税抜,,http://charme-du-vin.com/2018/12/13671/,13671,ゴッセ　セレブリス　０４,2018-12-17,1,1,
1123,スェナン ブランドブラン オワリー 3000ml,スェナン　ブランドブラン　オワリー　3000ml,31000,￥３１，０００（税別）,税抜,,http://charme-du-vin.com/2018/12/13576/,13576,スェナン　ブランドブラン　オワリー　3000ml / 1500ml / 750ml,2018-12-07,1,3,
1124,スェナン ブランドブラン オワリー 1500ml,スェナン　ブランドブラン　オワリー　1500ml,15000,￥１５，０００（税別）,税抜,,http://charme-du-vin.com/2018/12/13576/,13576,スェナン　ブランドブラン　オワリー　3000ml / 1500ml / 750ml,2018-12-07,2,3,
1125,スェナン ブランドブラン オワリー 750ml,スェナン　ブランドブラン　オワリー　750ml,5950,￥５，９５０（税別）,税抜,,http://charme-du-vin.com/2018/12/13576/,13576,スェナン　ブランドブラン　オワリー　3000ml / 1500ml / 750ml,2018-12-07,3,3,
1126,モエシャンドン エムシースリー,モエシャンドン　エムシースリー,49000,￥４９，０００（税別）,税抜,,http://charme-du-vin.com/2018/11/13402/,13402,モエシャンドン　エムシースリー,2018-11-26,1,1,
1127,パイパーエドシック レア ヴィンテージ 02 750ml,パイパーエドシック　レア　ヴィンテージ　０２　７５０ｍｌ,17500,"￥１７,５００（税別）",税抜,,http://charme-du-vin.com/2018/11/13385/,13385,パイパーエドシック　レア　ヴィンテージ　０２　７５０ｍｌ/  パイパーエドシック　レア　ル・スクレ　１．５L,2018-11-21,1,2,
1128,パイパーエドシック レア ル・スクレ 1.5L,パイパーエドシック　レア　ル・スクレ　１．５L,130000,"￥１３０,０００（税別）",税抜,,http://charme-du-vin.com/2018/11/13385/,13385,パイパーエドシック　レア　ヴィンテージ　０２　７５０ｍｌ/  パイパーエドシック　レア　ル・スクレ　１．５L,2018-11-21,2,2,
1129,ポールロジェ サーウィストンチャーチル 08 750ml,ポールロジェ　サーウィストンチャーチル　08　750ml,21000,￥２１，０００（税別）,税抜,,http://charme-du-vin.com/2018/11/13327/,13327,ポールロジェ　サーウィストンチャーチル　08　750ml,2018-11-16,1,1,
1130,テタンジェ プレリュード,テタンジェ　プレリュード,5700,￥５，７００（税別）,税抜,,http://charme-du-vin.com/2018/11/13324/,13324,テタンジェ　プレリュード,2018-11-16,1,1,
1131,ジャクソン キュヴェ 741,ジャクソン　キュヴェ　７４１,6900,￥６，９００（税別）,税抜,,http://charme-du-vin.com/2018/11/13321/,13321,ジャクソン　キュヴェ　７４１,2018-11-16,1,1,
1132,ランスロロワイエ キュヴェ ド シュバリエ BB,ランスロロワイエ　キュヴェ　ド　シュバリエ　BB,3900,￥３，９００（税別）,税抜,,http://charme-du-vin.com/2018/11/13300/,13300,ランスロロワイエ　キュヴェ　ド　シュバリエ　BB,2018-11-12,1,1,
1133,パイパーエドシック ブリュット リップスティック,パイパーエドシック　ブリュット　リップスティック,7700,￥７，７００（税別）,税抜,,http://charme-du-vin.com/2018/11/13297/,13297,パイパーエドシック　ブリュット　リップスティック / ジャケット,2018-11-12,1,2,
1134,パイパーエドシック ブリュット ジャケット,パイパーエドシック　ブリュット　ジャケット,4900,￥４，９００（税別）,税抜,,http://charme-du-vin.com/2018/11/13297/,13297,パイパーエドシック　ブリュット　リップスティック / ジャケット,2018-11-12,2,2,
1135,シャルルエドシック ブランドミレネール 95,シャルルエドシック　ブランドミレネール　95,23000,￥２３，０００（税別）,税抜,,http://charme-du-vin.com/2018/11/13294/,13294,シャルルエドシック　ブランドミレネール　95,2018-11-12,1,1,
1136,ジモネゴネ ブランドブラン ブリュット,ジモネゴネ　ブランドブラン　ブリュット,3600,￥３，６００（税別）,税抜,,http://charme-du-vin.com/2018/11/13289/,13289,ジモネゴネ　ブランドブラン　ブリュット,2018-11-12,1,1,
1137,ゴッセ グランミレジム 06,ゴッセ　グランミレジム　06,5500,￥５，５００（税別）,税抜,,http://charme-du-vin.com/2018/11/13286/,13286,ゴッセ　グランミレジム　06,2018-11-12,1,1,
1138,タルラン ブリュット トラディション 1.5L,タルラン　ブリュット　トラディション　1.5L,9500,￥９，５００（税別）,税抜,,http://charme-du-vin.com/2018/11/13283/,13283,タルラン　ブリュット　トラディション　1.5L / 375ml / レゼルヴ　750ml,2018-11-12,1,3,
1139,タルラン ブリュット レゼルヴ 750ml,タルラン　ブリュット　レゼルヴ　750ml,3900,￥３，９００（税別）,税抜,,http://charme-du-vin.com/2018/11/13283/,13283,タルラン　ブリュット　トラディション　1.5L / 375ml / レゼルヴ　750ml,2018-11-12,2,3,
1140,タルラン ブリュット トラディション 375ml,タルラン　ブリュット　トラディション　375ml,2400,￥２，４００（税別）,税抜,,http://charme-du-vin.com/2018/11/13283/,13283,タルラン　ブリュット　トラディション　1.5L / 375ml / レゼルヴ　750ml,2018-11-12,3,3,
1141,アンドレクルエ シルヴァー 1.5L,アンドレクルエ　シルヴァー　1.5L,8300,￥８，３００（税別）,税抜,,http://charme-du-vin.com/2018/11/13237/,13237,アンドレクルエ　シルヴァー　1.5L / ブリュット,2018-11-08,1,2,
1142,アンドレクルエ シルヴァー ブリュット,アンドレクルエ　シルヴァー　ブリュット,4200,￥４，２００（税別）,税抜,,http://charme-du-vin.com/2018/11/13237/,13237,アンドレクルエ　シルヴァー　1.5L / ブリュット,2018-11-08,2,2,
1143,アンドレクルエ グランレゼルヴ 1.5L,アンドレクルエ　グランレゼルヴ　1.5L,8300,￥８，３００（税別）,税抜,,http://charme-du-vin.com/2018/11/13234/,13234,アンドレクルエ　グランレゼルヴ　1.5L / ブリュット,2018-11-08,1,2,
1144,アンドレクルエ グランレゼルヴ ブリュット,アンドレクルエ　グランレゼルヴ　ブリュット,4200,￥４，２００（税別）,税抜,,http://charme-du-vin.com/2018/11/13234/,13234,アンドレクルエ　グランレゼルヴ　1.5L / ブリュット,2018-11-08,2,2,
1145,JMラブリュイエール プロローグ ブリュット,ＪＭラブリュイエール　プロローグ　ブリュット,4500,￥４，５００（税別）,税抜,,http://charme-du-vin.com/2018/11/13207/,13207,ＪＭラブリュイエール　プロローグ　ブリュット,2018-11-05,1,1,
1146,ボランジェ グランダネ 07,ボランジェ　グランダネ　07,12800,￥１２，８００（税別）,税抜,,http://charme-du-vin.com/2018/11/13204/,13204,ボランジェ　グランダネ　07,2018-11-05,1,1,
1147,ドンペリニヨン 08 レガシーエディション,ドンペリニヨン　08　レガシーエディション,18000,￥１８，０００（税別）,税抜,,http://charme-du-vin.com/2018/11/13182/,13182,ドンペリニヨン　08　レガシーエディション / モエシャンドン　ブリュット　インペリアルゴールドフェアリー,2018-11-02,1,2,
1148,モエシャンドン ブリュット インペリアルゴールドフェアリー,モエシャンドン　ブリュット　インペリアルゴールドフェアリー,4800,￥４，８００（税別）,税抜,,http://charme-du-vin.com/2018/11/13182/,13182,ドンペリニヨン　08　レガシーエディション / モエシャンドン　ブリュット　インペリアルゴールドフェアリー,2018-11-02,2,2,
1149,アンリジロー コードノワール ブリュット,アンリジロー　コードノワール　ブリュット,12500,￥１２，５００（税別）,税抜,,http://charme-du-vin.com/2018/11/13179/,13179,アンリジロー　コードノワール　ブリュット / オマージュ　ド　フランソアエマール　ブリュット,2018-11-02,1,2,
1150,アンリジロー オマージュ ド フランソアエマール ブリュット,アンリジロー　オマージュ　ド　フランソアエマール　ブリュット,5700,￥５，７００（税別）,税抜,,http://charme-du-vin.com/2018/11/13179/,13179,アンリジロー　コードノワール　ブリュット / オマージュ　ド　フランソアエマール　ブリュット,2018-11-02,2,2,
1151,ギーチボー ブリュット ナチューレ グランクリュ,ギーチボー　ブリュット　ナチューレ　グランクリュ,3500,￥３，５００（税別）,税抜,,http://charme-du-vin.com/2018/10/13112/,13112,ギーチボー　ブリュット　ナチューレ　グランクリュ,2018-10-26,1,1,
1152,ラルマンディエベルニエ ロンジチュード BB 1.5L,ラルマンディエベルニエ　ロンジチュード　BB　1.5L,14000,￥１４，０００（税別）,税抜,,http://charme-du-vin.com/2018/10/13102/,13102,ラルマンディエベルニエ　ロンジチュード　BB　1.5L,2018-10-26,1,1,
1153,バルノー グランレゼルヴ ブリュット,バルノー　グランレゼルヴ　ブリュット,3500,￥３，５００（税別）,税抜,,http://charme-du-vin.com/2018/10/13052/,13052,バルノー　グランレゼルヴ　ブリュット,2018-10-22,1,1,
1154,ゴッセ キャーンザン ド カーヴ ミニマ ブリュット,ゴッセ　キャーンザン　ド　カーヴ　ミニマ　ブリュット,14000,￥１４，０００（税別）,税抜,,http://charme-du-vin.com/2018/10/13049/,13049,ゴッセ　キャーンザン　ド　カーヴ　ミニマ　ブリュット / セレブリス　04,2018-10-22,1,2,
1155,ゴッセ セレブリス 04,ゴッセ　セレブリス　04,15000,￥１５，０００（税別）,税抜,,http://charme-du-vin.com/2018/10/13049/,13049,ゴッセ　キャーンザン　ド　カーヴ　ミニマ　ブリュット / セレブリス　04,2018-10-22,2,2,
1156,エンジェル ブリュット,エンジェル　ブリュット,17000,￥１７，０００（税別）,税抜,,http://charme-du-vin.com/2018/10/12990/,12990,エンジェル　ブリュット,2018-10-15,1,1,
1157,アヤラ ブランドブラン 10,アヤラ　ブランドブラン　10,7000,￥７，０００（税別）,税抜,,http://charme-du-vin.com/2018/10/12987/,12987,アヤラ　ブランドブラン　10,2018-10-15,1,1,
1158,ランソン ノーブルキュヴェ 99,ランソン　ノーブルキュヴェ　９９,6200,"￥６,２００（税別）",税抜,,http://charme-du-vin.com/2018/10/12943/,12943,ランソン　ノーブルキュヴェ　９９,2018-10-11,1,1,
1159,マリークルタン コンコルダンス エクストラブリュット,マリークルタン　コンコルダンス　エクストラブリュット,8800,"￥８,８００（税別）",税抜,,http://charme-du-vin.com/2018/10/12910/,12910,マリークルタン　コンコルダンス　エクストラブリュット,2018-10-05,1,1,
1160,マリークルタン レゾナンス エクストラブリュット,マリークルタン　レゾナンス　エクストラブリュット,6100,"￥６,１００（税別）",税抜,,http://charme-du-vin.com/2018/10/12907/,12907,マリークルタン　レゾナンス　エクストラブリュット,2018-10-05,1,1,
1161,ペリエジュエ ベルエポック ロゼ 05,ペリエジュエ　ベルエポック　ロゼ　０５,23000,"￥２３,０００（税別）",税抜,,http://charme-du-vin.com/2018/10/12904/,12904,ペリエジュエ　ベルエポック　ロゼ　０５,2018-10-05,1,1,
1162,フランソワスコンデ グランクリュ ブリュット,フランソワスコンデ　グランクリュ　ブリュット,4500,"￥４,５００（税別）",税抜,,http://charme-du-vin.com/2018/10/12889/,12889,フランソワスコンデ　グランクリュ　ブリュット,2018-10-03,1,1,
1163,アルマンドブリニャック グリーン,アルマンドブリニャック　グリーン,49000,"￥４９,０００（税別）",税抜,,http://charme-du-vin.com/2018/10/12883/,12883,アルマンドブリニャック　グリーン,2018-10-03,1,1,
1164,フィリッポナー ロイヤルレゼルヴブリュット 3L,フィリッポナー　ロイヤルレゼルヴブリュット　3L,28000,￥２８，０００（税別）,税抜,,http://charme-du-vin.com/2018/10/12851/,12851,フィリッポナー　ロイヤルレゼルヴブリュット　3L,2018-10-01,1,1,
1165,ブルーノパイヤール ブリュット プルミエ 1.5L,ブルーノパイヤール　ブリュット　プルミエ　1.5L,11500,"￥11,500（外税）",,,http://charme-du-vin.com/2018/09/12700/,12700,ブルーノパイヤール　ブリュット　プルミエ　1.5L,2018-09-07,1,1,
1166,アルマンドブリニャック ブランドブラン シルバー 箱不良,アルマンドブリニャック　ブランドブラン　シルバー　箱不良,66000,￥６６，０００（税別）,税抜,,http://charme-du-vin.com/2018/08/12622/,12622,SALE!!アルマンドブリニャック　ブランドブラン　シルバー　箱不良,2018-08-30,1,1,★SALE!!　| アルマンドブリニャック　ブランドブラン　シルバー　箱不良
1167,クロードカザル カルトドール 750ml,クロードカザル　カルトドール　７５０ｍｌ,3800,"￥３,８００（税別）",税抜,,http://charme-du-vin.com/2018/08/12619/,12619,クロードカザル　カルトドール　７５０ｍｌ,2018-08-29,1,1,
1168,サロン 06,サロン　０６,60000,"￥６０,０００（税別）",税抜,,http://charme-du-vin.com/2018/08/12581/,12581,サロン　０６,2018-08-21,1,1,
1169,クリュッグ ヴィンテージ2004,クリュッグ　ヴィンテージ２００４,26000,"￥２６,０００（税別）",税抜,,http://charme-du-vin.com/2018/08/12576/,12576,クリュッグ　ヴィンテージ２００４,2018-08-21,1,1,
1170,ドンペリニヨン P2 2000 箱入り,ドンペリニヨン　P2　2000　箱入り,44000,￥４４，０００（税別）,税抜,,http://charme-du-vin.com/2018/08/12526/,12526,ドンペリニヨン　P2　2000　箱入り,2018-08-20,1,1,
1171,シャンドン ブリュット サマーボトル,シャンドン　ブリュット　サマーボトル,2200,￥２，２００（税別）,税抜,,http://charme-du-vin.com/2018/07/12364/,12364,シャンドン　ブリュット　サマーボトル,2018-07-30,1,1,
1172,フィリップゴネ ブランドブラン ブリュット,フィリップゴネ　ブランドブラン　ブリュット,3700,￥３，７００（税別）,税抜,,http://charme-du-vin.com/2018/07/12331/,12331,フィリップゴネ　ブランドブラン　ブリュット,2018-07-26,1,1,
1173,クリュッグ グランドキュヴェ 375ml,クリュッグ　グランドキュヴェ　375ml,11500,￥１１，５００（税別）,税抜,,http://charme-du-vin.com/2018/07/12316/,12316,クリュッグ　グランドキュヴェ　375ml,2018-07-23,1,1,
1174,アンリジロー フット デ シェーン,アンリジロー　フット　デ　シェーン,14500,￥１４，５００（税別）,税抜,,http://charme-du-vin.com/2018/07/12313/,12313,アンリジロー　フット　デ　シェーン/　コトー　シャンプノアーズ　ブラン　09,2018-07-23,1,2,
1175,アンリジロー コトー シャンプノアーズ ブラン 09,アンリジロー　コトー　シャンプノアーズ　ブラン　09,11800,￥１１，８００（税別）,税抜,,http://charme-du-vin.com/2018/07/12313/,12313,アンリジロー　フット　デ　シェーン/　コトー　シャンプノアーズ　ブラン　09,2018-07-23,2,2,
1176,アンリジロー コードノワール 1.5L,アンリジロー　コードノワール　1.5L,25000,￥２５，０００（税別）,税抜,,http://charme-du-vin.com/2018/07/12310/,12310,アンリジロー　コードノワール　ブリュット/1.5L,2018-07-23,1,2,
1177,アンリジロー コードノワール ブリュット,アンリジロー　コードノワール　ブリュット,11500,￥１１，５００（税別）,税抜,,http://charme-du-vin.com/2018/07/12310/,12310,アンリジロー　コードノワール　ブリュット/1.5L,2018-07-23,2,2,
1178,ニコラフィアット ブリュットレゼルヴ エディションリミテッド,ニコラフィアット　ブリュットレゼルヴ　エディションリミテッド,3800,"￥３,８００（税別）",税抜,,http://charme-du-vin.com/2018/07/12276/,12276,ニコラフィアット　ブリュットレゼルヴ　エディションリミテッド,2018-07-14,1,1,
1179,ルイロデレール ブリュット ナチューレ 09,ルイロデレール　ブリュット　ナチューレ　09,9500,￥９，５００（税別）,税抜,,http://charme-du-vin.com/2018/07/12253/,12253,ルイロデレール　ブリュット　ナチューレ　09,2018-07-12,1,1,
1180,ローズドジャンヌ コートドヴァルヴィレーヌ 15,ローズドジャンヌ　コートドヴァルヴィレーヌ　１５,10800,"￥１０,８００（税別）",税抜,,http://charme-du-vin.com/2018/07/12206/,12206,ローズドジャンヌ　コートドヴァルヴィレーヌ　１５  /  ラ　プレスレ　ブランドノワール　１３,2018-07-10,1,2,
1181,ローズドジャンヌ ラ プレスレ ブランドノワール 13,ローズドジャンヌ　ラ　プレスレ　ブランドノワール　１３,19000,"￥１９,０００（税別）",税抜,,http://charme-du-vin.com/2018/07/12206/,12206,ローズドジャンヌ　コートドヴァルヴィレーヌ　１５  /  ラ　プレスレ　ブランドノワール　１３,2018-07-10,2,2,
1182,ギィ ド サンフラヴィ 1.5L,ギィ　ド　サンフラヴィ　１．５Ｌ,6400,"￥６,４００（税別）",税抜,,http://charme-du-vin.com/2018/07/12164/,12164,ギィ　ド　サンフラヴィ　１．５Ｌ   /   ７５０ｍｌ /  ロゼ,2018-07-04,1,3,
1183,ギィ ド サンフラヴィ 750ml,ギィ　ド　サンフラヴィ　７５０ｍｌ,2700,"￥２,７００（税別）",税抜,,http://charme-du-vin.com/2018/07/12164/,12164,ギィ　ド　サンフラヴィ　１．５Ｌ   /   ７５０ｍｌ /  ロゼ,2018-07-04,2,3,
1184,ギィ ド サンフラヴィ ロゼ,ギィ　ド　サンフラヴィ　ロゼ,3300,"￥３,３００（税別）",税抜,,http://charme-du-vin.com/2018/07/12164/,12164,ギィ　ド　サンフラヴィ　１．５Ｌ   /   ７５０ｍｌ /  ロゼ,2018-07-04,3,3,
1185,ボランジェ ヴィエイユ ヴィーニュ フランセーズ 07,ボランジェ　ヴィエイユ　ヴィーニュ　フランセーズ　07,83000,￥８３，０００（税別）,税抜,,http://charme-du-vin.com/2018/07/12127/,12127,ボランジェ　ヴィエイユ　ヴィーニュ　フランセーズ　07,2018-07-02,1,1,
1186,ヴァンサンカレム ヴーヴレ ブリュット キュヴェT,ヴァンサンカレム　ヴーヴレ　ブリュット　キュヴェＴ,1800,￥１，８００（税別）,税抜,,http://charme-du-vin.com/2018/06/12114/,12114,ヴァンサンカレム　ヴーヴレ　ブリュット　キュヴェＴ,2018-06-29,1,1,
1187,テタンジェ コントドシャンパーニュ 06,テタンジェ　コントドシャンパーニュ　06,14000,￥１４，０００（税別）,税抜,,http://charme-du-vin.com/2018/06/12111/,12111,テタンジェ　コントドシャンパーニュ　06,2018-06-28,1,1,★値下げしました――！　| テタンジェ　コントドシャンパーニュ　06
1188,テタンジェ コントドシャンパーニュ 2006,テタンジェ　コントドシャンパーニュ　２００６,16500,￥１６，５００（税別）,税抜,,http://charme-du-vin.com/2018/06/12061/,12061,テタンジェ　コントドシャンパーニュ　２００６,2018-06-26,1,1,
1189,テタンジェ プレリュード,テタンジェ　プレリュード,5700,￥５，７００（税別）,税抜,,http://charme-du-vin.com/2018/06/12022/,12022,テタンジェ　プレリュード,2018-06-22,1,1,
1190,アルマンドブリニャック ブリュット,アルマンドブリニャック　ブリュット,36000,￥３６，０００（税別）,税抜,,http://charme-du-vin.com/2018/06/12019/,12019,アルマンドブリニャック　ブリュット,2018-06-22,1,1,
1191,ビルカールサルモン キュヴェ ニコラフランソワ ビルカール 02,ビルカールサルモン　キュヴェ　ニコラフランソワ　ビルカール　02,16500,￥１６，５００（税別）,税抜,,http://charme-du-vin.com/2018/06/12012/,12012,ビルカールサルモン　キュヴェ　ニコラフランソワ　ビルカール　02,2018-06-21,1,1,
1192,ルクレールブリアン ブリュットレゼルヴ,ルクレールブリアン　ブリュットレゼルヴ,4000,"￥４,０００（税別）",税抜,,http://charme-du-vin.com/2018/06/11946/,11946,ルクレールブリアン　ブリュットレゼルヴ,2018-06-19,1,1,
1193,ルイロデレール クリスタル 09,ルイロデレール　クリスタル　０９,23000,"￥２３,０００（税別）",税抜,,http://charme-du-vin.com/2018/06/11915/,11915,ルイロデレール　クリスタル　０９,2018-06-11,1,1,
1194,ボランジェ ロゼ 2006,ボランジェ　ロゼ　2006,9500,￥９，５００（税別）,税抜,,http://charme-du-vin.com/2018/06/11777/,11777,ボランジェ　ロゼ　2006,2018-06-01,1,1,
1195,ゴッセ エクセレンスブリュット 750ml,ゴッセ　エクセレンスブリュット　750ml,3500,￥３，５００（税別）,税抜,,http://charme-du-vin.com/2018/06/11774/,11774,ゴッセ　エクセレンスブリュット　750ml/グランレゼルヴ　ブリュット,2018-06-01,1,2,
1196,ゴッセ グランレゼルヴ ブリュット,ゴッセ　グランレゼルヴ　ブリュット,4100,￥４，１００（税別）,税抜,,http://charme-du-vin.com/2018/06/11774/,11774,ゴッセ　エクセレンスブリュット　750ml/グランレゼルヴ　ブリュット,2018-06-01,2,2,
1197,ルネ アンリ クーティエ ブランドブラン,ルネ　アンリ　クーティエ　ブランドブラン,4900,"￥４,９００（税別）",税抜,,http://charme-du-vin.com/2018/05/11727/,11727,ルネ　アンリ　クーティエ　ブランドブラン,2018-05-26,1,1,
1198,ジャックラセーヌ ラコリーヌ アンスピレ BB,ジャックラセーヌ　ラコリーヌ　アンスピレ　ＢＢ,8000,"￥８,０００（税別）",税抜,,http://charme-du-vin.com/2018/05/11724/,11724,ジャックラセーヌ　ラコリーヌ　アンスピレ　ＢＢ,2018-05-26,1,1,
1199,ローランペリエ ブリュット (ラベル不良),ローランペリエ　ブリュット　（ラベル不良）,2900,￥２，９００（税別）,税抜,,http://charme-du-vin.com/2018/05/11687/,11687,SALE!!ローランペリエ　ブリュット,2018-05-24,1,1,SALE!!　| ローランペリエ　ブリュット　（ラベル不良）
1200,アルマンドブリニャック グリーン (箱不良),アルマンドブリニャック　グリーン　（箱不良）,44000,￥４４，０００（税別）,税抜,,http://charme-du-vin.com/2018/05/11684/,11684,SALE!!アルマンドブリニャック　グリーン,2018-05-24,1,1,SALE商品!!　| アルマンドブリニャック　グリーン　（箱不良）
1201,アルマンドブリニャック ブランドブラン シルバー (箱不良),アルマンドブリニャック　ブランドブラン　シルバー　（箱不良）,66000,￥６６，０００（税別）,税抜,,http://charme-du-vin.com/2018/05/11679/,11679,SALE!!アルマンドブリニャック　ブランドブラン　シルバー,2018-05-24,1,1,SALE商品!!　| アルマンドブリニャック　ブランドブラン　シルバー　（箱不良）
1202,ビルカールサルモン ブリュットレゼルヴ,ビルカールサルモン　ブリュットレゼルヴ,4200,￥４，２００（税別）,税抜,,http://charme-du-vin.com/2018/05/11641/,11641,ビルカールサルモン　ブリュットレゼルヴ,2018-05-18,1,1,
1203,マリークルタン コンコルダンス,マリークルタン　コンコルダンス,10000,￥１０，０００（税別）,税抜,,http://charme-du-vin.com/2018/05/11561/,11561,マリークルタン　コンコルダンス,2018-05-14,1,1,
1204,パイパーエドシック ブリュット シネマエディション,パイパーエドシック　ブリュット　シネマエディション,4500,￥４，５００（税別）,税抜,,http://charme-du-vin.com/2018/05/11558/,11558,パイパーエドシック　ブリュット　シネマエディション/エディションリミテッド,2018-05-14,1,2,
1205,パイパーエドシック ブリュット エディションリミテッド,パイパーエドシック　ブリュット　エディションリミテッド,3800,￥３，８００（税別）,税抜,,http://charme-du-vin.com/2018/05/11558/,11558,パイパーエドシック　ブリュット　シネマエディション/エディションリミテッド,2018-05-14,2,2,
1206,ブルーノパイヤール プルミエール キュヴェ 3L,ブルーノパイヤール　プルミエール　キュヴェ　3L,29000,￥２９，０００（税別）,税抜,,http://charme-du-vin.com/2018/05/11555/,11555,ブルーノパイヤール　プルミエール　キュヴェ　3L,2018-05-14,1,1,
1207,ドゥーツ オマージュアウイリアムドゥーツ 10,ドゥーツ　オマージュアウイリアムドゥーツ　10,13000,￥１３，０００（税別）,税抜,,http://charme-du-vin.com/2018/05/11546/,11546,ドゥーツ　オマージュアウイリアムドゥーツ　10,2018-05-11,1,1,
1208,ルイブラン ブランドブラン,ルイブラン　ブランドブラン,2950,￥２，９５０（税別）,税抜,,http://charme-du-vin.com/2018/05/11506/,11506,ルイブラン　ブランドブラン,2018-05-09,1,1,
1209,ジャスティン エクストラブリュット 07,ジャスティン　エクストラブリュット　０７,21500,"￥２１,５００（税別）",税抜,,http://charme-du-vin.com/2018/04/11409/,11409,ジャスティン　エクストラブリュット　０７,2018-04-27,1,1,
1210,カルテット アンダーソンヴァレー ブリュット 1.5L,カルテット　アンダーソンヴァレー　ブリュット　1.5L,5900,￥５，９００（税別）,税抜,,http://charme-du-vin.com/2018/04/11373/,11373,カルテット　アンダーソンヴァレー　ブリュット　1.5L,2018-04-26,1,1,
1211,テタンジェ コントドシャンパーニュ 05,テタンジェ　コントドシャンパーニュ　05,16500,￥１６，５００（税別）,税抜,,http://charme-du-vin.com/2018/04/11288/,11288,テタンジェ　コントドシャンパーニュ　05/レフォリ　ドラ　マルケトリー,2018-04-13,1,2,
1212,テタンジェ レフォリ ドラ マルケトリー,テタンジェ　レフォリ　ドラ　マルケトリー,8800,￥８，８００（税別）,税抜,,http://charme-du-vin.com/2018/04/11288/,11288,テタンジェ　コントドシャンパーニュ　05/レフォリ　ドラ　マルケトリー,2018-04-13,2,2,
1213,ジャニソン ロゼ ブリュット,ジャニソン　ロゼ　ブリュット,3500,￥３，５００（税別）,税抜,,http://charme-du-vin.com/2018/04/11273/,11273,ジャニソン　ロゼ　ブリュット,2018-04-12,1,1,
1214,ラミアブル グランクリュ ブリュット,ラミアブル　グランクリュ　ブリュット,3700,"￥３,７００（税別）",税抜,,http://charme-du-vin.com/2018/04/11219/,11219,ラミアブル　グランクリュ　ブリュット,2018-04-05,1,1,
1215,ランスロ ピエンヌ ターブルロンド ブランドブラン,ランスロ　ピエンヌ　ターブルロンド　ブランドブラン,4800,"￥４,８００（税別）",税抜,,http://charme-du-vin.com/2018/04/11216/,11216,ランスロ　ピエンヌ　ターブルロンド　ブランドブラン,2018-04-05,1,1,
1216,ジモネゴネ ブランドブラン ブリュット,ジモネゴネ　ブランドブラン　ブリュット,3950,"￥３,９５０（税別）",税抜,,http://charme-du-vin.com/2018/04/11213/,11213,ジモネゴネ　ブランドブラン　ブリュット,2018-04-05,1,1,
1217,ヴェルニョン コンヴェルサシオン BB,ヴェルニョン　コンヴェルサシオン　ＢＢ,5400,"￥５,４００（税別）",税抜,,http://charme-du-vin.com/2018/04/11210/,11210,ヴェルニョン　コンヴェルサシオン　ＢＢ / エクスプレッション　エクストラブリュ　ＢＢ　１０,2018-04-05,1,2,
1218,ヴェルニョン エクスプレッション エクストラブリュ BB 10,ヴェルニョン　エクスプレッション　エクストラブリュ　ＢＢ　１０,6300,"￥６,３００（税別）",税抜,,http://charme-du-vin.com/2018/04/11210/,11210,ヴェルニョン　コンヴェルサシオン　ＢＢ / エクスプレッション　エクストラブリュ　ＢＢ　１０,2018-04-05,2,2,
1219,ポールロジェ サーウィストンチャーチル 06 1500ml,ポールロジェ　サーウィストンチャーチル　06　1500ml,42000,￥４２，０００（税別）,税抜,,http://charme-du-vin.com/2018/04/11159/,11159,ポールロジェ　サーウィストンチャーチル　06　1500ml,2018-04-02,1,1,
1220,シャピュイ ブランドブラン 1.5L,シャピュイ　ブランドブラン　1.5L,7800,￥７，８００（税別）,税抜,,http://charme-du-vin.com/2018/03/11107/,11107,シャピュイ　ブランドブラン　1.5L/トラディション　1.5L,2018-03-22,1,2,★激安マグナムシャンパーニュ入荷!!★　| シャピュイ　ブランドブラン　1.5L
1221,シャピュイ トラディション 1.5L,シャピュイ　トラディション　1.5L,5900,￥５，９００（税別）,税抜,,http://charme-du-vin.com/2018/03/11107/,11107,シャピュイ　ブランドブラン　1.5L/トラディション　1.5L,2018-03-22,2,2,
1222,ペリエジュエ ベルエポック ラベル不良,ペリエジュエ　ベルエポック　ラベル不良,17000,￥１７，０００（税別）,税抜,,http://charme-du-vin.com/2018/03/10955/,10955,SALE!!ペリエジュエ　ベルエポック　ラベル不良,2018-03-08,1,1,
1223,ポールロジェ サーウィンストンチャーチル 06 750ml,ポールロジェ　サーウィンストンチャーチル　06　750ml,19000,￥１９，０００（税別）,税抜,,http://charme-du-vin.com/2018/03/10843/,10843,ポールロジェ　サーウィンストンチャーチル　06　750ml,2018-03-02,1,1,
1224,ニコラフィアット ブリュットレゼルヴ エディションリミテッド,ニコラフィアット　ブリュットレゼルヴ　エディションリミテッド,4200,￥４，２００（税別）,税抜,,http://charme-du-vin.com/2018/03/10840/,10840,ニコラフィアット　ブリュットレゼルヴ　エディションリミテッド,2018-03-02,1,1,
1225,アンドレクルエ V6 エクスペリエンス,アンドレクルエ　V6　エクスペリエンス,5800,￥５，８００（税別）,税抜,,http://charme-du-vin.com/2018/02/10756/,10756,アンドレクルエ　V6　エクスペリエンス,2018-02-17,1,1,
1226,完売いたしました! ジャクソン キュヴェ 735 デゴルジュマンタルディフ,完売いたしました！　ジャクソン　キュヴェ　735　デゴルジュマンタルディフ,7000,￥７，０００（税別）,税抜,,http://charme-du-vin.com/2018/02/10640/,10640,ジャクソン　キュヴェ　735　デコルジュマンタルディフ,2018-02-09,1,1,
1227,エティエンヌルフェーヴル ブランドノワール,エティエンヌルフェーヴル　ブランドノワール,4300,"￥４,３００（税別）",税抜,,http://charme-du-vin.com/2018/02/10598/,10598,エティエンヌルフェーヴル　ブランドノワール,2018-02-05,1,1,
1228,エティエンヌルフェーヴル ブリュットレゼルヴ カルトドール 1.5L,エティエンヌルフェーヴル　ブリュットレゼルヴ　カルトドール　１．５Ｌ,8800,"￥８,８００（税別）",税抜,,http://charme-du-vin.com/2018/02/10595/,10595,エティエンヌルフェーヴル　ブリュットレゼルヴ　カルトドール,2018-02-05,1,2,
1229,エティエンヌルフェーヴル ブリュットレゼルヴ カルトドール,エティエンヌルフェーヴル　ブリュットレゼルヴ　カルトドール,3800,"￥３,８００（税別）",税抜,,http://charme-du-vin.com/2018/02/10595/,10595,エティエンヌルフェーヴル　ブリュットレゼルヴ　カルトドール,2018-02-05,2,2,
1230,クレモンペルスヴァル エクストラブリュット 2010,クレモンペルスヴァル　エクストラブリュット　2010,6900,￥６，９００（税別）,税抜,,http://charme-du-vin.com/2018/02/10540/,10540,クレモンペルスヴァル　エクストラブリュット　2010/ブランドブラン　レルーロー　2011,2018-02-02,1,2,
1231,クレモンペルスヴァル ブランドブラン レルーロー 2011,クレモンペルスヴァル　ブランドブラン　レルーロー　2011,8500,￥８，５００（税別）,税抜,,http://charme-du-vin.com/2018/02/10540/,10540,クレモンペルスヴァル　エクストラブリュット　2010/ブランドブラン　レルーロー　2011,2018-02-02,2,2,
1232,クレモンペルスヴァル 1erクリュ シャムリー ブリュット,クレモンペルスヴァル　1erクリュ　シャムリー　ブリュット,5900,￥５，９００（税別）,税抜,,http://charme-du-vin.com/2018/02/10537/,10537,クレモンペルスヴァル　1erクリュ　シャムリー　ブリュット/ブランドブラン　ブリュット　1erクリュ/ブランドノワール　ブリュット 1erクリュ,2018-02-02,1,3,
1233,クレモンペルスヴァル ブランドブラン ブリュット 1erクリュ,クレモンペルスヴァル　ブランドブラン　ブリュット　1erクリュ,6200,￥６，２００（税別）,税抜,,http://charme-du-vin.com/2018/02/10537/,10537,クレモンペルスヴァル　1erクリュ　シャムリー　ブリュット/ブランドブラン　ブリュット　1erクリュ/ブランドノワール　ブリュット 1erクリュ,2018-02-02,2,3,
1234,クレモンペルスヴァル ブランドノワール ブリュット 1erクリュ,クレモンペルスヴァル　ブランドノワール　ブリュット 1erクリュ,6200,￥６，２００（税別）,税抜,,http://charme-du-vin.com/2018/02/10537/,10537,クレモンペルスヴァル　1erクリュ　シャムリー　ブリュット/ブランドブラン　ブリュット　1erクリュ/ブランドノワール　ブリュット 1erクリュ,2018-02-02,3,3,
1235,ルイロデレール クリスタル 09 ビンキズ,ルイロデレール　クリスタル　０９　ビンキズ,19500,"￥１９,５００（税別）",税抜,,http://charme-du-vin.com/2018/01/10454/,10454,ＳＡＬＥ！！ルイロデレール　クリスタル　０９　ビンキズ,2018-01-24,1,1,★ＳＡＬＥ！！★　| ルイロデレール　クリスタル　０９　ビンキズ
1236,アルマンドブリニャック ブリュット ラベル不良のため,アルマンドブリニャック　ブリュット　ラベル不良のため,21000,"￥２１,０００（税別）",税抜,,http://charme-du-vin.com/2018/01/10354/,10354,ＳＡＬＥ！！アルマンドブリニャック　ブリュット　ラベル不良のため,2018-01-17,1,1,★ＳＡＬＥ！！★　| アルマンドブリニャック　ブリュット　ラベル不良のため
1237,ルイロデレール ブリュット ナチュール 09,ルイロデレール　ブリュット　ナチュール　０９,9500,"￥９,５００（税別）",税抜,,http://charme-du-vin.com/2018/01/10339/,10339,ルイロデレール　ブリュット　ナチュール　０９,2018-01-13,1,1,
1238,ジャクソン キュヴェ 740,ジャクソン　キュヴェ　７４０,5500,￥５，５００（税別）,税抜,,http://charme-du-vin.com/2018/01/10336/,10336,ジャクソン　キュヴェ　７４０,2018-01-12,1,1,
1239,ボランジェ グランダネ 2007,ボランジェ　グランダネ　２００７,12800,"￥１２,８００（税別）",税抜,,http://charme-du-vin.com/2018/01/10302/,10302,ボランジェ　グランダネ　２００７,2018-01-09,1,1,
1240,キャティア ブリュット サファイヤゴールドラベル,キャティア　ブリュット　サファイヤゴールドラベル,14000,"￥１４,０００（税別）",税抜,,http://charme-du-vin.com/2017/12/10287/,10287,キャティア　ブリュット　サファイヤゴールドラベル,2017-12-27,1,1,
1241,キャティア クロ デュ ムーラン,キャティア　クロ　デュ　ムーラン,7800,"￥７,８００（税別）",税抜,,http://charme-du-vin.com/2017/12/10284/,10284,キャティア　クロ　デュ　ムーラン,2017-12-27,1,1,
1242,キャティア ブリュット 750ml,キャティア　ブリュット　７５０ｍｌ,2400,"￥２,４００（税別）",税抜,,http://charme-du-vin.com/2017/12/10281/,10281,キャティア　ブリュット,2017-12-27,1,2,
1243,キャティア ブリュット 357ml,キャティア　ブリュット　３５７ｍｌ,1800,"￥１,８００（税別）",税抜,,http://charme-du-vin.com/2017/12/10281/,10281,キャティア　ブリュット,2017-12-27,2,2,
1244,キャティア 1ERクリュ ブリュット 1.5L,キャティア　１ＥＲクリュ　ブリュット　１．５Ｌ,7200,"￥７,２００（税別）",税抜,,http://charme-du-vin.com/2017/12/10278/,10278,キャティア　１ＥＲクリュ　ブリュット　１．５Ｌ,2017-12-27,1,1,
1245,ボランジェ ロゼ 2006,ボランジェ　ロゼ　2006,11500,￥１１，５００（税別）,税抜,,http://charme-du-vin.com/2017/12/10268/,10268,ボランジェ　ロゼ　2006,2017-12-25,1,1,
1246,ドエミドスーザ キュヴェ UMAMI,ドエミドスーザ　キュヴェ　UMAMI,18000,￥１８，０００（税別）,税抜,,http://charme-du-vin.com/2017/12/10265/,10265,ドエミドスーザ　キュヴェ　UMAMI,2017-12-25,1,1,
1247,ローズドジャンヌ レウルシュレ ブランドノワール 13,ローズドジャンヌ　レウルシュレ　ブランドノワール　１３,16000,"￥１６,０００（税別）",税抜,,http://charme-du-vin.com/2017/12/10244/,10244,ローズドジャンヌ　レウルシュレ　ブランドノワール　１３/ オートランブレ　ブランドブラン　１１,2017-12-22,1,2,
1248,ローズドジャンヌ オートランブレ ブランドブラン 11,ローズドジャンヌ　オートランブレ　ブランドブラン　１１,16500,"￥１６,５００（税別）",税抜,,http://charme-du-vin.com/2017/12/10244/,10244,ローズドジャンヌ　レウルシュレ　ブランドノワール　１３/ オートランブレ　ブランドブラン　１１,2017-12-22,2,2,
1249,ローズドジャンヌ コートドヴァルヴィレーヌ 15,ローズドジャンヌ　コートドヴァルヴィレーヌ　１５,8800,"￥８,８００（税別）",税抜,,http://charme-du-vin.com/2017/12/10241/,10241,ローズドジャンヌ　コートドヴァルヴィレーヌ　１５ / コートドヴェシャラン　０９,2017-12-22,1,2,
1250,ローズドジャンヌ コートドヴェシャラン 09,ローズドジャンヌ　コートドヴェシャラン　０９,12000,"￥１２,０００（税別）",税抜,,http://charme-du-vin.com/2017/12/10241/,10241,ローズドジャンヌ　コートドヴァルヴィレーヌ　１５ / コートドヴェシャラン　０９,2017-12-22,2,2,
1251,テタンジェ コレクション セバスチャンサルガト 08,テタンジェ　コレクション　セバスチャンサルガト　０８,34000,"￥３４,０００（税別）",税抜,,http://charme-du-vin.com/2017/12/10238/,10238,テタンジェ　コレクション　セバスチャンサルガト　０８,2017-12-22,1,1,
1252,ポールロジェ ブリュットレゼルヴ 15L ナビュコノゾドール,ポールロジェ　ブリュットレゼルヴ　１５Ｌ　ナビュコノゾドール,180000,"￥１８０,０００（税別）",税抜,,http://charme-du-vin.com/2017/12/10230/,10230,ポールロジェ　ブリュットレゼルヴ　１５Ｌ・１２Ｌ・９Ｌ・６Ｌ・３Ｌ・１.５Ｌ・７５０ｍｌ,2017-12-20,1,7,
1253,ポールロジェ ブリュットレゼルヴ 12L バルタザール,ポールロジェ　ブリュットレゼルヴ　１２Ｌ　バルタザール,128000,"￥１２８,０００（税別）",税抜,,http://charme-du-vin.com/2017/12/10230/,10230,ポールロジェ　ブリュットレゼルヴ　１５Ｌ・１２Ｌ・９Ｌ・６Ｌ・３Ｌ・１.５Ｌ・７５０ｍｌ,2017-12-20,2,7,
1254,ポールロジェ ブリュットレゼルヴ 9L サルマナザール,ポールロジェ　ブリュットレゼルヴ　９Ｌ　サルマナザール,88000,"￥８８,０００（税別）",税抜,,http://charme-du-vin.com/2017/12/10230/,10230,ポールロジェ　ブリュットレゼルヴ　１５Ｌ・１２Ｌ・９Ｌ・６Ｌ・３Ｌ・１.５Ｌ・７５０ｍｌ,2017-12-20,3,7,
1255,ポールロジェ ブリュットレゼルヴ 6L マチュザレム,ポールロジェ　ブリュットレゼルヴ　６Ｌ　マチュザレム,58000,"￥５８,０００（税別）",税抜,,http://charme-du-vin.com/2017/12/10230/,10230,ポールロジェ　ブリュットレゼルヴ　１５Ｌ・１２Ｌ・９Ｌ・６Ｌ・３Ｌ・１.５Ｌ・７５０ｍｌ,2017-12-20,4,7,
1256,ポールロジェ ブリュットレゼルヴ 3L ジェロボアム,ポールロジェ　ブリュットレゼルヴ　３Ｌ　ジェロボアム,28000,"￥２８,０００（税別）",税抜,,http://charme-du-vin.com/2017/12/10230/,10230,ポールロジェ　ブリュットレゼルヴ　１５Ｌ・１２Ｌ・９Ｌ・６Ｌ・３Ｌ・１.５Ｌ・７５０ｍｌ,2017-12-20,5,7,
1257,ポールロジェ ブリュットレゼルヴ 1.5L マグナム,ポールロジェ　ブリュットレゼルヴ　１．５Ｌ　マグナム,10500,"￥１０,５００（税別）",税抜,,http://charme-du-vin.com/2017/12/10230/,10230,ポールロジェ　ブリュットレゼルヴ　１５Ｌ・１２Ｌ・９Ｌ・６Ｌ・３Ｌ・１.５Ｌ・７５０ｍｌ,2017-12-20,6,7,
1258,ポールロジェ ブリュットレゼルヴ 750ml,ポールロジェ　ブリュットレゼルヴ　７５０ｍｌ,4400,"￥４,４００（税別）",税抜,,http://charme-du-vin.com/2017/12/10230/,10230,ポールロジェ　ブリュットレゼルヴ　１５Ｌ・１２Ｌ・９Ｌ・６Ｌ・３Ｌ・１.５Ｌ・７５０ｍｌ,2017-12-20,7,7,
1259,ペリエジュエ ベルエポック ラベル不良 ビンキズ,ペリエジュエ　ベルエポック　ラベル不良　ビンキズ,17000,"￥１７,０００（税別）",税抜,,http://charme-du-vin.com/2017/12/10168/,10168,ペリエジュエ　ベルエポック　ラベル不良　ビンキズ,2017-12-16,1,1,
1260,パイパーエドシック エッセンシャル グラスパック,パイパーエドシック　エッセンシャル　グラスパック,4000,"￥４,０００（税別）",税抜,,http://charme-du-vin.com/2017/12/10164/,10164,パイパーエドシック　エッセンシャル　グラスパック,2017-12-16,1,1,
1261,スェナン ブランドブラン オワリー グランクリュ,スェナン　ブランドブラン　オワリー　グランクリュ,5950,￥５，９５０（税別）,税抜,,http://charme-du-vin.com/2017/12/10161/,10161,スェナン　ブランドブラン　オワリー　グランクリュ/ブランドブラン　C+C　グランクリュ,2017-12-15,1,2,
1262,スェナン ブランドブラン C+C グランクリュ,スェナン　ブランドブラン　C+C　グランクリュ,6700,￥６，７００（税別）,税抜,,http://charme-du-vin.com/2017/12/10161/,10161,スェナン　ブランドブラン　オワリー　グランクリュ/ブランドブラン　C+C　グランクリュ,2017-12-15,2,2,
1263,アルマンドブリニャック グリーン 箱キズ,アルマンドブリニャック　グリーン　箱キズ,42000,￥４２，０００（税別）,税抜,,http://charme-du-vin.com/2017/12/10132/,10132,SALE!!アルマンドブリニャック　グリーン　箱キズ,2017-12-14,1,1,★SALE商品!!★　| アルマンドブリニャック　グリーン　箱キズ
1264,サロン 06,サロン　０６,60000,"￥６０,０００（税別）",税抜,,http://charme-du-vin.com/2017/12/10116/,10116,サロン　０６,2017-12-13,1,1,
1265,ユリスコラン レマイヨン ブランドノワール EXブリュット,ユリスコラン　レマイヨン　ブランドノワール　EXブリュット,10000,￥１０，０００（税別）,税抜,,http://charme-du-vin.com/2017/12/10055/,10055,ユリスコラン　レマイヨン　ブランドノワール　EXブリュット,2017-12-08,1,1,
1266,パイパーエドシック レア ロゼ 07,パイパーエドシック　レア　ロゼ　07,42000,￥４２，０００（税別）,税抜,,http://charme-du-vin.com/2017/12/10050/,10050,パイパーエドシック　レア　ロゼ　07/パイパーエドシック　レアヴィンテージ　02,2017-12-08,1,2,
1267,パイパーエドシック レアヴィンテージ 02,パイパーエドシック　レアヴィンテージ　02,16000,￥１６，０００（税別）,税抜,,http://charme-du-vin.com/2017/12/10050/,10050,パイパーエドシック　レア　ロゼ　07/パイパーエドシック　レアヴィンテージ　02,2017-12-08,2,2,
1268,パイパーエドシック ブリュット リップスティック,パイパーエドシック　ブリュット　リップスティック,7000,￥７，０００（税別）,税抜,,http://charme-du-vin.com/2017/12/10046/,10046,パイパーエドシック　ブリュット　リップスティック/パイパーエドシック　ブリュット　ジャケット,2017-12-08,1,2,★限定商品につきお早めに!!★　| パイパーエドシック　ブリュット　リップスティック　| （赤いリップの蓋を開けるとワインクーラーになります!）
1269,パイパーエドシック ブリュット ジャケット,パイパーエドシック　ブリュット　ジャケット,4400,￥４，４００（税別）,税抜,,http://charme-du-vin.com/2017/12/10046/,10046,パイパーエドシック　ブリュット　リップスティック/パイパーエドシック　ブリュット　ジャケット,2017-12-08,2,2,
1270,ドンペリニョン レゼルヴ ドラベイ 95,ドンペリニョン　レゼルヴ　ドラベイ　95,75000,￥７５，０００（税別）,税抜,,http://charme-du-vin.com/2017/12/10043/,10043,ドンペリニョン　レゼルヴ　ドラベイ　95,2017-12-08,1,1,
1271,バルノー グランレゼルヴ 1500ml,バルノー　グランレゼルヴ　１５００ｍｌ,8300,"￥８,３００（税別）",税抜,,http://charme-du-vin.com/2017/12/10037/,10037,バルノー　グランレゼルヴ　１５００ｍｌ,2017-12-07,1,1,
1272,ルイロデレール クリスタル,ルイロデレール　クリスタル,22000,￥２２，０００（税別）,税抜,,http://charme-du-vin.com/2017/12/9955/,9955,ルイロデレール　クリスタル,2017-12-04,1,1,
1273,クロード カザル クロカザル 05,クロード　カザル　クロカザル　05,12000,￥１２，０００（税別）,税抜,,http://charme-du-vin.com/2017/12/9952/,9952,クロード　カザル　クロカザル　05,2017-12-04,1,1,
1274,クロード カザル ラシャペルデュクロ 09,クロード　カザル　ラシャペルデュクロ　09,7800,￥７，８００（税別）,税抜,,http://charme-du-vin.com/2017/12/9947/,9947,クロード　カザル　ラシャペルデュクロ　09,2017-12-04,1,1,
1275,クロード カザル カルトドール 1500ml,クロード　カザル　カルトドール　1500ml,7900,￥７，９００（税別）,税抜,,http://charme-du-vin.com/2017/12/9943/,9943,クロード　カザル　カルトドール　1500ml/750ml/375ml,2017-12-04,1,3,
1276,クロード カザル カルトドール 750ml,クロード　カザル　カルトドール　750ml,3300,￥３，３００（税別）,税抜,,http://charme-du-vin.com/2017/12/9943/,9943,クロード　カザル　カルトドール　1500ml/750ml/375ml,2017-12-04,2,3,
1277,クロード カザル カルトドール 375ml,クロード　カザル　カルトドール　375ml,2100,￥２，１００（税別）,税抜,,http://charme-du-vin.com/2017/12/9943/,9943,クロード　カザル　カルトドール　1500ml/750ml/375ml,2017-12-04,3,3,
1278,エグリウーリエ ラタフィア 700ml,エグリウーリエ　ラタフィア　７００ｍｌ,5000,"￥５,０００（税別）",税抜,,http://charme-du-vin.com/2017/12/9939/,9939,エグリウーリエ　ラタフィア　７００ｍｌ,2017-12-02,1,1,
1279,エグリウーリエ ブリュット ミレジメ 05,エグリウーリエ　ブリュット　ミレジメ　０５,12000,"￥１２,０００（税別）",税抜,,http://charme-du-vin.com/2017/12/9936/,9936,エグリウーリエ　ブリュット　ミレジメ　０５,2017-12-02,1,1,
1280,スエナン ブリュット ロゼ,スエナン　ブリュット　ロゼ,6200,￥６，２００（税別）,税抜,,http://charme-du-vin.com/2017/12/9885/,9885,スエナン　ブリュット　ロゼ/スエナン　MBDA　2485　エクストラブリュット,2017-12-01,1,2,
1281,スエナン MBDA 2485 エクストラブリュット,スエナン　MBDA　2485　エクストラブリュット,8400,￥８，４００（税別）,税抜,,http://charme-du-vin.com/2017/12/9885/,9885,スエナン　ブリュット　ロゼ/スエナン　MBDA　2485　エクストラブリュット,2017-12-01,2,2,
1282,ロワイエ キュヴェレゼルヴブリュット,ロワイエ　キュヴェレゼルヴブリュット,2900,￥２，９００（税別）,税抜,,http://charme-du-vin.com/2017/11/9862/,9862,ロワイエ　キュヴェレゼルヴブリュット,2017-11-30,1,1,
1283,ドントグルレ プレステージ ド ムーラン ブランドブラン,ドントグルレ　プレステージ　ド　ムーラン　ブランドブラン,6800,"￥６,８００（税別）",税抜,,http://charme-du-vin.com/2017/11/9856/,9856,ドントグルレ　プレステージ　ド　ムーラン　ブランドブラン,2017-11-29,1,1,
1284,JMセレック ソレサンス ブリュットナチュール,ＪＭセレック　ソレサンス　ブリュットナチュール,5500,"￥５,５００（税別）",税抜,,http://charme-du-vin.com/2017/11/9853/,9853,ＪＭセレック　ソレサンス　ブリュットナチュール,2017-11-29,1,1,
1285,ジャニソンバラドン ヴァンドヴィーユ 1.5L,ジャニソンバラドン　ヴァンドヴィーユ　１．５Ｌ,11000,"￥１１,０００（税別）",税抜,,http://charme-du-vin.com/2017/11/9850/,9850,ジャニソンバラドン　ヴァンドヴィーユ　１．５Ｌ,2017-11-29,1,1,
1286,ベルナールぺルトワ キュヴェレゼルヴ ブランドブラン 3L,ベルナールぺルトワ　キュヴェレゼルヴ　ブランドブラン　３Ｌ,21000,"￥２１,０００（税別）",税抜,,http://charme-du-vin.com/2017/11/9846/,9846,ベルナールペルトワ　キュヴェレゼルヴ　ブランドブラン　３Ｌ,2017-11-29,1,1,
1287,ドラモット ブランドブラン 07,ドラモット　ブランドブラン　07,7200,￥７，２００（税別）,税抜,,http://charme-du-vin.com/2017/11/9786/,9786,ドラモット　ブランドブラン　07,2017-11-24,1,1,
1288,テタンジェ コントドシャンパーニュ 06,テタンジェ　コントドシャンパーニュ　06,14000,￥１４，０００（税別）,税抜,,http://charme-du-vin.com/2017/11/9783/,9783,テタンジェ　コントドシャンパーニュ　06,2017-11-24,1,1,
1289,テタンジェ ブリュットレゼルヴ 750m,テタンジェ　ブリュットレゼルヴ　７５０ｍ,3900,￥３，９００（税別）,税抜,,http://charme-du-vin.com/2017/11/9778/,9778,テタンジェ　ブリュットレゼルヴ　７５０ｍ,2017-11-20,1,1,
1290,ボランジェ R.D 99 1.5L,ボランジェ　R.D　99　1.5L,47000,￥４７，０００（税別）,税抜,,http://charme-du-vin.com/2017/11/9752/,9752,ボランジェ　R.D　99　1.5L,2017-11-17,1,1,
1291,マリークルタン エロカンス ブランドブラン,マリークルタン　エロカンス　ブランドブラン,8000,"￥８,０００（税別）",税抜,,http://charme-du-vin.com/2017/11/9714/,9714,マリークルタン　エロカンス　ブランドブラン,2017-11-15,1,1,
1292,モエシャンドン エムシースリー,モエシャンドン　エムシースリー,49000,"￥４９,０００（税別）",税抜,,http://charme-du-vin.com/2017/11/9711/,9711,モエシャンドン　エムシースリー,2017-11-15,1,1,
1293,アルマンドブリニャック グリーン,アルマンドブリニャック　グリーン,56000,"￥５６,０００（税別）",税抜,,http://charme-du-vin.com/2017/11/9702/,9702,アルマンドブリニャック　グリーン／アルマンドブリニャック　ブランドブラン　シルバー,2017-11-14,1,2,
1294,アルマンドブリニャック ブランドブラン シルバー,アルマンドブリニャック　ブランドブラン　シルバー,80000,"￥８０,０００（税別）",税抜,,http://charme-du-vin.com/2017/11/9702/,9702,アルマンドブリニャック　グリーン／アルマンドブリニャック　ブランドブラン　シルバー,2017-11-14,2,2,
1295,アルマンドブリニャック ブリュット,アルマンドブリニャック　ブリュット,33000,"￥３３,０００（税別）",税抜,,http://charme-du-vin.com/2017/11/9700/,9700,アルマンドブリニャック　ブリュット／アルマンドブリニャック　ドミセック／アルマンドブリニャック　ロゼ,2017-11-14,1,3,
1296,アルマンドブリニャック ドミセック,アルマンドブリニャック　ドミセック,50000,"￥５０,０００（税別）",税抜,,http://charme-du-vin.com/2017/11/9700/,9700,アルマンドブリニャック　ブリュット／アルマンドブリニャック　ドミセック／アルマンドブリニャック　ロゼ,2017-11-14,2,3,
1297,アルマンドブリニャック ロゼ,アルマンドブリニャック　ロゼ,43000,"￥４３,０００（税別）",税抜,,http://charme-du-vin.com/2017/11/9700/,9700,アルマンドブリニャック　ブリュット／アルマンドブリニャック　ドミセック／アルマンドブリニャック　ロゼ,2017-11-14,3,3,
1298,ランソン ノーブルキュヴェ 2000,ランソン　ノーブルキュヴェ　２０００,5200,￥５，２００（税別）,税抜,,http://charme-du-vin.com/2017/11/9639/,9639,ランソン　ノーブルキュヴェ　２０００,2017-11-09,1,1,
1299,パスカルドケ ルメニル ブランドブラン 04,パスカルドケ　ルメニル　ブランドブラン　０４,8600,￥８，６００（税別）,税抜,,http://charme-du-vin.com/2017/11/9636/,9636,パスカルドケ　ルメニル　ブランドブラン　０４,2017-11-09,1,1,
1300,ミシェル アルノー グランレゼルヴ 1.5L,ミシェル アルノー　グランレゼルヴ　1.5L,9800,￥９，８００（税別）,税抜,,http://charme-du-vin.com/2017/11/9633/,9633,ミシェル アルノー　グランレゼルヴ　1.5L,2017-11-09,1,1,
1301,アンリジロー オマージュドフランソワエマール 1.5L,アンリジロー　オマージュドフランソワエマール　１．５Ｌ,11800,"￥１１,８００（税別）",税抜,,http://charme-du-vin.com/2017/11/9595/,9595,アンリジロー　オマージュドフランソワエマール　１．５Ｌ,2017-11-07,1,1,
1302,アルマンドブリニャック ブリュット,アルマンドブリニャック　ブリュット,33000,"￥３３,０００（税別）",税抜,,http://charme-du-vin.com/2017/11/9513/,9513,アルマンドブリニャック　ブリュット,2017-11-01,1,1,
1303,ギーシャルルマーニュ ブランドブラン 1.5L,ギーシャルルマーニュ　ブランドブラン　1.5L,13000,"￥１３,０００（税別）",税抜,,http://charme-du-vin.com/2017/10/9453/,9453,ギーシャルルマーニュ　ブランドブラン　1.5L／ブリュットクラシック／ブリュットナチューレ／ブランドブラン１２,2017-10-30,1,4,
1304,ギーシャルルマーニュ ブリュットクラシック,ギーシャルルマーニュ　ブリュットクラシック,5200,"￥５,２００（税別）",税抜,,http://charme-du-vin.com/2017/10/9453/,9453,ギーシャルルマーニュ　ブランドブラン　1.5L／ブリュットクラシック／ブリュットナチューレ／ブランドブラン１２,2017-10-30,2,4,
1305,ギーシャルルマーニュ ブリュットナチューレ,ギーシャルルマーニュ　ブリュットナチューレ,5700,"￥５,７００（税別）",税抜,,http://charme-du-vin.com/2017/10/9453/,9453,ギーシャルルマーニュ　ブランドブラン　1.5L／ブリュットクラシック／ブリュットナチューレ／ブランドブラン１２,2017-10-30,3,4,
1306,ギーシャルルマーニュ ブランドブラン12,ギーシャルルマーニュ　ブランドブラン１２,7600,"￥７,６００（税別）",税抜,,http://charme-du-vin.com/2017/10/9453/,9453,ギーシャルルマーニュ　ブランドブラン　1.5L／ブリュットクラシック／ブリュットナチューレ／ブランドブラン１２,2017-10-30,4,4,
1307,モレル リセイ ロゼ ド セニエ 1500ml,モレル　リセイ　ロゼ　ド　セニエ　1500ml,11000,"￥１１,０００（税別）",税抜,,http://charme-du-vin.com/2017/10/9449/,9449,モレル　リセイ　ロゼ　ド　セニエ　1500ml／シャルリエ　プレステージロゼ　1.5L,2017-10-30,1,2,
1308,シャルリエ プレステージロゼ 1.5L,シャルリエ　プレステージロゼ　1.5L,11000,"￥１１,０００（税別）",税抜,,http://charme-du-vin.com/2017/10/9449/,9449,モレル　リセイ　ロゼ　ド　セニエ　1500ml／シャルリエ　プレステージロゼ　1.5L,2017-10-30,2,2,
1309,エリックロデズ ブランドノワール 1.5L,エリックロデズ　ブランドノワール　1.5L,13000,"￥１３,０００（税別）",税抜,,http://charme-du-vin.com/2017/10/9444/,9444,エリックロデズ　ブランドノワール　1.5L／キュヴェクレイエール　1.5L／ピノノワール04　アンプランテドテロワール,2017-10-30,1,3,
1310,エリックロデズ キュヴェクレイエール 1.5L,エリックロデズ　キュヴェクレイエール　1.5L,12500,"￥１２,５００（税別）",税抜,,http://charme-du-vin.com/2017/10/9444/,9444,エリックロデズ　ブランドノワール　1.5L／キュヴェクレイエール　1.5L／ピノノワール04　アンプランテドテロワール,2017-10-30,2,3,
1311,エリックロデズ ピノノワール04 アンプランテドテロワール,エリックロデズ　ピノノワール04　アンプランテドテロワール,22000,"￥２２,０００",,,http://charme-du-vin.com/2017/10/9444/,9444,エリックロデズ　ブランドノワール　1.5L／キュヴェクレイエール　1.5L／ピノノワール04　アンプランテドテロワール,2017-10-30,3,3,
1312,ヴィルマール グランレゼルヴ 1.5L,ヴィルマール　グランレゼルヴ　1.5L,12500,"￥１２,５００（税別）",税抜,,http://charme-du-vin.com/2017/10/9441/,9441,ヴィルマール　グランレゼルヴ　1.5L,2017-10-30,1,1,
1313,ポールバラ スペシャルクラブ 2005,ポールバラ　スペシャルクラブ　2005,9800,"￥９,８００（税別）",税抜,,http://charme-du-vin.com/2017/10/9437/,9437,ポールバラ　スペシャルクラブ　2005／ポールバラ　ブージーブリュット　2008,2017-10-30,1,2,
1314,ポールバラ ブージーブリュット 2008,ポールバラ　ブージーブリュット　2008,6400,"￥６,４００（税別）",税抜,,http://charme-du-vin.com/2017/10/9437/,9437,ポールバラ　スペシャルクラブ　2005／ポールバラ　ブージーブリュット　2008,2017-10-30,2,2,
1315,ギーラルマンディエ 1er キュヴェ GL,ギーラルマンディエ　１er　キュヴェ　GL,5200,"￥５,２００（税別）",税抜,,http://charme-du-vin.com/2017/10/9432/,9432,ギーラルマンディエ　１er　キュヴェ　GL／ギーラルマンディエ　ブランドブラン　1.5L,2017-10-30,1,2,
1316,ギーラルマンディエ ブランドブラン 1.5L,ギーラルマンディエ　ブランドブラン　1.5L,13000,"￥１３,０００（税別）",税抜,,http://charme-du-vin.com/2017/10/9432/,9432,ギーラルマンディエ　１er　キュヴェ　GL／ギーラルマンディエ　ブランドブラン　1.5L,2017-10-30,2,2,
1317,ガティノワ グランクリュ レゼルヴ ブリュット,ガティノワ　グランクリュ　レゼルヴ　ブリュット,5700,"￥５,７００（税別）",税抜,,http://charme-du-vin.com/2017/10/9428/,9428,ガティノワ　グランクリュ　レゼルヴ　ブリュット,2017-10-30,1,2,
1318,ガティノワ グランクリュ レゼルヴ ブリュット 1.5L,ガティノワ　グランクリュ　レゼルヴ　ブリュット　1.5L,13000,"￥１３,０００（税別）",税抜,,http://charme-du-vin.com/2017/10/9428/,9428,ガティノワ　グランクリュ　レゼルヴ　ブリュット,2017-10-30,2,2,
1319,クリュッグ グランドキュヴェ マグナム 1500ml,クリュッグ　グランドキュヴェ　マグナム　１５００ｍｌ,47000,"￥４７,０００（税別）",税抜,,http://charme-du-vin.com/2017/10/9371/,9371,クリュッグ　グランドキュヴェ　マグナム　１５００ｍｌ,2017-10-18,1,1,
1320,アンドレクルエ シルヴァー 1.5L,アンドレクルエ　シルヴァー　１．５Ｌ,9500,"￥９,５００（税別）",税抜,,http://charme-du-vin.com/2017/10/9356/,9356,アンドレクルエ　シルヴァー　１．５Ｌ,2017-10-18,1,1,
1321,アンドレクルエ ドリームヴィンテージ 06,アンドレクルエ　ドリームヴィンテージ　０６,7000,"￥７,０００（税別）",税抜,,http://charme-du-vin.com/2017/10/9287/,9287,アンドレクルエ　ドリームヴィンテージ　０６　 / 　０９,2017-10-11,1,2,
1322,アンドレクルエ ドリームヴィンテージ 09,アンドレクルエ　ドリームヴィンテージ　０９,7000,"￥７,０００（税別）",税抜,,http://charme-du-vin.com/2017/10/9287/,9287,アンドレクルエ　ドリームヴィンテージ　０６　 / 　０９,2017-10-11,2,2,
1323,シャピュイ トラディション 1.5L,シャピュイ　トラディション　１．５Ｌ,5800,"￥５,８００（税別）",税抜,,http://charme-du-vin.com/2017/10/9283/,9283,シャピュイ　トラディション　１．５Ｌ　/  シャピュイ　ブランドブラン　１．５Ｌ,2017-10-11,1,2,
1324,シャピュイ ブランドブラン 1.5L,シャピュイ　ブランドブラン　１．５Ｌ,7600,"￥７,６００（税別）",税抜,,http://charme-du-vin.com/2017/10/9283/,9283,シャピュイ　トラディション　１．５Ｌ　/  シャピュイ　ブランドブラン　１．５Ｌ,2017-10-11,2,2,
1325,アンドレクルエ グランレゼルヴ 1.5L,アンドレクルエ　グランレゼルヴ　１．５Ｌ,9600,"￥９,６００（税別）",税抜,,http://charme-du-vin.com/2017/10/9280/,9280,アンドレクルエ　グランレゼルヴ　１．５Ｌ,2017-10-11,1,1,
1326,ボランジェ ロゼ 2006,ボランジェ　ロゼ　２００６,11500,"￥１１,５００（税別）",税抜,,http://charme-du-vin.com/2017/10/9115/,9115,ボランジェ　ロゼ　２００６,2017-10-03,1,1,
1327,ニコラフィアット グランドレゼルヴ 750ml,ニコラフィアット　グランドレゼルヴ　７５０ｍｌ,2900,"￥２,９００（税別）",税抜,,http://charme-du-vin.com/2017/10/9111/,9111,ニコラフィアット　グランドレゼルヴ　７５０ｍｌ,2017-10-03,1,1,
1328,ジャックセロス エクスキューズ,ジャックセロス　エクスキューズ,29800,"￥２９,８００（税別）",税抜,,http://charme-du-vin.com/2017/09/9055/,9055,ジャックセロス　エクスキューズ,2017-09-25,1,1,
1329,サヴァール ラコンプリー 1ERクリュ VVブリュット,サヴァール　ラコンプリー　１ＥＲクリュ　ＶＶブリュット,6500,"￥６,５００（税別）",税抜,,http://charme-du-vin.com/2017/09/9052/,9052,サヴァール　ラコンプリー　１ＥＲクリュ　ＶＶブリュット /ルーヴェルチュール　１ＥＲクリュ,2017-09-25,1,2,
1330,サヴァール ルーヴェルチュール 1ERクリュ,サヴァール　ルーヴェルチュール　１ＥＲクリュ,5200,"￥５,２００（税別）",税抜,,http://charme-du-vin.com/2017/09/9052/,9052,サヴァール　ラコンプリー　１ＥＲクリュ　ＶＶブリュット /ルーヴェルチュール　１ＥＲクリュ,2017-09-25,2,2,
1331,ヴィルマール グラン セリエドール 11,ヴィルマール　グラン　セリエドール　１１,8000,"￥８,０００（税別）",税抜,,http://charme-du-vin.com/2017/09/9049/,9049,ヴィルマール　グラン　セリエドール　１１,2017-09-25,1,1,
1332,サロン 06,サロン　０６,60000,"￥６０,０００（税別）",税抜,,http://charme-du-vin.com/2017/09/9028/,9028,サロン　０６,2017-09-22,1,1,
1333,テタンジェ ノックターン セック,テタンジェ　ノックターン　セック,6000,"￥６,０００（税別）",税抜,,http://charme-du-vin.com/2017/09/8976/,8976,テタンジェ　ノックターン　セック,2017-09-20,1,1,
1334,テタンジェ コントドシャンパーニュ 06,テタンジェ　コントドシャンパーニュ　０６,14000,"￥１４,０００（税別）",税抜,,http://charme-du-vin.com/2017/09/8973/,8973,テタンジェ　コントドシャンパーニュ　０６,2017-09-20,1,1,
1335,アルマンドブリニャック ロゼ,アルマンドブリニャック　ロゼ,43000,"￥４３,０００（税別）",税抜,,http://charme-du-vin.com/2017/09/8970/,8970,アルマンドブリニャック　ロゼ,2017-09-20,1,1,
1336,アンリジロー エスプリ ナチュール,アンリジロー　エスプリ　ナチュール,4400,"￥４,４００（税別）",税抜,,http://charme-du-vin.com/2017/09/8942/,8942,アンリジロー　エスプリ　ナチュール,2017-09-15,1,1,
1337,アンリジロー オマージュドフランソワエマール ブリュット,アンリジロー　オマージュドフランソワエマール　ブリュット,5000,"￥５,０００（税別）",税抜,,http://charme-du-vin.com/2017/09/8939/,8939,アンリジロー　オマージュドフランソワエマール　ブリュット,2017-09-15,1,1,
1338,アンリジロー コードノワール ブリュット,アンリジロー　コードノワール　ブリュット,10000,"￥１０,０００（税別）",税抜,,http://charme-du-vin.com/2017/09/8936/,8936,アンリジロー　コードノワール　ブリュット,2017-09-15,1,1,
1339,アンリジロー フット デ シェーン MV10,アンリジロー　フット　デ　シェーン　ＭＶ１０,13000,"￥１３,０００（税別）",税抜,,http://charme-du-vin.com/2017/09/8933/,8933,アンリジロー　フット　デ　シェーン　ＭＶ１０,2017-09-15,1,1,
1340,アンリドヴォージャンシー キュヴェデザムルー ブランドブラン 1.5L,アンリドヴォージャンシー　キュヴェデザムルー　ブランドブラン　１．５Ｌ,11000,"￥１１,０００（税別）",税抜,,http://charme-du-vin.com/2017/09/8915/,8915,アンリドヴォージャンシー　キュヴェデザムルー　ブランドブラン　１．５Ｌ,2017-09-13,1,1,
1341,ローズドジャンヌ ラプレスレ ブランドノワール 11,ローズドジャンヌ　ラプレスレ　ブランドノワール　１１,18000,"￥１８,０００（税別）",税抜,,http://charme-du-vin.com/2017/09/8887/,8887,ローズドジャンヌ　ラプレスレ　ブランドノワール　１１ / レウルシュレ　ブランドノワール　１２,2017-09-11,1,2,
1342,ローズドジャンヌ レウルシュレ ブランドノワール 12,ローズドジャンヌ　レウルシュレ　ブランドノワール　１２,17500,"￥１７,５００（税別）",税抜,,http://charme-du-vin.com/2017/09/8887/,8887,ローズドジャンヌ　ラプレスレ　ブランドノワール　１１ / レウルシュレ　ブランドノワール　１２,2017-09-11,2,2,
1343,ニコラフィアット ブリュットレゼルヴ 375ml,ニコラフィアット　ブリュットレゼルヴ　３７５ｍｌ,2100,"￥２,１００（税別）",税抜,,http://charme-du-vin.com/2017/09/8852/,8852,ニコラフィアット　ブリュットレゼルヴ　３７５ｍｌ,2017-09-08,1,1,
1344,フランソワベデル コム オートルフォア エキストラブリュット,フランソワベデル　コム　オートルフォア　エキストラブリュット,9700,"￥９,７００（税別）",税抜,,http://charme-du-vin.com/2017/09/8782/,8782,フランソワベデル　コム　オートルフォア　エキストラブリュット,2017-09-05,1,1,
1345,フランソワベデル キュヴェ ラムドラテール 02,フランソワベデル　キュヴェ　ラムドラテール　０２,7400,"￥７,４００（税別）",税抜,,http://charme-du-vin.com/2017/09/8779/,8779,フランソワベデル　キュヴェ　ラムドラテール　０２,2017-09-05,1,1,
1346,ニコラフィアット ブランドブラン 06,ニコラフィアット　ブランドブラン　０６,3900,"￥３,９００（税別）",税抜,,http://charme-du-vin.com/2017/09/8776/,8776,ニコラフィアット　ブランドブラン　０６,2017-09-05,1,1,
1347,ニコラフィアット ミレジム 09,ニコラフィアット　ミレジム　０９,4500,"￥４,５００（税別）",税抜,,http://charme-du-vin.com/2017/09/8773/,8773,ニコラフィアット　ミレジム　０９,2017-09-05,1,1,
1348,ボランジェ ラコートオーザンファン コトーシャンプノワ 13,ボランジェ　ラコートオーザンファン　コトーシャンプノワ　１３,12500,"￥１２,５００（税別）",税抜,,http://charme-du-vin.com/2017/08/8661/,8661,ボランジェ　ラコートオーザンファン　コトーシャンプノワ　１３,2017-08-24,1,1,
1349,ボランジェ ヴィエイユ ヴィーニュ フランセーズ 2006,ボランジェ　ヴィエイユ　ヴィーニュ　フランセーズ　２００６,83000,"￥８３,０００（税別）",税抜,,http://charme-du-vin.com/2017/08/8658/,8658,ボランジェ　ヴィエイユ　ヴィーニュ　フランセーズ　２００６,2017-08-24,1,1,
1350,アルマンドブリニャック ブランドブラン シルバー,アルマンドブリニャック　ブランドブラン　シルバー,80000,"￥８０,０００（税別）",税抜,,http://charme-du-vin.com/2017/08/8637/,8637,アルマンドブリニャック　ブランドブラン　シルバー,2017-08-22,1,1,
1351,アヤラ ブリュットナチュール,アヤラ　ブリュットナチュール,4200,"￥４,２００（税別）",税抜,,http://charme-du-vin.com/2017/08/8613/,8613,アヤラ　ブリュットナチュール,2017-08-21,1,1,
1352,ジャニソン ブランドブラン,ジャニソン　ブランドブラン,3950,"￥３,９５０（税別）",税抜,,http://charme-du-vin.com/2017/08/8610/,8610,ジャニソン　ブランドブラン,2017-08-21,1,1,
1353,ギーチボー ブリュットナチューレ グランクリュ 750ml,ギーチボー　ブリュットナチューレ　グランクリュ　７５０ｍｌ,3300,"￥３,３００（税別）",税抜,,http://charme-du-vin.com/2017/08/8607/,8607,ギーチボー　ブリュットナチューレ　グランクリュ,2017-08-21,1,1,
1354,アグラパール ヴェニュス 10,アグラパール　ヴェニュス　１０,15000,"￥１５,０００（税別）",税抜,,http://charme-du-vin.com/2017/08/8604/,8604,アグラパール　ヴェニュス　１０,2017-08-21,1,1,
1355,デュヴァルルロワ フルールドシャンパーニュ,デュヴァルルロワ　フルールドシャンパーニュ,4700,"￥４,７００（税別）",税抜,,http://charme-du-vin.com/2017/08/8601/,8601,デュヴァルルロワ　フルールドシャンパーニュ,2017-08-18,1,1,
1356,ジャックラセーヌ ルコテ エクストラブリュット ブランドブラン,ジャックラセーヌ　ルコテ　エクストラブリュット　ブランドブラン,7600,"￥７,６００（税別）",税抜,,http://charme-du-vin.com/2017/08/8598/,8598,ジャックラセーヌ　ルコテ　エクストラブリュット　ブランドブラン,2017-08-18,1,1,
1357,マリークルタン レゾナンス エキストラブリュット,マリークルタン　レゾナンス　エキストラブリュット,5600,"￥５,６００（税別）",税抜,,http://charme-du-vin.com/2017/08/8595/,8595,マリークルタン　レゾナンス　エキストラブリュット,2017-08-18,1,1,
1358,ドゥーツ ウィリアム ドゥーツ 02,ドゥーツ　ウィリアム　ドゥーツ　０２,13000,"￥１３,０００（税別）",税抜,,http://charme-du-vin.com/2017/08/8592/,8592,ドゥーツ　ウィリアム　ドゥーツ　０２,2017-08-18,1,1,
1359,アンリグートルブ キュヴェトラディション ブリュット 750ml,アンリグートルブ　キュヴェトラディション　ブリュット　７５０ｍｌ,3200,"￥３,２００（税別）",税抜,,http://charme-du-vin.com/2017/08/8523/,8523,アンリグートルブ　キュヴェトラディション　ブリュット,2017-08-07,1,1,
1360,ポルヴェールジャック ブリュット,ポルヴェールジャック　ブリュット,2200,"￥２,２００（税別）",税抜,,http://charme-du-vin.com/2017/07/8401/,8401,ポルヴェールジャック　ブリュット,2017-07-27,1,1,
1361,ジャックセロス レキャレル ブランドブラン,ジャックセロス　レキャレル　ブランドブラン,44000,"￥４４,０００（税別）",税抜,,http://charme-du-vin.com/2017/07/8347/,8347,ジャックセロス　レキャレル　ブランドブラン / ジャックセロス　ラコートファロン　ブランドノワール,2017-07-24,1,2,
1362,ジャックセロス ラコートファロン ブランドノワール,ジャックセロス　ラコートファロン　ブランドノワール,39800,"￥３９,８００（税別）",税抜,,http://charme-du-vin.com/2017/07/8347/,8347,ジャックセロス　レキャレル　ブランドブラン / ジャックセロス　ラコートファロン　ブランドノワール,2017-07-24,2,2,
1363,ジャニソンバラドン ヴァンドヴィーユ ブリュット 1.5L,ジャニソンバラドン　ヴァンドヴィーユ　ブリュット　１．５Ｌ,11000,"￥１１,０００（税別）",税抜,,http://charme-du-vin.com/2017/07/8307/,8307,ジャニソンバラドン　ヴァンドヴィーユ　ブリュット　１．５Ｌ,2017-07-14,1,1,
1364,サロン 06,サロン　０６,60000,"￥６０,０００（税別）",税抜,,http://charme-du-vin.com/2017/07/8260/,8260,サロン　０６,2017-07-13,1,1,
1365,アンドレクルエ ミレジム 02,アンドレクルエ　ミレジム　０２,7600,"￥７,６００（税別）",税抜,,http://charme-du-vin.com/2017/07/8235/,8235,アンドレクルエ　ミレジム　０２,2017-07-10,1,1,
1366,ローランペリエ ブリュット,ローランペリエ　ブリュット,3800,"￥３,８００（税別）",税抜,,http://charme-du-vin.com/2017/07/8187/,8187,ローランペリエ　ブリュット,2017-07-07,1,1,
1367,パイパーエドシック ブリュット ヴィンテージ 08,パイパーエドシック　ブリュット　ヴィンテージ　０８,5400,"￥５,４００（税別）",税抜,,http://charme-du-vin.com/2017/07/8184/,8184,パイパーエドシック　ブリュット　ヴィンテージ　０８,2017-07-07,1,1,
1368,パイパーエドシック ロゼ ソヴァージュ,パイパーエドシック　ロゼ　ソヴァージュ,4900,"￥４,９００（税別）",税抜,,http://charme-du-vin.com/2017/07/8181/,8181,パイパーエドシック　ロゼ　ソヴァージュ,2017-07-07,1,1,
1369,シャルルエドシック ロゼ レゼルヴ,シャルルエドシック　ロゼ　レゼルヴ,6600,"￥６,６００（税別）",税抜,,http://charme-du-vin.com/2017/07/8178/,8178,シャルルエドシック　ロゼ　レゼルヴ,2017-07-07,1,1,
1370,シャルルエドシック ブリュットレゼルヴ 1.5L,シャルルエドシック　ブリュットレゼルヴ　１．５Ｌ,13500,"￥１３,５００（税別）",税抜,,http://charme-du-vin.com/2017/07/8175/,8175,シャルルエドシック　ブリュットレゼルヴ　１．５Ｌ,2017-07-07,1,1,
1371,アンドレクルエ グランレゼルヴ ブリュット 750ml,アンドレクルエ　グランレゼルヴ　ブリュット　７５０ｍｌ,4200,￥４，２００（税別）,税抜,,http://charme-du-vin.com/2017/06/8022/,8022,アンドレクルエ　グランレゼルヴ　ブリュット７５０ｍｌ・１５００ｍｌ,2017-06-24,1,2,
1372,アンドレクルエ グランレゼルヴ ブリュット 1500ml,アンドレクルエ　グランレゼルヴ　ブリュット　１５００ｍｌ,9600,￥９，６００（税別）,税抜,,http://charme-du-vin.com/2017/06/8022/,8022,アンドレクルエ　グランレゼルヴ　ブリュット７５０ｍｌ・１５００ｍｌ,2017-06-24,2,2,
1373,ピエールモンキュイ ブランドブラン 750ml,ピエールモンキュイ　ブランドブラン　７５０ｍｌ,4200,￥４，２００（税別）,税抜,,http://charme-du-vin.com/2017/06/8020/,8020,ピエールモンキュイ　ブランドブラン,2017-06-24,1,1,
1374,サヴァール ラコンプリー 1erクリュ ヴィエイユヴィーニュ エクストラブリュット,サヴァール　ラコンプリー　１ｅｒクリュ　ヴィエイユヴィーニュ　エクストラブリュット,6700,￥６，７００（税別）,税抜,,http://charme-du-vin.com/2017/06/8018/,8018,サヴァール　ラコンプリー　１ｅｒクリュ　ＶＶ　エクストラブリュット,2017-06-24,1,1,
1375,アルマンドブリニャック ブリュット,アルマンドブリニャック　ブリュット,31000,￥３１，０００（税別）,税抜,,http://charme-du-vin.com/2017/06/8003/,8003,アルマンドブリニャック４種,2017-06-24,1,4,
1376,アルマンドブリニャック ロゼ,アルマンドブリニャック　ロゼ,45000,￥４５，０００（税別）,税抜,,http://charme-du-vin.com/2017/06/8003/,8003,アルマンドブリニャック４種,2017-06-24,2,4,
1377,アルマンドブリニャック ブランドブラン シルバー,アルマンドブリニャック　ブランドブラン　シルバー,86000,￥８６，０００（税別）,税抜,,http://charme-du-vin.com/2017/06/8003/,8003,アルマンドブリニャック４種,2017-06-24,3,4,
1378,アルマンドブリニャック ブランドノワール ブラック,アルマンドブリニャック　ブランドノワール　ブラック,98000,￥９８，０００（税別）,税抜,,http://charme-du-vin.com/2017/06/8003/,8003,アルマンドブリニャック４種,2017-06-24,4,4,
1379,ティエリーブールモー グランエクラ,ティエリーブールモー　グランエクラ,4200,"￥４,２００（税別）",税抜,,http://charme-du-vin.com/2017/06/7989/,7989,ティエリーブールモー　グランエクラ,2017-06-22,1,1,
1380,イヴルファン エクストラ ブリュット,イヴルファン　エクストラ　ブリュット,6700,"￥６,７００（税別）",税抜,,http://charme-du-vin.com/2017/06/7986/,7986,イヴルファン　エクストラ　ブリュット・ティエリールファン　０６,2017-06-22,1,2,
1381,イヴルファン ティエリールファン 06,イヴルファン　ティエリールファン　０６,9500,"￥９,５００（税別）",税抜,,http://charme-du-vin.com/2017/06/7986/,7986,イヴルファン　エクストラ　ブリュット・ティエリールファン　０６,2017-06-22,2,2,
1382,ルネ コレ レゼルヴ ブリュット,ルネ　コレ　レゼルヴ　ブリュット,4200,"￥４,２００（税別）",税抜,,http://charme-du-vin.com/2017/06/7982/,7982,ルネ　コレ　レゼルヴ　ブリュット・アンプラントドテロワール・アンティム　エリタージュ,2017-06-22,1,3,
1383,ルネ コレ アンプラントドテロワール,ルネ　コレ　アンプラントドテロワール,5800,"￥５,８００（税別）",税抜,,http://charme-du-vin.com/2017/06/7982/,7982,ルネ　コレ　レゼルヴ　ブリュット・アンプラントドテロワール・アンティム　エリタージュ,2017-06-22,2,3,
1384,ルネ コレ アンティム エリタージュ,ルネ　コレ　アンティム　エリタージュ,9000,"￥９,０００（税別）",税抜,,http://charme-du-vin.com/2017/06/7982/,7982,ルネ　コレ　レゼルヴ　ブリュット・アンプラントドテロワール・アンティム　エリタージュ,2017-06-22,3,3,
1385,アンリドヴォ―ジャンシ― キュヴェデザムルー BB 1.5L,アンリドヴォ―ジャンシ―　キュヴェデザムルー　ＢＢ　１．５Ｌ,11000,"￥１１,０００（税別）",税抜,,http://charme-du-vin.com/2017/06/7973/,7973,アンリドヴォ―ジャンシ―　キュヴェデザムルー　ＢＢ　１．５Ｌ,2017-06-22,1,1,
1386,SALE! GHマム コルドンルージュ 瓶キズのため,ＳＡＬＥ！　ＧＨマム　コルドンルージュ　瓶キズのため,2700,￥２，７００（税別）,税抜,,http://charme-du-vin.com/2017/06/7939/,7939,ＳＡＬＥ！　ＧＨマム　コルドンルージュ　瓶キズのため,2017-06-20,1,1,※完売いたしました。ありがとうございました。　| ＳＡＬＥ！　ＧＨマム　コルドンルージュ　瓶キズのため
1387,フランソワベデル アントル シェル エ テール,フランソワベデル　アントル　シェル　エ　テール,6200,￥６，２００（税別）,税抜,,http://charme-du-vin.com/2017/06/7909/,7909,フランソワベデル　アントル　シェル　エ　テール,2017-06-16,1,1,
1388,アンリオ キュヴェ アンシャンテルール 1998,アンリオ　キュヴェ　アンシャンテルール　１９９８,15000,￥１５，０００（税別）,税抜,,http://charme-du-vin.com/2017/06/7895/,7895,アンリオ　キュヴェ　アンシャンテルール　１９９８,2017-06-16,1,1,
1389,ジャクソン キュヴェ 740,ジャクソン　キュヴェ　７４０,5500,￥５，５００（税別）,税抜,,http://charme-du-vin.com/2017/06/7852/,7852,ジャクソン　キュヴェ　７４０,2017-06-10,1,1,
1390,テタンジェ コント ド シャンパーニュ 2006,テタンジェ　コント　ド　シャンパーニュ　２００６,14000,￥１４，０００（税別）,税抜,,http://charme-du-vin.com/2017/06/7838/,7838,テタンジェ　コント　ド　シャンパーニュ　２００６,2017-06-10,1,1,
1391,ブルーノパイヤール ブリュット,ブルーノパイヤール　ブリュット,3980,￥３，９８０（税別）,税抜,,http://charme-du-vin.com/2017/05/7660/,7660,ブルーノパイヤール　ブリュット,2017-05-27,1,1,
1392,JMラブリュイエール プロローグ ブリュット,ＪＭラブリュイエール　プロローグ　ブリュット,4500,￥４，５００（税別）,税抜,,http://charme-du-vin.com/2017/05/7623/,7623,ＪＭラヴリュイエール　プロローグ　ブリュット,2017-05-23,1,1,
1393,ゴッセ セレブリス 2002,ゴッセ　セレブリス　２００２,11500,￥１１，５００（税別）,税抜,,http://charme-du-vin.com/2017/05/7621/,7621,ゴッセ　セレブリス　２００２,2017-05-23,1,1,
1394,アランロベール ルメニル 1989 1.5L,アランロベール　ルメニル　１９８９　１．５Ｌ,95000,￥９５，０００（税別）,税抜,,http://charme-du-vin.com/2017/05/7610/,7610,アランロベール　ルメニル　１９８９　１．５Ｌ,2017-05-23,1,1,
1395,ルイナール ブランドブラン,ルイナール　ブランドブラン,5800,￥５，８００（税別）,税抜,,http://charme-du-vin.com/2017/05/7584/,7584,ルイナール　ブランドブラン,2017-05-16,1,1,
1396,ジャクソン キュヴェ734 デゴルジュマン タルディフ,ジャクソン　キュヴェ７３４　デゴルジュマン　タルディフ,9400,￥９，４００（税別）,税抜,,http://charme-du-vin.com/2017/05/7576/,7576,ジャクソン　キュヴェ７３４　デゴルジュマン　タルディフ,2017-05-16,1,1,
1397,ヴーヴクリコ リッチ,ヴーヴクリコ　リッチ,6200,￥６，２００（税別）,税抜,,http://charme-du-vin.com/2017/05/7529/,7529,ヴーヴクリコ　リッチ・リッチ　ロゼ,2017-05-11,1,2,
1398,ヴーヴクリコ リッチ ロゼ,ヴーヴクリコ　リッチ　ロゼ,6500,￥６，５００（税別）,税抜,,http://charme-du-vin.com/2017/05/7529/,7529,ヴーヴクリコ　リッチ・リッチ　ロゼ,2017-05-11,2,2,
1399,ボランジェ ヴィエイユヴィーニュ フランセーズ 2006,ボランジェ　ヴィエイユヴィーニュ　フランセーズ　２００６,83000,￥８３，０００（税別）,税抜,,http://charme-du-vin.com/2017/05/7446/,7446,ボランジェ　ヴィエイユヴィーニュ　フランセーズ　２００６,2017-05-02,1,1,
1400,ローズドジャンヌ コートドヴァルヴィレーヌ 14,ローズドジャンヌ　コートドヴァルヴィレーヌ　１４,8200,"￥８,２００（税別）",税抜,,http://charme-du-vin.com/2017/04/7354/,7354,ローズドジャンヌ,2017-04-21,1,4,
1401,ローズドジャンヌ オートランブレ ブランドブラン 12,ローズドジャンヌ　オートランブレ　ブランドブラン　１２,14500,"￥１４,５００（税別）",税抜,,http://charme-du-vin.com/2017/04/7354/,7354,ローズドジャンヌ,2017-04-21,2,4,
1402,ローズドジャンヌ コートドヴェシャラン 09,ローズドジャンヌ　コートドヴェシャラン　０９,11500,"￥１１,５００（税別）",税抜,,http://charme-du-vin.com/2017/04/7354/,7354,ローズドジャンヌ,2017-04-21,3,4,
1403,ローズドジャンヌ レウルシュレ ブランドノワール 12,ローズドジャンヌ　レウルシュレ　ブランドノワール　１２,16000,"￥１６,０００（税別）",税抜,,http://charme-du-vin.com/2017/04/7354/,7354,ローズドジャンヌ,2017-04-21,4,4,
1404,カナールディシェーヌ キュヴェレオニー,カナールディシェーヌ　キュヴェレオニー,3800,"￥３,８００（税別）",税抜,,http://charme-du-vin.com/2017/04/7351/,7351,カナールディシェーヌ　キュヴェレオニー,2017-04-21,1,1,
1405,ドエミ ド スーザ キュヴェUMAMI,ドエミ　ド　スーザ　キュヴェＵＭＡＭＩ,18800,"￥１８,８００（税別）",税抜,,http://charme-du-vin.com/2017/04/7322/,7322,ドエミ　ド　スーザ　キュヴェＵＭＡＭＩ,2017-04-17,1,1,
1406,パトリックスティラン ブランドノワール グランクリュ,パトリックスティラン　ブランドノワール　グランクリュ,5400,"￥５,４００（税別）",税抜,,http://charme-du-vin.com/2017/04/7313/,7313,パトリックスティラン　ブランドノワール　グランクリュ,2017-04-14,1,1,
1407,パトリックスティラン ブランドブラン 1ERクリュ,パトリックスティラン　ブランドブラン　１ＥＲクリュ,5200,"￥５,２００（税別）",税抜,,http://charme-du-vin.com/2017/04/7310/,7310,パトリックスティラン　ブランドブラン　１ＥＲクリュ,2017-04-14,1,1,
1408,ドゥーツ キュヴェウィリアム ドゥーツ 2002,ドゥーツ　キュヴェウィリアム　ドゥーツ　２００２,13000,￥１３，０００（税別）,税抜,,http://charme-du-vin.com/2017/04/7270/,7270,ドゥーツ　キュヴェウィリアム　ドゥーツ　２００２,2017-04-13,1,1,
1409,ドンペリニョン P2 1998,ドンペリニョン　Ｐ２　１９９８,44000,"￥４４,０００（税別）",税抜,,http://charme-du-vin.com/2017/04/7263/,7263,ドンペリニョン　Ｐ２　１９９８,2017-04-10,1,1,
1410,ドンペリニョン レゼルヴ ド ラベイ 93,ドンペリニョン　レゼルヴ　ド　ラベイ　９３,75000,"￥７５,０００（税別）",税抜,,http://charme-du-vin.com/2017/04/7260/,7260,ドンペリニョン　レゼルヴ　ド　ラベイ　９３,2017-04-10,1,1,
1411,SALE! ペリエジュエ ベルエポック ラベル不良・ビンキズのため,ＳＡＬＥ！　ペリエジュエ　ベルエポック　ラベル不良・ビンキズのため,13000,￥１３，０００（税別）,税抜,,http://charme-du-vin.com/2017/04/7225/,7225,ＳＡＬＥ！　ペリエジュエ　ベルエポック　ラベル不良・ビンキズ,2017-04-08,1,1,
1412,テタンジェ プレリュード,テタンジェ　プレリュード,5800,"￥５,８００（税別）",税抜,,http://charme-du-vin.com/2017/04/7204/,7204,テタンジェ　プレリュード,2017-04-07,1,1,
1413,テタンジェ コントドシャンパーニュ 06,テタンジェ　コントドシャンパーニュ　０６,13500,"￥１３,５００（税別）",税抜,,http://charme-du-vin.com/2017/04/7201/,7201,テタンジェ　コントドシャンパーニュ　０６,2017-04-07,1,1,
1414,スェナン ブランドブラン C+C グランクリュ,スェナン　ブランドブラン　Ｃ＋Ｃ　グランクリュ,6700,"￥６,７００（税別）",税抜,,http://charme-du-vin.com/2017/03/7058/,7058,スェナン　ブランドブラン　Ｃ＋Ｃ　グランクリュ,2017-03-24,1,1,
1415,スェナン ブランドブラン オワリー グランクリュ,スェナン　ブランドブラン　オワリー　グランクリュ,5950,"￥５,９５０（税別）",税抜,,http://charme-du-vin.com/2017/03/7055/,7055,スェナン　ブランドブラン　オワリー　グランクリュ,2017-03-24,1,1,
1416,ペリエジュエ ベルエポック ラベル不良・ビンキズ,ペリエジュエ　ベルエポック　ラベル不良・ビンキズ,13000,"￥１３,０００（税別）",税抜,,http://charme-du-vin.com/2017/03/7007/,7007,ＳＡＬＥ！！ペリエジュエ　ベルエポック　ラベル不良・ビンキズ,2017-03-15,1,1,★ＳＡＬＥ！！★　| ペリエジュエ　ベルエポック　ラベル不良・ビンキズ
1417,サロン 02 ラベル不良,サロン　０２　ラベル不良,48000,"￥４８,０００（税別）",税抜,,http://charme-du-vin.com/2017/03/7004/,7004,ＳＡＬＥ！！サロン　０２　ラベル不良,2017-03-15,1,1,★ＳＡＬＥ！！★　| サロン　０２　ラベル不良
1418,クリュッグ グランドキュヴェ ビンキズ,クリュッグ　グランドキュヴェ　ビンキズ,14000,"￥１４,０００（税別）",税抜,,http://charme-du-vin.com/2017/03/6999/,6999,ＳＡＬＥ！！クリュッグ　グランドキュヴェ　ビンキズ,2017-03-15,1,1,★ＳＡＬＥ！！★　| クリュッグ　グランドキュヴェ　ビンキズ
1419,テタンジェ コレクション 86,テタンジェ　コレクション　８６,33000,"￥３３,０００（税別）",税抜,,http://charme-du-vin.com/2017/03/6906/,6906,テタンジェ　コレクション　８６,2017-03-10,1,1,
1420,ジョゼミッシェル トラディション 1500ml,ジョゼミッシェル　トラディション　１５００ｍｌ,6600,"￥６,６００（税別）",税抜,,http://charme-du-vin.com/2017/03/6902/,6902,ジョゼミッシェル　トラディション,2017-03-10,1,2,
1421,ジョゼミッシェル トラディション 750ml,ジョゼミッシェル　トラディション　７５０ｍｌ,3000,"￥３,０００（税別）",税抜,,http://charme-du-vin.com/2017/03/6902/,6902,ジョゼミッシェル　トラディション,2017-03-10,2,2,
1422,ジョゼミッシェル スペシャルクラブ 07 1500ml,ジョゼミッシェル　スペシャルクラブ　０７　１５００ｍｌ,9800,"￥９,８００（税別）",税抜,,http://charme-du-vin.com/2017/03/6898/,6898,ジョゼミッシェル　スペシャルクラブ,2017-03-10,1,2,
1423,ジョゼミッシェル スペシャルクラブ 08 750ml,ジョゼミッシェル　スペシャルクラブ　０８　７５０ｍｌ,5000,"￥５,０００（税別）",税抜,,http://charme-du-vin.com/2017/03/6898/,6898,ジョゼミッシェル　スペシャルクラブ,2017-03-10,2,2,
1424,リシャールシューラン カルトノワール ブリュット 1500ml,リシャールシューラン　カルトノワール　ブリュット　１５００ｍｌ,6000,"￥６,０００（税別）",税抜,,http://charme-du-vin.com/2017/03/6891/,6891,リシャールシューラン　カルトノワール / カルトドール,2017-03-10,1,4,
1425,リシャールシューラン カルトノワール ドゥミセック 750ml,リシャールシューラン　カルトノワール　ドゥミセック　７５０ｍｌ,2800,"￥２,８００（税別）",税抜,,http://charme-du-vin.com/2017/03/6891/,6891,リシャールシューラン　カルトノワール / カルトドール,2017-03-10,2,4,
1426,リシャールシューラン カルトドール ブリュット 750ml,リシャールシューラン　カルトドール　ブリュット　７５０ｍｌ,2800,"￥２,８００（税別）",税抜,,http://charme-du-vin.com/2017/03/6891/,6891,リシャールシューラン　カルトノワール / カルトドール,2017-03-10,3,4,
1427,リシャールシューラン カルトノワール ブリュット 375ml,リシャールシューラン　カルトノワール　ブリュット　３７５ｍｌ,1700,"￥１,７００（税別）",税抜,,http://charme-du-vin.com/2017/03/6891/,6891,リシャールシューラン　カルトノワール / カルトドール,2017-03-10,4,4,
1428,ドラピエ カルトドール 6000ml,ドラピエ　カルトドール　６０００ｍｌ,47000,"￥４７,０００（税別）",税抜,,http://charme-du-vin.com/2017/03/6888/,6888,ドラピエ　カルトドール,2017-03-10,1,4,
1429,ドラピエ カルトドール 3000ml,ドラピエ　カルトドール　３０００ｍｌ,25000,"￥２５,０００（税別）",税抜,,http://charme-du-vin.com/2017/03/6888/,6888,ドラピエ　カルトドール,2017-03-10,2,4,
1430,ドラピエ カルトドール 1500ml,ドラピエ　カルトドール　１５００ｍｌ,8000,"￥８,０００（税別）",税抜,,http://charme-du-vin.com/2017/03/6888/,6888,ドラピエ　カルトドール,2017-03-10,3,4,
1431,ドラピエ カルトドール 750ml,ドラピエ　カルトドール　７５０ｍｌ,3200,"￥３,２００（税別）",税抜,,http://charme-du-vin.com/2017/03/6888/,6888,ドラピエ　カルトドール,2017-03-10,4,4,
1432,エグリウーリエ ブリュットトラディション グランクリュ,エグリウーリエ　ブリュットトラディション　グランクリュ,6200,￥６，２００（税別）,税抜,,http://charme-du-vin.com/2017/03/6855/,6855,エグリウーリエ　ブリュットトラディション　グランクリュ,2017-03-08,1,1,
1433,ランソン クロ ランソン 2006,ランソン　クロ　ランソン　２００６,23000,￥２３，０００（税別）,税抜,,http://charme-du-vin.com/2017/03/6797/,6797,ランソン　クロ　ランソン　２００６,2017-03-02,1,1,
1434,クリュッグ ヴィンテージ 2002,クリュッグ　ヴィンテージ　２００２,26000,￥２６，０００（税別）,税抜,,http://charme-du-vin.com/2017/03/6776/,6776,クリュッグ　ヴィンテージ　２００２,2017-03-02,1,1,
1435,ジャクソン キュヴェ 739,ジャクソン　キュヴェ　７３９,4900,"￥４,９００（税別）",税抜,,http://charme-du-vin.com/2017/02/6730/,6730,ジャクソン　キュヴェ　７３９,2017-02-28,1,1,
1436,アンリジロー フット デ シェーン NV,アンリジロー　フット　デ　シェーン　ＮＶ,16000,"￥１６,０００（税別）",税抜,,http://charme-du-vin.com/2017/02/6727/,6727,アンリジロー　フット　デ　シェーン　ＮＶ,2017-02-28,1,1,
1437,アンリジロー アルゴンヌ 04,アンリジロー　アルゴンヌ　０４,23000,"￥２３,０００（税別）",税抜,,http://charme-du-vin.com/2017/02/6724/,6724,アンリジロー　アルゴンヌ　０４,2017-02-28,1,1,
1438,ルイマッサン グランクリュ ブランドブラン,ルイマッサン　グランクリュ　ブランドブラン,2400,"￥２,４００（税別）",税抜,,http://charme-du-vin.com/2017/02/6664/,6664,ルイマッサン　グランクリュ　ブランドブラン,2017-02-20,1,1,
1439,シャルルエドシック ブリュットミレジム 05,シャルルエドシック　ブリュットミレジム　０５,7200,"￥７,２００（税別）",税抜,,http://charme-du-vin.com/2017/02/6634/,6634,シャルルエドシック　ブリュットミレジム　０５,2017-02-17,1,1,
1440,エグリウーリエ ブリュット ヴィーニュ ド ヴリニー,エグリウーリエ　ブリュット　ヴィーニュ　ド　ヴリニー,5800,"￥５,８００（税別）",税抜,,http://charme-du-vin.com/2017/02/6574/,6574,エグリウーリエ　ブリュット　ヴィーニュ　ド　ヴリニー,2017-02-09,1,1,
1441,ゴッセ グラン ブランドブラン,ゴッセ　グラン　ブランドブラン,6300,"￥６,３００（税別）",税抜,,http://charme-du-vin.com/2017/02/6535/,6535,ゴッセ　グラン　ブランドブラン / グランミレジム　０４,2017-02-02,1,2,
1442,ゴッセ グランミレジム 04,ゴッセ　グランミレジム　０４,6300,"￥６,３００（税別）",税抜,,http://charme-du-vin.com/2017/02/6535/,6535,ゴッセ　グラン　ブランドブラン / グランミレジム　０４,2017-02-02,2,2,
1443,ジャマール カルトブランシェ,ジャマール　カルトブランシェ,2800,"￥２,８００（税別）",税抜,,http://charme-du-vin.com/2017/02/6529/,6529,ジャマール　カルトブランシェ,2017-02-02,1,1,
1444,クリュッグ グランドキュヴェ ラベル不良,クリュッグ　グランドキュヴェ　ラベル不良,13000,"￥１３,０００（税別）",税抜,,http://charme-du-vin.com/2017/02/6513/,6513,ＳＡＬＥ！！,2017-02-01,1,2,★ＳＡＬＥ★　| クリュッグ　グランドキュヴェ　ラベル不良
1445,アルマンドブリニャック ブリュット 箱不良,アルマンドブリニャック　ブリュット　箱不良,19500,"￥１９,５００（税別）",税抜,,http://charme-du-vin.com/2017/02/6513/,6513,ＳＡＬＥ！！,2017-02-01,2,2,
1446,アンリジロー エスプリドジロー,アンリジロー　エスプリドジロー,3950,"￥３,９５０（税別）",税抜,,http://charme-du-vin.com/2017/01/6441/,6441,アンリジロー　エスプリドジロー / オマージュドフランソワエマール　ブリュット / ブランドクレ,2017-01-25,1,3,
1447,アンリジロー オマージュドフランソワエマール ブリュット,アンリジロー　オマージュドフランソワエマール　ブリュット,4900,"￥４,９００（税別）",税抜,,http://charme-du-vin.com/2017/01/6441/,6441,アンリジロー　エスプリドジロー / オマージュドフランソワエマール　ブリュット / ブランドクレ,2017-01-25,2,3,
1448,アンリジロー ブランドクレ,アンリジロー　ブランドクレ,5300,"￥５,３００（税別）",税抜,,http://charme-du-vin.com/2017/01/6441/,6441,アンリジロー　エスプリドジロー / オマージュドフランソワエマール　ブリュット / ブランドクレ,2017-01-25,3,3,
1449,ゴッセ グランレゼルヴ ブリュット,ゴッセ　グランレゼルヴ　ブリュット,3990,"￥３,９９０（税別）",税抜,,http://charme-du-vin.com/2017/01/6296/,6296,ＳＡＬＥ！！　ゴッセ　グランレゼルヴ　ブリュット,2017-01-07,1,1,★ＳＡＬＥ！！★　| ゴッセ　グランレゼルヴ　ブリュット
1450,ペリエジュエ グランブリュット ラベル不良,ペリエジュエ　グランブリュット　ラベル不良,2900,"￥２,９００（税別）",税抜,,http://charme-du-vin.com/2016/12/6268/,6268,ＳＡＬＥ！　ペリエジュエ　グランブリュット,2016-12-28,1,1,★ＳＡＬＥ！★　| ペリエジュエ　グランブリュット　ラベル不良
1451,ペリエジュエ ベルエポック ラベル不良・ビンキズ,ペリエジュエ　ベルエポック　ラベル不良・ビンキズ,12000,"￥１２,０００（税別）",税抜,,http://charme-du-vin.com/2016/12/6265/,6265,ＳＡＬＥ！　ペリエジュエ　ベルエポック,2016-12-28,1,1,★ＳＡＬＥ！★　| ペリエジュエ　ベルエポック　ラベル不良・ビンキズ
1452,ドンペリニョン ロゼ 04 キャップシール不良,ドンペリニョン　ロゼ　０４　キャップシール不良,22000,"￥２２,０００（税別）",税抜,,http://charme-du-vin.com/2016/12/6261/,6261,ＳＡＬＥ！　ドンペリニョン　ロゼ　０４,2016-12-28,1,1,★ＳＡＬＥ！★　| ドンペリニョン　ロゼ　０４　キャップシール不良
1453,ポールロジェ サーウィンストンチャーチル04 750ml,ポールロジェ　サーウィンストンチャーチル０４　７５０ｍｌ,19000,"￥１９,０００（税別）",税抜,,http://charme-du-vin.com/2016/12/6256/,6256,ポールロジェ　サーウィンストンチャーチル　０４,2016-12-28,1,2,
1454,ポールロジェ サーウィンストンチャーチル04 1500ml,ポールロジェ　サーウィンストンチャーチル０４　１５００ｍｌ,42000,"￥４２,０００（税別）",税抜,,http://charme-du-vin.com/2016/12/6256/,6256,ポールロジェ　サーウィンストンチャーチル　０４,2016-12-28,2,2,
1455,スェナン ブリュット ロゼ,スェナン　ブリュット　ロゼ,6200,￥６，２００（税別）,税抜,,http://charme-du-vin.com/2016/12/6150/,6150,スェナン　ブリュット　ロゼ,2016-12-20,1,1,
1456,ジャクソン キュヴェ739,ジャクソン　キュヴェ７３９,5300,"￥５,３００（税別）",税抜,,http://charme-du-vin.com/2016/12/6113/,6113,ジャクソン　キュヴェ７３９,2016-12-16,1,1,
1457,ルイロデレール ブリュット プルミエ,ルイロデレール　ブリュット　プルミエ,3900,"￥３,９００（税別）",税抜,,http://charme-du-vin.com/2016/12/6058/,6058,ルイロデレール　ブリュット　プルミエ,2016-12-14,1,1,
1458,ゴッセ セレブリス 02,ゴッセ　セレブリス　０２,13000,"￥１３,０００（税別）",税抜,,http://charme-du-vin.com/2016/12/6052/,6052,ゴッセ　セレブリス　０２,2016-12-14,1,1,
1459,SALE!ラベル不良のため ペリエジュエ ベルエポック ロゼ,ＳＡＬＥ！ラベル不良のため　ペリエジュエ　ベルエポック　ロゼ,17000,￥１７，０００（税別）,税抜,,http://charme-du-vin.com/2016/12/6029/,6029,ＳＡＬＥ！ペリエジュエ　ベルエポック　ロゼ,2016-12-09,1,1,
1460,ルイロデレール クリスタル 2007,ルイロデレール　クリスタル　２００７,19000,￥１９，０００（税別）,税抜,,http://charme-du-vin.com/2016/12/5997/,5997,ルイロデレール　クリスタル　２００７,2016-12-08,1,1,
1461,ブルーノパイヤール ネプラスウルトラ99,ブルーノパイヤール　ネプラスウルトラ９９,19000,"￥１９,０００（税別）",税抜,,http://charme-du-vin.com/2016/12/5907/,5907,ブルーノパイヤール　ネプラスウルトラ９９,2016-12-02,1,1,
1462,テタンジェ コントドシャンパーニュ 04,テタンジェ　コントドシャンパーニュ　０４,16500,"￥１６,５００（税別）",税抜,,http://charme-du-vin.com/2016/12/5904/,5904,テタンジェ　コントドシャンパーニュ　０４,2016-12-02,1,1,
1463,SALE! ニコラフィアット ブリュットレゼルヴ ラベル不良,ＳＡＬＥ！　ニコラフィアット　ブリュットレゼルヴ　ラベル不良,2500,"￥２,５００（税別）",税抜,,http://charme-du-vin.com/2016/11/5823/,5823,ＳＡＬＥ！ニコラフィアット　ブリュットレゼルヴ　ラベル不良,2016-11-30,1,1,
1464,ジャクソン キュヴェ738 ラベル不良,ジャクソン　キュヴェ７３８　ラベル不良,3500,"￥３,５００（税別）",税抜,,http://charme-du-vin.com/2016/11/5820/,5820,ＳＡＬＥ！ジャクソン　キュヴェ７３８・７３９　ラベル不良,2016-11-30,1,2,★SOLD OUT!!★　| ジャクソン　キュヴェ７３８　ラベル不良
1465,ジャクソン キュヴェ739 ラベル不良,ジャクソン　キュヴェ７３９　ラベル不良,3500,"￥３,５００（税別）",税抜,,http://charme-du-vin.com/2016/11/5820/,5820,ＳＡＬＥ！ジャクソン　キュヴェ７３８・７３９　ラベル不良,2016-11-30,2,2,★SOLD OUT!!★　| ジャクソン　キュヴェ７３９　ラベル不良
1466,SALE! アルマンドブリニャック ブリュット 箱不良,ＳＡＬＥ！　アルマンドブリニャック　ブリュット　箱不良,22000,"￥２２,０００（税別）",税抜,,http://charme-du-vin.com/2016/11/5817/,5817,ＳＡＬＥ！！アルマンドブリニャック　ブリュット　箱不良,2016-11-30,1,1,
1467,ミッシェルアルノー グランクリュレゼルヴ 1500ml,ミッシェルアルノー　グランクリュレゼルヴ　１５００ｍｌ,9800,￥９，８００（税別）,税抜,,http://charme-du-vin.com/2016/11/5814/,5814,ミッシェルアルノー・ルネジョフロワ・ギーラルマンディエ　１５００ｍｌ,2016-11-26,1,3,
1468,ルネジョフロワ 1erクリュ キュミエール 1500ml,ルネジョフロワ　１ｅｒクリュ　キュミエール　１５００ｍｌ,11000,￥１１，０００（税別）,税抜,,http://charme-du-vin.com/2016/11/5814/,5814,ミッシェルアルノー・ルネジョフロワ・ギーラルマンディエ　１５００ｍｌ,2016-11-26,2,3,
1469,ギーラルマンディエ ブランドブラン 1500ml,ギーラルマンディエ　ブランドブラン　１５００ｍｌ,13000,￥１３，０００（税別）,税抜,,http://charme-du-vin.com/2016/11/5814/,5814,ミッシェルアルノー・ルネジョフロワ・ギーラルマンディエ　１５００ｍｌ,2016-11-26,3,3,
1470,ヴィルマール グランセリエドール 2009 1500ml,ヴィルマール　グランセリエドール　２００９　１５００ｍｌ,24000,￥２４，０００（税別）,税抜,,http://charme-du-vin.com/2016/11/5812/,5812,ヴィルマール　グランセリエドール０９　１５００ｍｌ,2016-11-26,1,1,
1471,エリックロデズ シャルドネ 2004 アンプランテドテロワール 750ml,エリックロデズ　シャルドネ　２００４　アンプランテドテロワール　７５０ｍｌ,22000,￥２２，０００（税別）,税抜,,http://charme-du-vin.com/2016/11/5810/,5810,エリックロデズ２種,2016-11-26,1,2,
1472,エリックロデズ ブランドノワール アンボネイ 1500ml,エリックロデズ　ブランドノワール　アンボネイ　１５００ｍｌ,13000,￥１３，０００（税別）,税抜,,http://charme-du-vin.com/2016/11/5810/,5810,エリックロデズ２種,2016-11-26,2,2,
1473,シャンパーニュSALE情報! ゴッセ セレブリス ブランドブラン NV 750ml,シャンパーニュＳＡＬＥ情報！　ゴッセ　セレブリス　ブランドブラン　ＮＶ　７５０ｍｌ,16000,￥１６，０００（税別）,税抜,,http://charme-du-vin.com/2016/11/5795/,5795,ＳＡＬＥ！ゴッセ　セレブリス　ＢＢ・ジャクソン　アヴィーズ　シャンカイン０５,2016-11-24,1,2,
1474,ジャクソン アヴィーズ シャンカイン 2005 750ml,ジャクソン　アヴィーズ　シャンカイン　２００５　７５０ｍｌ,19000,￥１９，０００（税別）,税抜,,http://charme-du-vin.com/2016/11/5795/,5795,ＳＡＬＥ！ゴッセ　セレブリス　ＢＢ・ジャクソン　アヴィーズ　シャンカイン０５,2016-11-24,2,2,
1475,シャンパーニュSALE情報! ニコラフィアット パルムドール 2006 750ml,シャンパーニュＳＡＬＥ情報！　ニコラフィアット　パルムドール　２００６　７５０ｍｌ,8300,￥８，３００（税別）,税抜,,http://charme-du-vin.com/2016/11/5793/,5793,ＳＡＬＥ！ニコラフィアット　パルムドール０６・ポメリー　ルイズポメリー０２,2016-11-24,1,2,
1476,ポメリー ルイズポメリー 2002 750ml,ポメリー　ルイズポメリー　２００２　７５０ｍｌ,14000,￥１４，０００（税別）,税抜,,http://charme-du-vin.com/2016/11/5793/,5793,ＳＡＬＥ！ニコラフィアット　パルムドール０６・ポメリー　ルイズポメリー０２,2016-11-24,2,2,
1477,シャンパーニュSALE情報! アンリジロー オマージュドフランソワエマール ブリュット 750ml,シャンパーニュＳＡＬＥ情報！　アンリジロー　オマージュドフランソワエマール　ブリュット　７５０ｍｌ,5000,￥５，０００（税別）,税抜,,http://charme-du-vin.com/2016/11/5791/,5791,ＳＡＬＥ！アンリジロー・ジョセフペリエ・ピエールジモネ,2016-11-24,1,3,
1478,ジョセフペリエ キュヴェロワイヤル 1500ml,ジョセフペリエ　キュヴェロワイヤル　１５００ｍｌ,8500,￥８，５００（税別）,税抜,,http://charme-du-vin.com/2016/11/5791/,5791,ＳＡＬＥ！アンリジロー・ジョセフペリエ・ピエールジモネ,2016-11-24,2,3,
1479,ピエールジモネ キュイ 1erクリュ 3000ml,ピエールジモネ　キュイ　１ｅｒクリュ　３０００ｍｌ,23000,￥２３，０００（税別）,税抜,,http://charme-du-vin.com/2016/11/5791/,5791,ＳＡＬＥ！アンリジロー・ジョセフペリエ・ピエールジモネ,2016-11-24,3,3,
1480,シャンパーニュSALE情報! アンリオ ブランドブラン 750ml,シャンパーニュＳＡＬＥ情報！　アンリオ　ブランドブラン　７５０ｍｌ,4800,￥４，８００（税別）,税抜,,http://charme-du-vin.com/2016/11/5789/,5789,ＳＡＬＥ！アンリオ２種,2016-11-24,1,2,
1481,アンリオ ミレジム 2000 1500ml,アンリオ　ミレジム　２０００　１５００ｍｌ,11000,￥１１，０００（税別）,税抜,,http://charme-du-vin.com/2016/11/5789/,5789,ＳＡＬＥ！アンリオ２種,2016-11-24,2,2,
1482,シャンパーニュSALE情報! ドスーザ キュヴェ3A 750ml,シャンパーニュＳＡＬＥ情報！　ドスーザ　キュヴェ３Ａ　７５０ｍｌ,5400,￥５，４００（税別）,税抜,,http://charme-du-vin.com/2016/11/5787/,5787,ＳＡＬＥ！ドスーザ２種,2016-11-24,1,2,
1483,ドスーザ ブリュット レゼルヴ 1500ml,ドスーザ　ブリュット　レゼルヴ　１５００ｍｌ,9200,￥９，２００（税別）,税抜,,http://charme-du-vin.com/2016/11/5787/,5787,ＳＡＬＥ！ドスーザ２種,2016-11-24,2,2,
1484,シャンパーニュSALE情報! マークエブラール ブランドブラン 750ml,シャンパーニュＳＡＬＥ情報！　マークエブラール　ブランドブラン　７５０ｍｌ,3600,￥３，６００（税別）,税抜,,http://charme-du-vin.com/2016/11/5785/,5785,ＳＡＬＥ！マークエブラール２種,2016-11-24,1,2,
1485,マークエブラール ブリュット セレクション 1500ml,マークエブラール　ブリュット　セレクション　１５００ｍｌ,7200,￥７，２００（税別）,税抜,,http://charme-du-vin.com/2016/11/5785/,5785,ＳＡＬＥ！マークエブラール２種,2016-11-24,2,2,
1486,シャンパーニュSALE情報! ラルマンディエベルニエ ラティテュード ブランドブラン 750ml,シャンパーニュＳＡＬＥ情報！　ラルマンディエベルニエ　ラティテュード　ブランドブラン　７５０ｍｌ,4700,￥４，７００（税別）,税抜,,http://charme-du-vin.com/2016/11/5782/,5782,ＳＡＬＥ！ラルマンディエベルニエ２種,2016-11-24,1,2,
1487,ラルマンディエベルニエ ロンジテュード ブランドブラン 3000ml,ラルマンディエベルニエ　ロンジテュード　ブランドブラン　３０００ｍｌ,27000,￥２７，０００（税別）,税抜,,http://charme-du-vin.com/2016/11/5782/,5782,ＳＡＬＥ！ラルマンディエベルニエ２種,2016-11-24,2,2,
1488,750ml,７５０ｍｌ,3800,７５０ｍｌ　　￥３，８００（税別）,税抜,,http://charme-du-vin.com/2016/11/5779/,5779,ＳＡＬＥ！ロベールモンキュイ　キュヴェリザーヴＢＢ　２種,2016-11-24,1,2,シャンパーニュＳＡＬＥ情報！　| ロベールモンキュイ　キュヴェリザーヴ　ブランドブラン
1489,1500ml,１５００ｍｌ,8000,１５００ｍｌ　￥８，０００（税別）,税抜,,http://charme-du-vin.com/2016/11/5779/,5779,ＳＡＬＥ！ロベールモンキュイ　キュヴェリザーヴＢＢ　２種,2016-11-24,2,2,
1490,750ml,７５０ｍｌ,2900,７５０ｍｌ　　￥２，９００（税別）,税抜,,http://charme-du-vin.com/2016/11/5776/,5776,ＳＡＬＥ！ルノーブル　アンタンス３種,2016-11-24,1,3,シャンパーニュＳＡＬＥ情報！　| ルノーブル　アンタンス
1491,1500ml,１５００ｍｌ,7600,１５００ｍｌ　￥７，６００（税別）,税抜,,http://charme-du-vin.com/2016/11/5776/,5776,ＳＡＬＥ！ルノーブル　アンタンス３種,2016-11-24,2,3,
1492,3000ml,３０００ｍｌ,22000,３０００ｍｌ　￥２２，０００（税別）,税抜,,http://charme-du-vin.com/2016/11/5776/,5776,ＳＡＬＥ！ルノーブル　アンタンス３種,2016-11-24,3,3,
1493,シャンパーニュSALE情報! ピエールモンキュイ ブランドブラン ユーグドクルメ 750ml,シャンパーニュＳＡＬＥ情報！　ピエールモンキュイ　ブランドブラン　ユーグドクルメ　７５０ｍｌ,3500,￥３，５００（税別）,税抜,,http://charme-du-vin.com/2016/11/5761/,5761,ＳＡＬＥ！ピエールモンキュイ３種,2016-11-24,1,3,
1494,ピエールモンキュイ ブランドブラン ユーグドクルメ 1500ml,ピエールモンキュイ　ブランドブラン　ユーグドクルメ　１５００ｍｌ,6800,￥６，８００（税別）,税抜,,http://charme-du-vin.com/2016/11/5761/,5761,ＳＡＬＥ！ピエールモンキュイ３種,2016-11-24,2,3,
1495,ピエールモンキュイ デロス グランクリュ 3000ml,ピエールモンキュイ　デロス　グランクリュ　３０００ｍｌ,18000,￥１８，０００（税別）,税抜,,http://charme-du-vin.com/2016/11/5761/,5761,ＳＡＬＥ！ピエールモンキュイ３種,2016-11-24,3,3,
1496,アンリジロー ブラン ド クレ,アンリジロー　ブラン　ド　クレ,5300,￥５，３００（税別）,税抜,,http://charme-du-vin.com/2016/11/5755/,5755,アンリジロー　ブラン　ド　クレ,2016-11-22,1,1,
1497,ゾエミ ド スーザ 2009,ゾエミ　ド　スーザ　２００９,19000,￥１９，０００（税別）,税抜,,http://charme-du-vin.com/2016/11/5749/,5749,ゾエミ　ド　スーザ　２００９,2016-11-22,1,1,
1498,スェナン MBDA 2485 エクストラブリュット,スェナン　ＭＢＤＡ　２４８５　エクストラブリュット,8400,￥８，４００（税別）,税抜,,http://charme-du-vin.com/2016/11/5742/,5742,スェナン　ＭＢＤＡ　２４８５　エクストラブリュット,2016-11-17,1,1,
1499,クリュッグ グランドキュヴェ ラベル不良のため,クリュッグ グランドキュヴェ　ラベル不良のため,13000,￥１３，０００（税別）,税抜,,http://charme-du-vin.com/2016/11/5738/,5738,ＳＡＬＥ！クリュッグ グランドキュヴェ・ポメリー ブリュット,2016-11-17,1,2,ＳＡＬＥシャンパーニュ！！再入荷いたしました！！　| クリュッグ グランドキュヴェ　ラベル不良のため
1500,ポメリー ブリュット ビンキズのため,ポメリー ブリュット　ビンキズのため,2700,￥２，７００（税別）,税抜,,http://charme-du-vin.com/2016/11/5738/,5738,ＳＡＬＥ！クリュッグ グランドキュヴェ・ポメリー ブリュット,2016-11-17,2,2,
1501,ドンルイナール ブランドブラン 2004,ドンルイナール　ブランドブラン　２００４,18000,￥１８，０００（税別）,税抜,,http://charme-du-vin.com/2016/11/5697/,5697,ドンルイナール　ブランドブラン　２００４,2016-11-12,1,1,
1502,スェナン レゼルヴ ブリュット,スェナン　レゼルヴ　ブリュット,5000,￥５，０００（税別）,税抜,,http://charme-du-vin.com/2016/11/5654/,5654,スェナン　レゼルヴ　ブリュット・ブランドブラン　エクストラブリュット,2016-11-10,1,2,
1503,スェナン ブランドブラン エクストラブリュット,スェナン　ブランドブラン　エクストラブリュット,5700,￥５，７００（税別）,税抜,,http://charme-du-vin.com/2016/11/5654/,5654,スェナン　レゼルヴ　ブリュット・ブランドブラン　エクストラブリュット,2016-11-10,2,2,
1504,テタンジェ プレリュード,テタンジェ　プレリュード,6200,"￥６,２００（税別）",税抜,,http://charme-du-vin.com/2016/11/5630/,5630,テタンジェ　プレリュード,2016-11-07,1,1,
1505,テタンジェ レフォリ ド ラ マルケトリー,テタンジェ　レフォリ　ド　ラ　マルケトリー,6400,"￥６,４００（税別）",税抜,,http://charme-du-vin.com/2016/11/5625/,5625,テタンジェ　レフォリ　ド　ラ　マルケトリー,2016-11-07,1,1,
1506,ルノーブル アンタンス,ルノーブル　アンタンス,2900,￥２，９００（税別）,税抜,,http://charme-du-vin.com/2016/11/5571/,5571,ルノーブル　アンタンス,2016-11-05,1,1,
1507,パイパーエドシック ロゼソバージュ,パイパーエドシック　ロゼソバージュ,4900,￥４，９００（税別）,税抜,,http://charme-du-vin.com/2016/11/5544/,5544,パイパーエドシック　ロゼソバージュ,2016-11-05,1,1,
1508,クリュッグ グランドキュヴェ ラベル不良,クリュッグ　グランドキュヴェ　ラベル不良,13000,"￥１３,０００（税別）",税抜,,http://charme-du-vin.com/2016/10/5498/,5498,ＳＡＬＥ！！クリュッグ　グランドキュヴェ　ラベル不良,2016-10-28,1,1,
1509,アルマンドブリニャック ロゼ ビンキズ,アルマンドブリニャック　ロゼ　ビンキズ,29000,"￥２９,０００（税別）",税抜,,http://charme-du-vin.com/2016/10/5495/,5495,ＳＡＬＥ！！アルマンドブリニャック　ロゼ　ビンキズ,2016-10-28,1,1,
1510,アルマンドブリニャック ブリュット 箱不良,アルマンドブリニャック　ブリュット　箱不良,22000,"￥２２,０００（税別）",税抜,,http://charme-du-vin.com/2016/10/5492/,5492,ＳＡＬＥ！！アルマンドブリニャック　ブリュット　箱不良,2016-10-28,1,1,
1511,ローズドジャンヌ ラプレスレ ブランドノワール 11,ローズドジャンヌ　ラプレスレ　ブランドノワール　１１,17500,"￥１７,５００（税別）",税抜,,http://charme-du-vin.com/2016/10/5457/,5457,ローズドジャンヌ　ラプレスレ　ブランドノワール　１１,2016-10-21,1,1,
1512,ローズドジャンヌ レウルシュレ ブランドノワール 11,ローズドジャンヌ　レウルシュレ　ブランドノワール　１１,16500,"￥１６,５００（税別）",税抜,,http://charme-du-vin.com/2016/10/5454/,5454,ローズドジャンヌ　レウルシュレ　ブランドノワール　１１,2016-10-21,1,1,
1513,ローズドジャンヌ ラボロレ ブランドブラン 11,ローズドジャンヌ　ラボロレ　ブランドブラン　１１,22000,"￥２２,０００（税別）",税抜,,http://charme-du-vin.com/2016/10/5451/,5451,ローズドジャンヌ　ラボロレ　ブランドブラン　１１,2016-10-21,1,1,
1514,ローズドジャンヌ オートランブレ ブランドブラン 11,ローズドジャンヌ　オートランブレ　ブランドブラン　１１,16500,"￥１６,５００（税別）",税抜,,http://charme-du-vin.com/2016/10/5447/,5447,ローズドジャンヌ　オートランブレ　ブランドブラン　１１,2016-10-21,1,1,
1515,ローズドジャンヌ コートドヴァルヴィレーヌ 13,ローズドジャンヌ　コートドヴァルヴィレーヌ　１３,9300,"￥９,３００（税別）",税抜,,http://charme-du-vin.com/2016/10/5445/,5445,ローズドジャンヌ　コートドヴァルヴィレーヌ　１３,2016-10-21,1,1,
1516,ジャックセロス ル ブー デュ クロ,ジャックセロス　ル　ブー　デュ　クロ,43000,￥４３，０００（税別）,税抜,,http://charme-du-vin.com/2016/10/5320/,5320,ジャックセロス　ル　ブー　デュ　クロ,2016-10-11,1,1,
1517,月間特価!ルイロデレール ブリュットナチューレ 2006,月間特価！ルイロデレール　ブリュットナチューレ　２００６,8500,￥８，５００（税別）,税抜,,http://charme-du-vin.com/2016/10/5318/,5318,月間特価！ルイロデレール　ブリュットナチューレ　２００６,2016-10-08,1,1,
1518,ルイロデレール ブリュットナチューレ 09,ルイロデレール　ブリュットナチューレ　０９,11500,"￥１１,５００（税別）",税抜,,http://charme-du-vin.com/2016/10/5245/,5245,ルイロデレール　ブリュットナチューレ　０９,2016-10-05,1,1,
1519,ラルマンディエベルニエ ロンジチュードBB 1.5L,ラルマンディエベルニエ　ロンジチュードＢＢ　１．５Ｌ,12000,"￥１２,０００（税別）",税抜,,http://charme-du-vin.com/2016/10/5242/,5242,ラルマンディエベルニエ　ロンジチュードＢＢ　１．５Ｌ,2016-10-05,1,1,
1520,ブルーノパイヤール ルメニル 90 1.5L,ブルーノパイヤール　ルメニル　９０　１．５Ｌ,46000,"￥４６,０００（税別）",税抜,,http://charme-du-vin.com/2016/10/5239/,5239,ブルーノパイヤール　ルメニル　９０　１．５Ｌ,2016-10-05,1,1,
1521,ドンペリニョン P2 1998 箱不良,ドンペリニョン　Ｐ２　１９９８　箱不良,25000,"￥２５,０００（税別）",税抜,,http://charme-du-vin.com/2016/09/5182/,5182,ＳＡＬＥ！ドンペリニョン　Ｐ２　１９９８,2016-09-30,1,1,
1522,シャルルエドシック ブランドミレネール 1995,シャルルエドシック　ブランドミレネール　１９９５,17000,"￥１７,０００（税別）",税抜,,http://charme-du-vin.com/2016/09/5178/,5178,シャルルエドシック　ブランドミレネール　１９９５,2016-09-30,1,1,
1523,クリュッグ グランドキュヴェ ラベル不良,クリュッグ　グランドキュヴェ　ラベル不良,13000,"￥１３,０００（税別）",税抜,,http://charme-du-vin.com/2016/09/5174/,5174,ＳＡＬＥ！クリュッグ　グランドキュヴェ,2016-09-30,1,1,
1524,アルマンドブリニャック ロゼ 瓶キズ,アルマンドブリニャック　ロゼ　瓶キズ,29000,"￥２９,０００（税別）",税抜,,http://charme-du-vin.com/2016/09/5170/,5170,ＳＡＬＥ！ アルマンドブリニャック　ロゼ,2016-09-30,1,1,
1525,ジャック ラセーヌ ルコテ エクストラブリュット ブランドブラン,ジャック　ラセーヌ　ルコテ　エクストラブリュット　ブランドブラン,7600,￥７，６００（税別）,税抜,,http://charme-du-vin.com/2016/09/4957/,4957,ジャック　ラセーヌ　ルコテ　エクストラブリュット　ブランドブラン,2016-09-03,1,1,
1526,アンリオ ブランドブラン,アンリオ　ブランドブラン,4800,￥４，８００（税別）,税抜,,http://charme-du-vin.com/2016/09/4941/,4941,アンリオ　ブランドブラン,2016-09-03,1,1,
1527,ランソン ノーブルキュヴェ 2000,ランソン　ノーブルキュヴェ　２０００,5800,￥５，８００（税別）,税抜,,http://charme-du-vin.com/2016/08/4879/,4879,ランソン　ノーブルキュヴェ　２０００,2016-08-20,1,1,
1528,モエシャンドン アイス インペリアルロゼ,モエシャンドン　アイス　インペリアルロゼ,6500,"￥６,５００（税別）",税抜,,http://charme-du-vin.com/2016/08/4847/,4847,モエシャンドン　アイス　インペリアルロゼ,2016-08-12,1,1,
1529,アンリジロー ブランドブラン ブリュット,アンリジロー　ブランドブラン　ブリュット,5000,"￥５,０００（税別）",税抜,,http://charme-du-vin.com/2016/08/4850/,4850,アンリジロー　ブランドブラン　ブリュット,2016-08-12,1,1,
1530,アンリジロー コードノワール ブリュット,アンリジロー　コードノワール　ブリュット,9800,"￥９,８００（税別）",税抜,,http://charme-du-vin.com/2016/08/4842/,4842,アンリジロー　コードノワール　ブリュット,2016-08-12,1,1,
1531,SALE! ペリエジュエ ベルエポック ロゼ 瓶キズのため,ＳＡＬＥ！　ペリエジュエ　ベルエポック　ロゼ　瓶キズのため,16500,￥１６，５００（税別）,税抜,,http://charme-du-vin.com/2016/08/4834/,4834,ＳＡＬＥ！　ペリエジュエ　ベルエポック　ロゼ,2016-08-09,1,1,
1532,ビルカールサルモン キュヴェ ニコラフランソワビルカール 1999,ビルカールサルモン　キュヴェ　ニコラフランソワビルカール　１９９９,10500,￥１０，５００（税別）,税抜,,http://charme-du-vin.com/2016/08/4762/,4762,ビルカールサルモン　キュヴェ　ニコラフランソワビルカール　１９９９,2016-08-06,1,1,
1533,ビルカールサルモン ブリュットレゼルヴ,ビルカールサルモン　ブリュットレゼルヴ,4800,￥４，８００（税別）,税抜,,http://charme-du-vin.com/2016/08/4694/,4694,ビルカールサルモン　ブリュットレゼルヴ,2016-08-04,1,1,
1534,ドゥーツ ウィリアム ドゥーツ 2002,ドゥーツ　ウィリアム　ドゥーツ　２００２,14000,￥１４，０００（税別）,税抜,,http://charme-du-vin.com/2016/08/4674/,4674,ドゥーツ　ウィリアム　ドゥーツ　２００２,2016-08-04,1,1,
1535,ドラピエ カルドドール 15L,ドラピエ　カルドドール　１５Ｌ,220000,￥２２０，０００（税別）,税抜,,http://charme-du-vin.com/2016/08/4669/,4669,ドラピエ　カルドドール　１５Ｌ,2016-08-02,1,1,
1536,SALE! クリュッグ グランドキュヴェ ラベル不良のため,ＳＡＬＥ！　クリュッグ　グランドキュヴェ　ラベル不良のため,13000,￥１３，０００（税別）,税抜,,http://charme-du-vin.com/2016/07/4609/,4609,ＳＡＬＥ！　クリュッグ　グランドキュヴェ,2016-07-29,1,1,
1537,SALE! ルイロデレール ブリュット ナチューレ,ＳＡＬＥ！　ルイロデレール　ブリュット　ナチューレ,9800,￥９，８００（税別）,税抜,,http://charme-du-vin.com/2016/07/4593/,4593,ＳＡＬＥ！　ルイロデレール　ブリュット　ナチューレ,2016-07-28,1,1,
1538,ポールロジェ サーウィンストンチャーチル 2004 750ml,ポールロジェ　サーウィンストンチャーチル　２００４　７５０ｍｌ,19000,￥１９，０００（税別）,税抜,,http://charme-du-vin.com/2016/07/4421/,4421,ポールロジェ　サーウィンストンチャーチル　２００４,2016-07-05,1,1,
1539,パイパーエドシック レア ヴィンテージ 2002 750ml,パイパーエドシック　レア　ヴィンテージ　２００２　７５０ｍｌ,16000,￥１６，０００（税別）,税抜,,http://charme-du-vin.com/2016/07/4395/,4395,パイパーエドシック　レア　ヴィンテージ　２００２,2016-07-05,1,1,
1540,ドゥーツ ブリュット クラシック,ドゥーツ　ブリュット　クラシック,4500,￥４，５００（税別）,税抜,,http://charme-du-vin.com/2016/06/4343/,4343,ドゥーツ　ブリュット　クラシック,2016-06-28,1,2,
1541,ドゥーツ ブリュット クラシック 1.5L,ドゥーツ　ブリュット　クラシック　１．５Ｌ,11000,￥１１，０００（税別）,税抜,,http://charme-du-vin.com/2016/06/4343/,4343,ドゥーツ　ブリュット　クラシック,2016-06-28,2,2,
1542,ジャニソン ブリュット トラディション 1.5L,ジャニソン　ブリュット　トラディション　１．５Ｌ,9500,￥９，５００（税別）,税抜,,http://charme-du-vin.com/2016/06/4329/,4329,ジャニソン　ブリュット　トラディション　１．５Ｌ,2016-06-28,1,1,
1543,アンリジロー フット デ シェーン 1999,アンリジロー　フット　デ　シェーン　１９９９,23000,"￥２３,０００（税別）",税抜,,http://charme-du-vin.com/2016/06/4324/,4324,アンリジロー　フット　デ　シェーン　１９９９,2016-06-24,1,1,
1544,ジャクソン キュヴェ 738 ラベル不良,ジャクソン　キュヴェ　７３８　ラベル不良,3500,"￥３,５００（税別）",税抜,,http://charme-du-vin.com/2016/06/4268/,4268,ＳＡＬＥ！！シャンパーニュ,2016-06-22,1,3,
1545,ポメリー ブリュット ラベル不良,ポメリー　ブリュット　ラベル不良,2500,"￥２,５００（税別）",税抜,,http://charme-du-vin.com/2016/06/4268/,4268,ＳＡＬＥ！！シャンパーニュ,2016-06-22,2,3,※完売致しました。ありがとうございました。　| ポメリー　ブリュット　ラベル不良
1546,ローランペリエ ブリュット 瓶キズ,ローランペリエ　ブリュット　瓶キズ,2900,"￥２,９００（税別）",税抜,,http://charme-du-vin.com/2016/06/4268/,4268,ＳＡＬＥ！！シャンパーニュ,2016-06-22,3,3,
1547,シャルルエドシック ブラン ド ミレネール 1995,シャルルエドシック　ブラン　ド　ミレネール　１９９５,17500,￥１７，５００（税別）,税抜,,http://charme-du-vin.com/2016/06/4247/,4247,シャルルエドシック　ブラン　ド　ミレネール　１９９５,2016-06-18,1,1,
1548,テタンジェ コント ド シャンパーニュ 2006,テタンジェ　コント　ド　シャンパーニュ　２００６,16000,￥１６，０００（税別）,税抜,,http://charme-du-vin.com/2016/06/4161/,4161,テタンジェ　コント　ド　シャンパーニュ　２００６,2016-06-16,1,1,
1549,アグラッパ ブランドブラン テロワール 3000ml,アグラッパ　ブランドブラン　テロワール　３０００ｍｌ,28000,￥２８，０００（税別）,税抜,,http://charme-du-vin.com/2016/06/4129/,4129,アグラッパ　ブランドブラン　テロワール　３L,2016-06-11,1,1,
1550,ジェロームプレヴォー クロズリーラベギーヌ エキストラブリュット,ジェロームプレヴォー　クロズリーラベギーヌ　エキストラブリュット,13800,￥１３，８００（税別）,税抜,,http://charme-du-vin.com/2016/05/3941/,3941,ジェロームプレヴォー　クロズリーラベギーヌ　エキストラブリュット,2016-05-28,1,1,
1551,マトラン トラディション ブリュット,マトラン　トラディション　ブリュット,3400,￥３，４００（税別）,税抜,,http://charme-du-vin.com/2016/05/3905/,3905,マトラン　トラディション　ブリュット,2016-05-21,1,1,
1552,ティエリーウーリー ブランドブラン グランクリュ,ティエリーウーリー　ブランドブラン　グランクリュ,4500,￥４，５００（税別）,税抜,,http://charme-du-vin.com/2016/05/3892/,3892,ティエリーウーリー　ブランドブラン　グランクリュ,2016-05-21,1,1,
1553,オリヴィエ ド ボアシーン ブリュット,オリヴィエ　ド　ボアシーン　ブリュット,2800,￥２，８００（税別）,税抜,,http://charme-du-vin.com/2016/05/3792/,3792,オリヴィエ　ド　ボアシーン　ブリュット,2016-05-14,1,1,
1554,GMマム コルドンルージュ ラベル不良,ＧＭマム　コルドンルージュ　ラベル不良,2600,￥２，６００（税別）,税抜,,http://charme-du-vin.com/2016/05/3756/,3756,ＳＡＬＥ！ＧＭマム　コルドンルージュ　ラベル不良,2016-05-14,1,1,
1555,ボランジェ グランダネ 05,ボランジェ　グランダネ　０５,11500,"￥１１,５００　（税別）",税抜,,http://charme-du-vin.com/2016/05/3640/,3640,ボランジェ　グランダネ　０５,2016-05-07,1,1,
1556,ペリエジュエ ベルエポック,ペリエジュエ　ベルエポック,11500,￥１１，５００（税別）,税抜,,http://charme-du-vin.com/2016/04/3605/,3605,ＳＡＬＥ！ペリエジュエ　ベルエポック　ラベル不良,2016-04-28,1,1,
1557,エグリウーリエ ブリュット ロゼ,エグリウーリエ　ブリュット　ロゼ,8600,"￥８,６００　（税別）",税抜,,http://charme-du-vin.com/2016/04/3581/,3581,エグリウーリエ　ブリュット　ロゼ,2016-04-27,1,1,
1558,ピエールジモネ ロゼ ブリュット,ピエールジモネ　ロゼ　ブリュット,4400,"￥４,４００　（税別）",税抜,,http://charme-du-vin.com/2016/03/3227/,3227,ピエールジモネ　ロゼ　ブリュット,2016-03-28,1,1,
1559,ルネジョフロワ 1ERクリュキュミエール エクスプレッション,ルネジョフロワ　１ＥＲクリュキュミエール　エクスプレッション,3800,"￥３,８００　（税別）",税抜,,http://charme-du-vin.com/2016/03/3214/,3214,ルネジョフロワ　１ＥＲクリュキュミエール　エクスプレッション,2016-03-25,1,1,
1560,ポールバラ ブージーレゼルヴブリュット,ポールバラ　ブージーレゼルヴブリュット,3900,"￥３,９００　（税別）",税抜,,http://charme-du-vin.com/2016/03/3211/,3211,ポールバラ　ブージーレゼルヴブリュット,2016-03-25,1,1,
1561,エグリウーリエ ブランドノワール VV,エグリウーリエ　ブランドノワール　ＶＶ,16500,"￥１６,５００　（税別）",税抜,,http://charme-du-vin.com/2016/03/3207/,3207,エグリウーリエ　ブランドノワール　ＶＶ,2016-03-25,1,1,
1562,ルイロデレール ブリュット 3L,ルイロデレール　ブリュット　３Ｌ,27500,￥２７，５００（税別）,税抜,,http://charme-du-vin.com/2016/03/3194/,3194,ルイロデレール　ブリュット　３Ｌ,2016-03-22,1,1,
1563,ピエールパイヤール 2004,ピエールパイヤール　２００４,7200,"￥７,２００（税別）",税抜,,http://charme-du-vin.com/2016/03/3114/,3114,ピエールパイヤール　２００４,2016-03-09,1,1,
1564,モエシャンドン アイスインペリアル ラベル不良,モエシャンドン　アイスインペリアル　ラベル不良,4800,"￥４,８００（税別）",税抜,,http://charme-du-vin.com/2016/03/3044/,3044,ＳＡＬＥ！！シャンパーニュ２種,2016-03-04,1,2,
1565,ローランペリエ ブリュット ビンキズ,ローランペリエ　ブリュット　ビンキズ,3500,"￥３,５００（税別）",税抜,,http://charme-du-vin.com/2016/03/3044/,3044,ＳＡＬＥ！！シャンパーニュ２種,2016-03-04,2,2,
1566,テタンジェ プレリュード,テタンジェ　プレリュード,6900,￥６，９００（税別）,税抜,,http://charme-du-vin.com/2016/02/2851/,2851,テタンジェ　プレリュード,2016-02-20,1,1,
1567,ルイニケーズ ブリュットレゼルヴ,ルイニケーズ　ブリュットレゼルヴ,3200,￥３，２００（税別）,税抜,,http://charme-du-vin.com/2016/02/2738/,2738,ルイニケーズ　ブリュットレゼルヴ,2016-02-04,1,1,
1568,ランソン ノーブルキュヴェ 2000,ランソン　ノーブルキュヴェ　２０００,6200,￥６，２００,,,http://charme-du-vin.com/2016/02/2735/,2735,ランソン　ノーブルキュヴェ　２０００,2016-02-04,1,1,
1569,ドラピエ ブリュットナチュール,ドラピエ　ブリュットナチュール,3600,￥３，６００（税別）,税抜,,http://charme-du-vin.com/2016/02/2733/,2733,ドラピエ　ブリュットナチュール・カルト　ブランシュ・カルト　ドール,2016-02-04,1,3,
1570,ドラピエ カルト ブランシュ,ドラピエ　カルト　ブランシュ,3000,￥３，０００（税別）,税抜,,http://charme-du-vin.com/2016/02/2733/,2733,ドラピエ　ブリュットナチュール・カルト　ブランシュ・カルト　ドール,2016-02-04,2,3,
1571,ドラピエ カルト ドール,ドラピエ　カルト　ドール,3200,￥３，２００（税別）,税抜,,http://charme-du-vin.com/2016/02/2733/,2733,ドラピエ　ブリュットナチュール・カルト　ブランシュ・カルト　ドール,2016-02-04,3,3,
1572,ジョセフペリエ ブリュット 2002,ジョセフペリエ　ブリュット　２００２,5200,￥５，２００（税別）,税抜,,http://charme-du-vin.com/2016/02/2730/,2730,ジョセフペリエ　ブリュット　２００２,2016-02-04,1,1,
1573,ジャマール カルト ブランシェ,ジャマール　カルト　ブランシェ,2900,￥２，９００（税別）,税抜,,http://charme-du-vin.com/2016/02/2706/,2706,ジャマール　カルト　ブランシェ,2016-02-04,1,1,
1574,ローズドジャンヌ レ ウルシュレ 11,ローズドジャンヌ　レ　ウルシュレ　１１,14000,"￥１４,０００　（税別）",税抜,,http://charme-du-vin.com/2016/01/2480/,2480,シャンパーニュ　２種,2016-01-08,1,2,
1575,ローズドジャンヌ オートランヴレ ブランドブラン 11,ローズドジャンヌ　オートランヴレ　ブランドブラン　１１,15000,"￥１５,０００　（税別）",税抜,,http://charme-du-vin.com/2016/01/2480/,2480,シャンパーニュ　２種,2016-01-08,2,2,
1576,ローズドジャンヌ コートドヴァルヴィレーヌ 13,ローズドジャンヌ　コートドヴァルヴィレーヌ　１３,8300,"￥８,３００　（税別）",税抜,,http://charme-du-vin.com/2016/01/2475/,2475,シャンパーニュ２種,2016-01-08,1,2,
1577,ローズドジャンヌ コートドヴェシャラン 08,ローズドジャンヌ　コートドヴェシャラン　０８,12000,"￥１２,０００　（税別）",税抜,,http://charme-du-vin.com/2016/01/2475/,2475,シャンパーニュ２種,2016-01-08,2,2,
1578,ヴィニュロン オート ブルゴーニュ クレマンドブルゴーニュ,ヴィニュロン　オート　ブルゴーニュ　クレマンドブルゴーニュ,1900,"￥１,９００(税別)",税抜,,http://charme-du-vin.com/2015/12/2445/,2445,ヴィニュロン　オート　ブルゴーニュ　クレマンドブルゴーニュ,2015-12-25,1,1,
1579,ミッシェルアルノー ブリュット トラディションGC,ミッシェルアルノー　ブリュット　トラディションＧＣ,3800,"￥３,８００　（税別）",税抜,,http://charme-du-vin.com/2015/12/2442/,2442,ミッシェルアルノー　　　　　　　　　　　　　　　　　　　　　　　ブリュット　トラディションＧＣ,2015-12-25,1,1,
1580,ガティノワ グランクリュ トラディション ブリュット,ガティノワ　グランクリュ　トラディション　ブリュット,3950,"￥３,９５０　（税別）",税抜,,http://charme-du-vin.com/2015/12/2438/,2438,ガティノワ　グランクリュ　　　　　　　　　　　　　　　　　　　　　トラディション　ブリュット,2015-12-25,1,1,
1581,パイパーエドシック ブラックカンカンJP ゴルティエ 2000,パイパーエドシック　ブラックカンカンＪＰ　ゴルティエ　２０００,46000,￥４６，０００（税別）,税抜,,http://charme-du-vin.com/2015/12/2425/,2425,パイパーエドシック　ブラックカンカンＪＰ　ゴルティエ　２０００,2015-12-22,1,1,
1582,パイパーエドシック エッセンシャル グラスパック,パイパーエドシック　エッセンシャル　グラスパック,5000,￥５，０００（税別）,税抜,,http://charme-du-vin.com/2015/12/2418/,2418,パイパーエドシック　エッセンシャル　グラスパック,2015-12-22,1,1,
1583,ジェスタン エクストラブリュット 2006,ジェスタン　エクストラブリュット　２００６,22000,"￥２２,０００(税別)",税抜,,http://charme-du-vin.com/2015/12/2353/,2353,ジェスタン　エクストラブリュット　２００６,2015-12-18,1,1,
1584,ドンペリニョン レゼルヴドラベイ 1992,ドンペリニョン　レゼルヴドラベイ　１９９２,75000,￥７５，０００（税別）,税抜,,http://charme-du-vin.com/2015/12/2288/,2288,ドンペリニョン　レゼルヴドラベイ　１９９２,2015-12-12,1,1,
1585,ゴッセ セレブリス 1998,ゴッセ　セレブリス　１９９８,15000,￥１５，０００（税別）,税抜,,http://charme-du-vin.com/2015/12/2271/,2271,ゴッセ　セレブリス　１９９８,2015-12-12,1,1,
1586,ゴッセ セレブリス 2002,ゴッセ　セレブリス　２００２,11000,￥１１，０００（税別）,税抜,,http://charme-du-vin.com/2015/12/2166/,2166,ゴッセ　セレブリス　２００２,2015-12-05,1,1,
1587,ルネジョフロワ プルミエクリュ キュミエール 1.5L,ルネジョフロワ　プルミエクリュ　キュミエール　１．５Ｌ,11000,￥１１，０００（税別）,税抜,,http://charme-du-vin.com/2015/12/2086/,2086,ルネジョフロワ　プルミエクリュ　キュミエール　１．５Ｌ,2015-12-03,1,1,
1588,エリックロデ ブランドノワール アンボネイ 1.5L,エリックロデ　ブランドノワール　アンボネイ　１．５Ｌ,13000,￥１３，０００（税別）,税抜,,http://charme-du-vin.com/2015/12/2084/,2084,エリックロデ　ブランドノワール　アンボネイ　１．５Ｌ,2015-12-03,1,1,
1589,ギーシャルルマーニュ ブランドブラン 3L,ギーシャルルマーニュ　ブランドブラン　３Ｌ,31000,￥３１，０００（税別）,税抜,,http://charme-du-vin.com/2015/12/2067/,2067,ギーシャルルマーニュ　ブランドブラン　３Ｌ,2015-12-03,1,1,
1590,ペリエジュエベルエポック2007 ミシャートラクスラー,ペリエジュエベルエポック２００７　ミシャートラクスラー,21000,￥２１，０００（税別）,税抜,,http://charme-du-vin.com/2015/11/2016/,2016,ペリエジュエベルエポック２００７　ミシャートラクスラー,2015-11-26,1,1,
1591,ローランベナール ヴィブラート EXブリュ10,ローランベナール　ヴィブラート　ＥＸブリュ１０,16000,"￥１６,０００　（税別）",税抜,,http://charme-du-vin.com/2015/11/2001/,2001,ローランベナール　　　　　　　　　　　　　　　　　　　　　　　　ヴィブラート　ＥＸブリュ１０　　　　　　　　　　　　　　　　　　　　　　　　ヴァンダンジュ　ＥＸブリュ１０,2015-11-25,1,2,
1592,ローランベナール ヴァンダンジュ EXブリュ10,ローランベナール　ヴァンダンジュ　ＥＸブリュ１０,8400,"￥８,４００　（税別）",税抜,,http://charme-du-vin.com/2015/11/2001/,2001,ローランベナール　　　　　　　　　　　　　　　　　　　　　　　　ヴィブラート　ＥＸブリュ１０　　　　　　　　　　　　　　　　　　　　　　　　ヴァンダンジュ　ＥＸブリュ１０,2015-11-25,2,2,
1593,ルイロデレール クリスタル 2006 1.5L,ルイロデレール　クリスタル　２００６　１．５Ｌ,52000,"￥５２,０００（税別）",税抜,,http://charme-du-vin.com/2015/11/1963/,1963,ルイロデレール　クリスタル　２００６　１．５Ｌ,2015-11-21,1,1,
1594,フィリッポナー レゼルヴ ミレジム LV 1982,フィリッポナー　レゼルヴ　ミレジム　ＬＶ　１９８２,25000,"￥２５,０００　（税別）",税抜,,http://charme-du-vin.com/2015/11/1956/,1956,フィリッポナー　　　　　　　　　　　　　　　　　　　　レゼルヴ　ミレジム　ＬＶ　１９８２,2015-11-20,1,1,
1595,フィリッポナー グランブラン LV 1985,フィリッポナー　グランブラン　ＬＶ　１９８５,24500,"￥２４,５００　（税別）",税抜,,http://charme-du-vin.com/2015/11/1952/,1952,フィリッポナー　　　　　　　　　　　　　　　　　　　　グランブラン　ＬＶ　１９８５,2015-11-20,1,1,
1596,パイパーエドシック グランドシネマバスケット,パイパーエドシック　グランドシネマバスケット,15500,￥１５，５００（税別）,税抜,,http://charme-du-vin.com/2015/11/1875/,1875,★ＳＯＬＤＯＵＴ★　パイパーエドシック　グランドシネマバスケット,2015-11-12,1,1,
1597,パイパーエドシック カンヌムービーリールボックス,パイパーエドシック　カンヌムービーリールボックス,6200,"￥６,２００　（税別）",税抜,,http://charme-du-vin.com/2015/11/1855/,1855,【ＳＯＬＤＯＵＴ】パイパーエドシック　　　　　　　　　　　　　　　　　　　　　　　　　　　　　　　　　カンヌムービーリールボックス,2015-11-11,1,1,
1598,CH.レオヴィルポワフェレ 95,ＣＨ．レオヴィルポワフェレ　９５,14800,￥１４，８００（税別）,税抜,,http://charme-du-vin.com/2015/11/1757/,1757,ＣＨ．レオヴィルポワフェレ　９５,2015-11-05,1,1,
1599,ルイ・ニケーズ ブリュットレゼルヴ,ルイ・ニケーズ　ブリュットレゼルヴ,3300,￥３，３００（税別）,税抜,,http://charme-du-vin.com/2015/11/1755/,1755,ルイ・ニケーズ　ブリュットレゼルヴ,2015-11-05,1,1,
1600,バロンドロスチャイルド 2006,バロンドロスチャイルド　２００６,29500,￥２９，５００（税別）,税抜,,http://charme-du-vin.com/2015/11/1753/,1753,バロンドロスチャイルド　２００６,2015-11-05,1,1,
1601,シャルルエドシック ブリュットレゼルヴ,シャルルエドシック　ブリュットレゼルヴ,5200,￥５，２００（税別）,税抜,,http://charme-du-vin.com/2015/11/1751/,1751,シャルルエドシック　ブリュットレゼルヴ,2015-11-05,1,1,
1602,ゴッセ エクセレンスブリュット 750ml,ゴッセ　エクセレンスブリュット　７５０ｍｌ,3900,￥３，９００（税別）,税抜,,http://charme-du-vin.com/2015/11/1749/,1749,ゴッセ　エクセレンスブリュット　７５０ｍｌ,2015-11-05,1,1,
1603,ロジェピュイヨン キュヴェレゼルヴ 1.5L,ロジェピュイヨン　キュヴェレゼルヴ　１．５Ｌ,8300,￥８，３００（税別）,税抜,,http://charme-du-vin.com/2015/11/1724/,1724,ロジェピュイヨン　キュヴェレゼルヴ　１．５Ｌ・ブランドブラン　１．５Ｌ,2015-11-05,1,2,
1604,ロジェピュイヨン ブランドブラン 1.5L,ロジェピュイヨン　ブランドブラン　１．５Ｌ,8300,￥８，３００（税別）,税抜,,http://charme-du-vin.com/2015/11/1724/,1724,ロジェピュイヨン　キュヴェレゼルヴ　１．５Ｌ・ブランドブラン　１．５Ｌ,2015-11-05,2,2,
1605,アンドレクルエ レ クロ 06 1.5L,アンドレクルエ　レ　クロ　０６　１．５Ｌ,32000,￥３２，０００（税別）,税抜,,http://charme-du-vin.com/2015/10/1536/,1536,アンドレクルエ　レ　クロ　０６　　　１．５Ｌ,2015-10-17,1,1,
1606,ブルーノ パイヤール ネプラスウルトラ99,ブルーノ　パイヤール　ネプラスウルトラ99,21000,"￥２１,０００（税別）",税抜,,http://charme-du-vin.com/2015/10/1525/,1525,ブルーノ　パイヤール　ネプラスウルトラ99,2015-10-09,1,1,
1607,フィリッポナー クロデ ゴワセ 00,フィリッポナー　クロデ　ゴワセ　００,18000,"￥１８,０００　(税別）",税抜,,http://charme-du-vin.com/2015/09/1311/,1311,フィリッポナー　　　　　　　　　　　　　　　　　　　　　　クロデ　ゴワセ　００,2015-09-14,1,1,
1608,アンドレボーフォール ミレジム 04,アンドレボーフォール　ミレジム　０４,9800,￥９８００（税別）,税抜,,http://charme-du-vin.com/2015/09/1224/,1224,アンドレボーフォール　　　　　　　　ミレジム　０４,2015-09-07,1,1,
1609,テタンジェ コント・ド・シャンパーニュ 05,テタンジェ　コント・ド・シャンパーニュ　０５,16500,"￥１６,５００(税別)",税抜,,http://charme-du-vin.com/2015/09/1176/,1176,テタンジェ　コントドシャンパーニュ０５,2015-09-04,1,1,
1610,テタンジェ ノクターン・スリーヴァー・ロゼ・セック,テタンジェ　ノクターン・スリーヴァー・ロゼ・セック,6900,"￥６,９００(税別)",税抜,,http://charme-du-vin.com/2015/09/1146/,1146,テタンジェ　ノクターン・スリーヴァー・ロゼ・セック,2015-09-02,1,1,
1611,エグリ・ウーリエ ブリュット トラディション グランクリュ,エグリ・ウーリエ　ブリュット　トラディション　グランクリュ,6400,"￥６,４００(税別)",税抜,,http://charme-du-vin.com/2015/08/1047/,1047,エグリ・ウーリエ　　ブリュット　　　　　トラディション　グランクリュ,2015-08-07,1,1,
1612,ポール・ロジェ リッチ ポル・ロジェ NV リッチ,ポール・ロジェ リッチ　ポル・ロジェ　ＮＶ　リッチ,4500,"￥４,５００（税別）",税抜,,http://charme-du-vin.com/2015/08/972/,972,ポル・ロジェ　リッチ,2015-08-04,1,1,
1613,アンリジロー オマージュ フランソアエマール ブリュット,アンリジロー　オマージュ　フランソアエマール　ブリュット,5500,￥５５００（税別）,税抜,,http://charme-du-vin.com/2015/07/942/,942,アンリジロー　オマージュ フランソアエマール ブリュット,2015-07-31,1,1,
1614,アンリジロー ブラン ド ブラン ブリュット,アンリジロー　ブラン ド ブラン ブリュット,4800,￥４８００（税別）,税抜,,http://charme-du-vin.com/2015/07/940/,940,アンリジロー　ブラン ド ブラン ブリュット,2015-07-31,1,1,
1615,アンリジロー エスプリ ド ジロー ブリュット,アンリジロー　エスプリ ド ジロー ブリュット,4500,￥４５００（税別）,税抜,,http://charme-du-vin.com/2015/07/938/,938,アンリジロー　エスプリ ド ジロー ブリュット,2015-07-31,1,1,
1616,ジェローム・プレヴォー ラ・クロズリー・レ・ベギーヌ Extra Brut,ジェローム・プレヴォー　ラ・クロズリー・レ・ベギーヌ　Ｅｘｔｒａ　Ｂｒｕｔ,11500,"￥１１,５００(税別)",税抜,,http://charme-du-vin.com/2015/07/887/,887,ジェローム・プレヴォー　　　　　　　ラ・クロズリー・レ・ベギーヌ,2015-07-28,1,1,
1617,ジャン・ローラン ブランドノワール 2000,ジャン・ローラン　ブランドノワール　２０００,7400,"￥７,４００(税別)",税抜,,http://charme-du-vin.com/2015/07/806/,806,ジャン・ローラン　ブランドノワール　２０００,2015-07-17,1,1,
1618,ドゥーツ ミレジム 05 ブリュット,ドゥーツ　ミレジム　０５　ブリュット,7900,"￥７,９００(税別)",税抜,,http://charme-du-vin.com/2015/07/731/,731,ドゥーツ　ミレジム　０５　ブリュット,2015-07-13,1,1,
1619,シャルルエドシック ブリュット ヴィンテージ 2000,シャルルエドシック　ブリュット　ヴィンテージ　２０００,11500,"￥１１,５００(税別)",税抜,,http://charme-du-vin.com/2015/07/699/,699,シャルルエドシック　ブリュット　ヴィンテージ　２０００,2015-07-13,1,1,
1620,ヴィルマール グラン セリエ プルミエクリュ,ヴィルマール　グラン　セリエ　プルミエクリュ,6200,"￥６,２００(税別)",税抜,,http://charme-du-vin.com/2015/07/614/,614,ヴィルマール　グラン　セリエ　プルミエクリュ,2015-07-07,1,1,
1621,アヤラ ブリュット ナチュール,アヤラ　ブリュット　ナチュール,3900,"￥３,９００(税別)",税抜,,http://charme-du-vin.com/2015/07/592/,592,アヤラ　ブリュット　ナチュール,2015-07-03,1,1,
1622,ペウ・シモネ ファン・リュー NO.1 ヴェルズネイ グランクリュ ブラン・ド・ノワール,ペウ・シモネ　ファン・リュー　ＮＯ.１　ヴェルズネイ　グランクリュ　ブラン・ド・ノワール,5800,"￥５,８００(税別)",税抜,,http://charme-du-vin.com/2015/06/576/,576,ペウ・シモネ　ファン・リュー,2015-06-25,1,2,
1623,ピノ・ノワール100% (ヴェルズネイ) NO.5 メニル・シュール・オジェ グランクリュ ブラン・ド・ブラン,ピノ・ノワール１００％ （ヴェルズネイ）　ＮＯ.５　メニル・シュール・オジェ　グランクリュ　ブラン・ド・ブラン,5900,"￥５,９００(税別)",税抜,,http://charme-du-vin.com/2015/06/576/,576,ペウ・シモネ　ファン・リュー,2015-06-25,2,2,ピノ・ノワール１００％ （ヴェルズネイ）　| 一部ビオディナミで行われる単一畑のスペシャル・キュベです。ヴェルズネイのピノ・ノワールの濃厚で凝縮された果実味が特徴的です。　| ＮＯ.５　メニル・シュール・オジェ　| グランクリュ　ブラン・ド・ブラン
1624,ペウ・シモネ フェイス・ノード エクストラ・ブリュット グラン・クリュ,ペウ・シモネ　フェイス・ノード　エクストラ・ブリュット　グラン・クリュ,4200,"￥４,２００(税別)",税抜,,http://charme-du-vin.com/2015/06/572/,572,ペウ・シモネ　フェイス・ノード　　　　エクストラブリュット　グランクリュ,2015-06-25,1,1,
1625,ブルジョワ・ディアズ プルサン ムニエ,ブルジョワ・ディアズ　プルサン　ムニエ,6700,"￥６,７００(税別)",税抜,,http://charme-du-vin.com/2015/06/570/,570,ブルジョワ・ディアズ　プルサン　ムニエ,2015-06-25,1,1,
1626,フランク・パスカル ルリアンス ブリュット ナチュレ,フランク・パスカル　ルリアンス　ブリュット　ナチュレ,6700,"￥６,７００(税別)",税抜,,http://charme-du-vin.com/2015/06/568/,568,フランク・パスカル　ルリアンス　ブリュットナチュレ,2015-06-25,1,1,
1627,ヴァンサン・クーシュ エクリプシア ブリュット,ヴァンサン・クーシュ　エクリプシア　ブリュット,4900,"￥４,９００(税別)",税抜,,http://charme-du-vin.com/2015/06/566/,566,ヴァンサン・クーシュ　エクリプシア　ブリュット,2015-06-25,1,1,
1628,ヴァンサン・クーシュ ミレジム02,ヴァンサン・クーシュ　ミレジム０２,6200,"￥６,２００(税別)",税抜,,http://charme-du-vin.com/2015/06/563/,563,ヴァンサン・クーシュ　ミレジム　２００２,2015-06-25,1,1,
1629,ドゥーツ キュヴェウィリアム 2002,ドゥーツ　キュヴェウィリアム　２００２,14800,"￥１４,８００(税別)",税抜,,http://charme-du-vin.com/2015/06/526/,526,ドゥーツ　キュヴェウィリアム　２００２,2015-06-25,1,1,
1630,ダヴィド・クートラ キュヴェプレステージ,ダヴィド・クートラ　キュヴェプレステージ,4600,"￥４,６００(税別)",税抜,,http://charme-du-vin.com/2015/06/524/,524,ダヴィド・クートラ　キュヴェプレステージ,2015-06-25,1,1,
1631,クロ・カザルス ブランドブラン 04,クロ・カザルス　ブランドブラン　０４,13800,"￥１３,８００(税別)",税抜,,http://charme-du-vin.com/2015/06/522/,522,クロ・カザルス　ブランドブラン,2015-06-25,1,1,
1632,アンドレ・カジャール ブランドブラン 07,アンドレ・カジャール　ブランドブラン　０７,6900,"￥６,９００(税別)",税抜,,http://charme-du-vin.com/2015/06/493/,493,アンドレ・ジャカール　ブランドブラン,2015-06-25,1,1,
1633,ボーモン・デ・クレイエール 1998 1.5L ※マグナムボトル,ボーモン・デ・クレイエール　１９９８　１.５Ｌ　※マグナムボトル,13800,"￥１３,８００(税別)",税抜,,http://charme-du-vin.com/2015/06/453/,453,ボーモン・デ・クレイエール　１９９８　１.５Ｌ,2015-06-18,1,1,
1634,ミッシェル・ゴネ エクスクルーシブ・ヴィンテージ 1998 ブランドブラン エクストラブリュット,ミッシェル・ゴネ　エクスクルーシブ・ヴィンテージ　１９９８　ブランドブラン　エクストラブリュット,6900,"￥６,９００(税別)",税抜,,http://charme-du-vin.com/2015/06/448/,448,ミッシェル・ゴネ　エクストラブリュト　１９９８,2015-06-15,1,1,
1635,ブルーノ・パイヤール ル・メニル 1990 ブランドブラン グランクリュ,ブルーノ・パイヤール　ル・メニル　１９９０　ブランドブラン　グランクリュ,23000,"￥２３,０００(税別)",税抜,,http://charme-du-vin.com/2015/06/446/,446,ブルーノ・パイヤール　ル・メニル　１９９０,2015-06-15,1,1,
1636,ピエール・ジモネ ブランドブラン ブリュット,ピエール・ジモネ　ブランドブラン　ブリュット,3800,"￥３,８００(税別)",税抜,,http://charme-du-vin.com/2015/06/443/,443,ピエール・ジモネ　ブランドブラン　ブリュット,2015-06-15,1,1,
1637,エグリ・ウーリエ ブリュット ヴィーニュ・ド・ヴリニー,エグリ・ウーリエ　ブリュット　ヴィーニュ・ド・ヴリニー,6900,"￥６,９００(税別)",税抜,,http://charme-du-vin.com/2015/06/435/,435,エグリ・ウーリエ　ヴィーニュ・ド・ヴリニー　ブリュット,2015-06-15,1,1,
1638,セドリックブシャール アンフロレッサンス,セドリックブシャール　アンフロレッサンス,8800,"￥８,８００(税別)",税抜,,http://charme-du-vin.com/2015/06/421/,421,セドリックブシャール　アンフロレッサンス,2015-06-11,1,1,
1639,アグラパール ミネラル エクストラブリュット 08,アグラパール　ミネラル　エクストラブリュット　０８,8000,"￥８,０００(税別)",税抜,,http://charme-du-vin.com/2015/06/418/,418,アグラパール　ミネラル　エクストラブリュット　０８,2015-06-11,1,1,
1640,アグラパール 7クリュ ブランドブラン,アグラパール　７クリュ　ブランドブラン,4400,"￥４,４００(税別)",税抜,,http://charme-du-vin.com/2015/06/416/,416,アグラパール　７クリュ　ブランドブラン,2015-06-11,1,1,
1641,ドラモット ブリュット,ドラモット　ブリュット,3700,"￥３,７００(税別)",税抜,,http://charme-du-vin.com/2015/06/379/,379,ドラモット　ブリュット,2015-06-06,1,1,
1642,アルマンドブリニャック ブリュット,アルマンドブリニャック　ブリュット,28000,"￥２８,０００(税別)",税抜,,http://charme-du-vin.com/2015/06/365/,365,アルマンドブリニャック　ブリュット,2015-06-06,1,1,
1643,シャンドン ブリュット サマーボトル,シャンドン　ブリュット　サマーボトル,2200,"￥２,２００(税別)",税抜,,http://charme-du-vin.com/2015/05/326/,326,シャンドン　ブリュット　サマーボトル,2015-05-30,1,1,
1644,ジャニソン・バラドン ヴァンドヴィル 1.5L,ジャニソン・バラドン　ヴァンドヴィル　１.５Ｌ,10500,"￥１０,５００（税別）",税抜,,http://charme-du-vin.com/2015/05/285/,285,ジャニソン・バラドン　ヴァンドヴィル　１.５Ｌ,2015-05-25,1,1,
1645,ヴィニョーブル・ギョーム ヴァルス・ローズ ロゼ,ヴィニョーブル・ギョーム　ヴァルス・ローズ　ロゼ,2200,"￥２,２００（税別）",税抜,,http://charme-du-vin.com/2015/05/261/,261,ヴィニョーブル・ギョーム　ヴァルス・ローズ　ロゼ,2015-05-23,1,1,
1646,ヴィニョーブル・ギョーム セデュクション,ヴィニョーブル・ギョーム　セデュクション,3200,"￥３,２００（税別）",税抜,,http://charme-du-vin.com/2015/05/258/,258,ヴィニョーブル・ギョーム　セデュクション,2015-05-23,1,1,
1647,ヴィニョーブル・ギョーム ブリュット アンシャンテ,ヴィニョーブル・ギョーム　ブリュット　アンシャンテ,2200,"￥２,２００（税別）",税抜,,http://charme-du-vin.com/2015/05/254/,254,ヴィニョーブル・ギョーム　ブリュット　アンシャンテ,2015-05-23,1,1,
1648,ピエール・モンキュイ ブランドブラン 1.5L ※マグナムボトルです※,ピエール・モンキュイ　ブランドブラン　１.５Ｌ　※マグナムボトルです※,7700,"￥７,７００（税別）",税抜,,http://charme-du-vin.com/2015/05/239/,239,ピエール・モンキュイ　ブランドブラン　１.５Ｌ,2015-05-23,1,1,
1649,ローズ・ド・ジャンヌ コート・ド・ヴァルヴィレーヌ 12,ローズ・ド・ジャンヌ　コート・ド・ヴァルヴィレーヌ　１２,9900,"￥９,９００(税別)",税抜,,http://charme-du-vin.com/2015/05/173/,173,ローズ・ド・ジャンヌ　コート・ド・ヴァルヴィレーヌ　１２,2015-05-22,1,1,
1650,ル・ブリュン・セルヴェネイ ブリュット・セレクション,ル・ブリュン・セルヴェネイ　ブリュット・セレクション,4200,"￥４,２００(税別)",税抜,,http://charme-du-vin.com/2015/05/170/,170,ル・ブリュン・セルヴェネイ,2015-05-22,1,2,
1651,ル・ブリュン・セルヴェネイ ブリュット・ミレジム VV 05,ル・ブリュン・セルヴェネイ　ブリュット・ミレジム　ＶＶ　０５,5600,"￥５,６００(税別)",税抜,,http://charme-du-vin.com/2015/05/170/,170,ル・ブリュン・セルヴェネイ,2015-05-22,2,2,
1652,ポール・ベルトロー ブラゾンドール,ポール・ベルトロー　ブラゾンドール,3800,"￥３,８００(税別)",税抜,,http://charme-du-vin.com/2015/05/135/,135,ポール・ベルトロー　ブラゾンドール,2015-05-22,1,1,
